10000	5
-3.58135	0.645466	47.2198	-15.627	28.3715	13.6887
21.7307	40.3439	14.1621	-23.455	-30.5231	15.9475
5.65355	36.5322	22.6951	-13.2527	0.148015	16.9044
-26.3024	-29.461	1.30772	-26.2139	26.0186	-1.93272
18.2821	-29.2505	47.1984	1.39317	-17.1224	1.45154
-27.8375	-44.821	47.2228	16.7257	14.6382	-2.24687
21.6849	-11.9984	7.30766	2.7604	-18.1722	-0.758132
21.7399	0.508133	29.1986	16.6402	-21.7521	17.7152
38.171	24.5201	16.1061	-7.48466	-49.4598	17.4365
42.3643	36.1507	-3.78582	-5.76647	8.08283	12.2317
-34.7743	-19.5059	-23.7144	8.98618	-33.9534	-1.44592
33.2301	-44.9736	-45.6755	8.19269	3.7431	1.16151
-41.7112	-16.8935	-42.8861	-1.73803	9.65453	-1.76969
47.8912	35.2535	-40.8963	3.29752	-47.2991	-4.0697
20.7999	30.8161	18.1356	-26.8365	-0.15717	10.0125
-33.6695	11.8122	36.9716	37.402	-23.693	9.94758
-14.7755	-7.16117	-16.9424	-25.2678	-41.8302	12.2295
46.0875	-23.2139	23.9677	46.7498	-11.1042	13.274
-29.4122	32.3115	-16.8569	3.46843	31.5882	17.8471
7.23136	-31.576	-33.871	42.1842	17.3971	14.4253
-1.02084	30.5506	-37.0968	-33.3827	-42.8098	8.64837
18.1753	-26.4061	32.8089	7.01468	-5.96789	10.738
-41.4884	-24.8619	-14.9556	-44.0031	-48.9593	3.16641
-37.5332	27.7367	15.6667	3.55998	26.1773	11.0637
25.3563	-1.05747	-1.84484	-9.4409	43.3561	4.53848
44.5036	-36.227	-16.1275	1.70751	28.2189	12.8937
15.4378	-16.8355	-47.0977	-8.33003	-18.8375	-0.284601
-3.97198	49.2126	2.9313	32.2047	32.4	15.4514
39.7916	27.6391	-17.7755	-30.5109	-11.6565	14.7459
38.5983	-28.9483	-36.9411	-48.1109	41.9706	10.2447
-1.36265	8.0401	11.2842	48.1628	24.8039	16.2118
1.75939	-5.86718	-34.3959	0.477615	12.7857	5.71054
-19.2831	45.4985	45.9593	8.57723	33.5536	2.92479
-44.3785	41.9095	45.0499	41.1893	11.4429	6.89027
48.6511	-28.8202	16.8996	42.4955	19.4021	14.9071
-48.233	42.9044	22.3045	23.101	-38.5098	13.176
0.688192	39.8648	42.4162	-46.6277	-21.9077	-0.910569
40.875	-37.4294	-45.1994	-6.20289	16.805	-0.49661
16.625	-5.81225	29.8029	-30.0501	2.81228	-0.901635
11.4307	12.5385	32.5861	39.6023	-44.6959	-1.52574
33.2453	-31.6553	-25.9728	20.8609	48.233	-3.92953
33.9473	9.03195	30.0073	49.6277	29.4061	-1.71496
-34.6889	8.3758	47.293	14.8457	43.4141	8.7278
-38.3847	-47.5372	22.0298	1.61596	4.20392	-2.92095
3.79803	38.7478	15.2669	43.9238	26.4183	17.481
-5.82141	33.1965	-24.8466	-35.4183	23.3665	17.8545
-3.18155	-15.9505	-21.3706	38.8943	37.5637	17.1589
18.7674	46.7986	-12.0533	18.2302	27.8588	10.1973
-37.463	22.8172	33.9442	19.9484	-32.0063	-3.98652
-36.9716	38.2809	47.8332	14.2079	-22.805	17.6947
10.2252	-29.8975	-11.2873	-37.2951	27.5811	9.98315
-6.53859	1.16428	-48.5931	-37.582	48.7915	1.58499
-32.4488	19.3899	-35.7295	4.15815	-16.2832	1.16466
28.9789	46.6002	-32.1467	28.7378	-18.9108	12.0752
42.2361	-15.389	-11.2049	6.08081	43.3714	15.7238
-21.9321	42.2208	-28.8385	-8.22016	42.7061	-4.12738
-3.74004	32.5709	34.814	38.2717	16.2435	10.3434
10.5823	12.8681	-10.097	37.7529	15.4958	-0.460399
-6.07166	47.0183	2.41859	2.71767	20.7938	-3.33016
4.12763	8.00348	-14.9007	-13.3839	36.7031	16.5361
13.3106	-19.4174	4.41145	-44.8332	-11.3269	1.18996
23.3604	-13.8966	30.224	-47.4914	16.6066	17.2097
-3.18766	-7.44804	-15.3188	-45.0255	-0.0900296	5.40708
-39.9045	-42.7915	-5.09812	-41.4457	-4.03912	12.2381
-26.9799	0.914029	9.29441	-49.8749	-46.704	-3.80758
46.0326	-26.6564	-11.9129	-35.8974	-5.60167	12.6255
21.2119	-40.4874	22.9087	44.2686	-43.7529	-1.22236
10.0635	-24.4224	-40.5576	32.7723	-10.4816	6.37681
-15.4683	-32.6411	-25.6005	-40.6858	18.6544	9.94052
-48.1445	8.18354	-47.4029	-14.4337	18.8131	2.57317
-19.805	-10.0208	-3.05948	-37.2341	-31.7988	13.8382
4.04523	7.41447	12.6331	-42.9991	-24.2119	12.1307
17.7755	-15.3706	-7.89361	36.1171	-16.9576	13.5485
20.5985	-22.6402	35.4518	16.036	39.7488	14.8032
32.1314	34.695	27.0837	-17.9586	-26.3176	6.07826
20.5527	-9.51109	-28.7164	40.4141	-1.58238	17.7481
-21.6117	-23.9097	21.4652	-34.0663	-47.3998	14.2792
-3.21512	8.47652	20.3177	-44.8759	-43.5514	7.35333
34.9818	2.60781	-12.1174	24.1813	19.1549	15.9549
31.9666	22.3502	48.6694	-24.5109	33.1202	16.4948
29.7021	30.3156	11.0553	10.1093	-27.9229	-1.23011
9.88952	-28.0633	-30.5506	45.6206	1.95776	17.7071
-44.4853	45.822	15.8712	-48.8708	-45.8342	3.42791
33.4193	36.2178	39.3185	46.057	-23.8792	4.86918
-10.0848	22.0481	-1.39012	19.5456	46.4263	8.43397
22.0542	0.32197	-21.8589	-27.4071	-41.8119	1.4566
-13.506	20.4703	-10.6494	37.8079	-25.4479	15.1137
25.75	14.565	-9.22422	-25.4448	14.8305	3.85779
-17.394	-26.8059	-9.47447	8.69625	-18.6544	-1.11902
18.9627	-21.7765	17.6473	-2.87027	-32.6594	12.6227
-24.9962	14.2506	8.39106	44.5982	-32.6563	3.10462
-6.77664	18.5293	27.8893	11.7115	-28.6523	15.8883
-31.341	-30.5078	-25.634	30.5383	20.8914	15.4617
9.51415	5.75426	-42.7763	-47.293	-44.8088	17.8309
15.0563	-18.8772	-46.8688	-45.0591	-39.4009	-4.02697
-33.4376	-38.7417	45.2361	21.6941	-40.5332	0.0198176
37.8048	-1.53661	-32.4793	43.1303	10.2802	0.478139
49.9115	-11.2262	5.90075	-17.568	31.9452	12.0858
7.5457	-26.0887	48.5656	-6.45314	31.225	-0.95175
11.98	3.34941	33.3552	-34.0876	45.7701	-4.09658
-12.1937	24.2607	-44.9126	8.39717	-37.991	8.37892
-42.2269	-40.9696	-35.4366	45.1903	-13.7837	5.66111
40.7468	15.3523	13.8325	-9.09604	-26.0796	-2.25866
36.8068	-1.55797	-45.584	38.6044	-44.5555	13.726
-30.4834	-34.8994	20.1773	13.7928	-46.5606	14.2247
31.9391	-22.6981	29.0796	-31.1243	37.8658	15.2194
-5.58641	-1.75329	24.279	9.71862	-15.5782	-1.50286
-47.6623	-32.8272	32.8852	-42.7732	13.4663	16.7154
25.8324	-11.1866	19.689	-42.6115	33.932	16.4563
43.527	22.6463	34.9544	-21.1447	-34.8323	6.31535
20.6656	-44.6409	-35.7295	-1.13071	-39.9289	-3.77923
-15.4378	27.5567	-23.1285	-39.0378	-38.2595	-0.284601
2.7543	-7.7868	8.75423	-12.862	-30.3369	17.4696
13.9363	20.9525	-15.7369	-20.3207	-27.9077	-2.93598
4.72579	-10.3442	-0.984222	-9.45006	-29.0582	-3.49515
-26.693	-40.0632	-4.20392	20.2628	42.8678	7.65325
-39.3704	-20.1498	-33.0836	34.7774	4.326	12.6182
45.3825	15.8376	45.4314	18.2974	11.1927	-0.319228
-41.2992	5.49791	43.3836	6.18458	4.57015	-4.1299
-49.4446	34.637	29.9097	10.6983	-8.89157	11.1861
-36.288	7.84783	29.1864	35.1588	-36.3124	-3.06141
19.57	35.0673	-33.5566	6.81936	27.8253	-3.15113
-48.5382	31.4753	-44.0062	-13.2344	37.4447	-0.918604
38.4426	-19.5791	-42.6023	-45.8129	21.2241	17.2493
-23.8273	8.35749	-24.8711	-28.4936	-17.7084	5.97148
30.1996	-44.3907	-7.76238	32.9859	41.2503	14.5664
27.8069	-24.5659	36.5902	13.2221	36.3948	17.4497
-42.3948	21.9291	-5.34837	-19.2679	-44.2289	17.4157
42.6695	-39.6664	-20.9342	37.3196	-19.6921	5.42994
-35.1527	20.452	26.7296	36.4315	28.3044	-2.28183
19.982	2.39418	-45.175	32.458	42.9838	2.26169
-13.448	-35.8669	-44.705	13.7623	-18.4622	-3.9561
-18.3676	22.2098	-25.454	-44.5677	-31.2677	-1.52969
1.90893	10.2618	30.2728	-21.0685	25.1946	17.8657
4.7441	-24.1142	-11.2995	-45.3185	44.0153	14.032
-37.4264	-47.9492	-16.3533	32.2748	-24.3583	9.15118
-30.6482	-7.89666	36.1873	45.0285	11.0157	-0.881414
38.2015	23.1315	-6.95975	-13.3106	13.1367	1.47389
9.02585	-46.5514	0.621052	37.6492	-18.685	15.6934
-35.0826	-16.2862	28.2342	12.8285	-7.95465	7.92018
43.0296	11.2232	32.0276	-22.9942	19.2557	11.2964
12.8407	-34.6248	-24.9596	-7.17032	3.34941	7.29354
17.3696	-23.1925	29.3115	23.4336	3.89874	12.9488
-29.1803	4.62813	-29.0765	4.56099	49.0051	10.9793
0.862148	-23.986	49.5331	8.57723	13.1214	6.00013
43.0662	6.6332	-46.6735	-41.7905	-12.8651	16.0844
-15.7521	47.4425	25.6676	43.3866	15.6331	-3.55101
24.9779	-38.2015	-22.5852	40.3409	8.13776	12.7387
27.3766	-25.2403	48.3215	37.4783	19.5486	14.5122
37.5546	2.3484	-32.8944	-1.31687	-33.4071	14.0681
4.38704	28.0969	10.6769	-43.1578	21.5323	12.9658
13.1581	45.4253	-15.4256	37.1487	-14.275	-2.09293
22.0328	14.1926	42.8129	-33.3949	41.4212	-4.12837
2.95572	36.7397	1.26499	-3.07779	31.637	4.3392
44.2259	-39.0835	-16.4571	39.3094	25.8385	15.1262
-19.4784	-3.55998	-9.65453	-11.1194	-13.1611	17.3957
-40.6888	-48.2116	-32.1528	19.6066	-26.7113	-3.81891
9.16623	-10.5884	-0.9476	26.9524	-1.07883	10.3297
-12.3768	42.7976	-41.8851	-14.4002	-15.0685	-0.53108
-14.6992	7.99127	-38.168	4.64644	2.96793	-0.801088
-41.6593	-0.65157	30.4773	-1.95166	-7.68303	-1.78579
29.049	-21.2516	44.4517	-30.52	-21.6788	10.7312
-1.03	48.5961	-44.2228	43.7346	-31.6919	6.35948
28.4356	-1.0239	27.1447	-4.326	-36.2575	-0.407568
-9.75219	13.4754	0.959807	20.8609	2.52235	7.09287
18.1753	-14.861	4.92111	46.2035	-17.4551	10.738
-43.2188	42.8068	32.9005	45.0377	30.6574	-3.81074
49.8321	-12.1998	-33.3399	-35.9859	-16.6189	-3.6614
1.29551	38.6135	46.2157	36.5841	-39.5291	-4.12916
-49.7497	7.26188	-24.8833	-48.8586	45.5687	0.173836
-39.053	-29.6533	-29.0216	46.2279	48.1811	-4.10624
31.8506	44.4334	-30.633	-3.89874	-7.51823	2.7582
-19.9942	18.2394	-41.3022	49.1241	-39.4436	-4.06377
-26.1986	-45.5382	12.1876	7.22831	-34.5454	-3.14416
-33.2789	-32.931	7.63115	48.9776	22.338	6.48966
0.627155	48.9074	-30.1874	14.3147	-4.19172	4.54828
46.3164	39.8526	-16.0115	47.5951	7.94244	10.6453
5.79394	28.4234	3.3311	26.1589	37.2524	10.9426
48.5992	-19.3747	36.4772	12.6911	4.07575	0.87818
-34.1121	34.4081	31.3684	-10.2924	46.6643	-2.28565
-9.04416	29.3603	0.0717185	-19.1092	-42.645	6.05044
27.7978	-2.81228	-43.8169	-0.285348	-8.49788	-1.43126
47.2106	42.2971	-45.8525	26.0399	41.6776	1.01982
-10.155	43.054	-8.57723	-31.0358	-21.5079	17.4692
43.1333	-39.4864	-48.4558	-32.3847	45.8159	-0.455714
0.294504	14.7084	-47.3052	0.669881	4.09101	17.683
2.33924	-19.5639	-17.5375	-47.0733	5.4033	5.44975
25.8477	-27.5323	34.0876	18.7399	-15.6667	16.1368
-5.33616	-4.96994	-8.18659	-18.0197	-2.58034	12.8694
-39.2087	-10.9821	-42.9136	21.3584	-7.02078	8.23266
25.2007	16.1458	43.9177	18.4866	-8.02179	17.3365
17.3513	41.345	6.08081	40.5271	-15.2333	15.5247
-41.3236	18.9505	36.4223	6.30055	28.3563	1.07651
21.3462	-47.8301	18.5598	28.0938	-32.5251	5.08489
13.094	31.7804	18.6392	-49.2645	-37.8903	4.55787
-2.1012	-47.9675	41.406	-40.8628	-25.0694	1.86451
-8.97702	-9.04416	-19.3564	-9.27	30.1935	-3.45225
31.109	35.0551	-40.6613	-40.4843	45.6999	8.30272
-40.4172	-47.055	-39.0957	43.5423	14.1438	-3.55556
-17.3208	-21.63	10.4144	37.9574	-8.71761	-3.44509
-47.5249	-31.7743	-15.5324	10.8509	-40.347	17.2723
19.5822	0.221259	-11.2934	47.0214	5.78478	-2.71199
-36.7061	34.6095	3.34635	-43.527	46.9512	13.2277
-7.68609	-43.2279	-41.0459	24.0654	-11.272	-4.08445
39.9106	25.4173	-21.9474	-36.2972	12.9383	-1.5215
-13.9027	35.8303	33.6238	-14.6443	-13.4358	14.8214
-11.5284	-8.10724	26.989	17.217	15.215	17.5492
-0.502029	8.84579	-46.8505	-23.6229	-31.3135	13.5794
-35.4732	32.4793	-9.12961	-7.01773	12.7461	17.583
-48.7274	-36.1171	26.5801	31.5943	3.22123	-4.12995
-19.5822	-33.7184	25.219	42.1415	30.2423	-2.71199
39.1354	-26.5099	-4.53047	-20.0827	48.8037	6.6842
5.30259	6.85293	-42.4528	-16.1092	-13.8722	-3.28787
35.9615	-34.1914	41.3053	-39.523	-6.34022	-4.03697
-11.0492	-32.2535	39.8404	40.6522	9.3646	8.74502
-27.459	-23.2383	27.7245	-0.657674	14.8396	17.5247
15.7094	5.7268	3.65154	18.392	-38.7295	17.2497
-16.6066	-21.4286	16.9546	-45.5931	-38.8638	16.6139
2.97708	-16.4876	-2.69021	18.9627	27.1447	-0.246992
46.4049	17.5192	-13.4083	-25.1549	45.4741	-3.87492
11.9404	-26.0582	-35.5739	31.4173	-38.6471	15.6148
-9.91394	-35.5892	-38.6135	-43.9329	28.8171	7.84251
49.3469	-5.96179	23.3085	48.9227	-28.576	7.15938
37.0785	-2.98318	27.3217	13.5945	-49.4873	-4.11916
20.6565	13.2008	39.7	-41.3175	23.6106	17.3621
-38.8058	7.34123	-25.8232	-38.1008	-28.1365	6.6928
-40.9482	-13.1672	-36.2606	17.4612	-42.584	-3.13759
20.8548	-29.397	-18.7948	-20.2383	13.2649	17.2142
14.4551	-11.8274	38.0398	16.7348	21.6971	-3.93838
-44.1313	39.526	-20.0247	-15.4683	42.703	-3.79735
-46.0112	8.77865	-9.67895	22.3869	2.90078	-0.0630871
-39.1446	49.5636	-37.5149	36.3491	-22.4052	1.60433
13.155	35.168	13.274	5.83972	19.5181	-2.83533
38.3023	-49.3347	12.8437	-37.7621	-44.9522	-0.666242
-42.7	47.5311	18.8437	30.0348	17.6931	8.88112
-48.88	31.3135	-9.72472	41.8638	-29.6442	14.0187
-20.983	-11.0675	46.5606	-23.6564	34.6217	2.4937
0.0473037	-16.4724	42.2086	43.6491	42.3887	17.87
-19.5029	-17.3482	18.273	-39.4925	10.4877	17.681
8.56807	-13.9607	41.1802	-44.9644	-0.209052	9.05575
-15.9597	-6.72475	-22.9698	49.1668	39.2758	1.12497
-30.7306	-31.2983	-18.9932	25.7134	-43.5423	4.70464
-9.5233	-2.88858	38.7967	16.0421	-33.7733	13.349
-46.5697	-22.1	-1.83569	-49.3591	20.5344	15.8702
-22.5303	11.0797	34.2494	30.9778	-22.6218	16.2757
-27.4834	1.78991	-33.2759	-26.8151	21.4316	-3.23227
9.5172	-10.271	36.9137	18.1814	-2.92215	17.1107
-31.2159	48.9227	11.3697	-0.410474	5.83361	3.15969
31.5851	-0.636311	-24.4774	14.7542	25.3166	8.86098
-35.3267	16.0482	-44.1191	-2.38197	9.33714	1.74115
-48.5626	-20.745	25.7622	-30.633	20.1865	4.24871
-20.1804	43.7193	36.4589	16.4052	17.6412	11.9818
-6.02283	-34.9879	-18.7796	6.31275	-25.1213	-1.89818
-7.32292	-46.2981	22.6249	24.0745	-47.5433	14.2487
47.0031	40.6613	28.7347	4.56099	-34.7102	-1.18781
43.4324	3.15714	-33.8954	27.1966	15.1692	12.8429
24.3736	-33.2087	11.2354	-32.5739	-33.6177	0.120752
8.68709	-10.9882	2.05542	23.6656	-41.7905	-0.442137
-38.3206	-35.7326	-35.4549	48.5199	-34.6126	13.3742
-11.1713	5.09812	20.3085	-38.7173	-7.4572	7.48978
44.1557	-20.7297	-24.2973	16.1824	-49.9023	3.21243
-1.75329	6.19373	-31.0968	40.0204	42.2361	10.15
-41.0276	-21.6117	41.876	44.3876	33.4773	6.72183
-0.285348	-19.689	11.0889	19.5639	-13.8112	17.7152
-23.2871	-15.7125	23.0918	-24.8131	4.1551	-1.91639
39.1568	-14.6168	-7.82037	-12.157	45.2361	5.97594
12.3249	26.0277	-8.2934	-30.8191	-21.4072	2.67766
-21.2943	-18.2608	47.2472	22.7622	42.5687	14.2107
6.72475	5.58947	-1.19175	8.25678	-13.036	16.969
-43.408	-0.276193	-43.582	-48.3489	49.2553	17.1947
18.8009	36.343	15.4897	1.82043	-35.7662	16.1119
-15.4012	35.1955	-5.2385	-7.30461	-13.1001	-2.80104
36.523	-47.7538	-22.5455	36.1843	-47.6043	5.00874
-9.81933	-23.3055	-9.82543	-37.1639	-41.0001	-3.40379
17.6626	-18.5629	-22.7744	-40.6858	-37.7499	-3.92473
-16.8844	49.6124	-41.4853	-30.3247	-16.5365	7.65407
-32.3603	-13.509	21.8009	-27.7337	5.73595	13.29
38.5678	26.8365	-7.66167	-16.8233	-36.1995	-0.560989
-33.0592	-40.8567	17.6595	-33.2392	5.43077	9.43173
1.75329	15.0227	0.886563	19.1488	28.1518	10.15
-14.2964	-18.4164	-28.3258	-31.8445	28.5974	2.64062
-2.80923	-7.01773	-3.05643	-27.0959	45.8861	-4.10586
-18.8528	-7.60674	18.63	-23.2719	-8.22321	-2.99603
29.342	-33.6726	-37.0907	30.7428	-36.1476	15.4864
-23.2627	-14.6413	15.8559	10.7013	-49.0905	6.17632
-45.1811	23.1315	-32.9096	-28.5028	-49.4568	16.2188
-16.7714	-14.1774	-4.22834	3.69427	43.7193	-1.01759
-49.0143	41.0398	3.60881	-37.2036	-40.6705	4.6744
-46.942	-44.9522	-49.9237	-39.6146	-1.89673	4.60429
-35.4793	20.0583	-41.4396	-30.7367	-16.1367	-3.48231
-26.0735	30.2271	47.6409	-10.8509	-24.6971	-4.10947
-41.0306	9.05332	23.0857	35.5617	42.1842	-4.06486
16.8722	-20.9799	-25.6737	-27.9992	-8.39717	7.31614
-45.352	-29.1772	43.8292	-2.12256	-46.4019	10.399
-28.3715	-4.50606	39.4192	-37.0144	-29.461	14.7577
30.2362	2.66884	-14.9464	26.1071	26.5618	2.6648
39.6634	-48.9441	32.4915	-11.8427	30.7764	-3.99616
-4.4969	9.27915	36.99	17.9922	18.8498	-0.12786
25.8538	2.64443	49.3103	16.8081	25.9697	12.1057
11.1316	24.8833	4.39619	-31.8506	26.1895	9.63098
-14.4398	12.8132	47.5249	46.2828	34.4447	-3.86919
-12.6972	14.7237	10.3656	32.0551	-35.873	-4.10801
-42.4986	15.5843	-44.2289	-45.2483	-39.346	-2.66004
-0.0167852	-35.8486	15.389	9.88952	-6.58742	17.87
-43.2463	30.0226	-44.7447	-10.2924	-29.8944	7.28128
-14.977	-0.202948	43.2707	0.416578	-36.4956	4.15799
28.9911	43.2157	-6.33717	37.5179	46.6643	8.10342
-31.8384	-6.27003	-13.7776	32.9463	-25.1762	-2.86646
-10.8814	18.1753	-10.0452	23.5099	48.9654	-3.56516
25.8293	-9.22727	-6.34938	-11.092	-49.6094	15.3004
-2.62001	-7.47551	-42.5077	-14.8518	-36.8465	3.15583
10.2313	-16.3167	-4.58541	-14.4185	24.1081	-2.36805
-23.8609	-16.8233	24.752	5.67186	14.8915	13.3491
-25.3838	-46.6582	33.2301	25.9911	-41.4029	2.7054
-46.353	-36.7153	-20.159	-45.7518	27.2942	8.72491
-36.1629	3.73699	35.7997	33.3125	-37.2585	6.00141
49.3103	-7.28019	20.1102	14.2323	5.48875	-1.11329
-46.6063	-32.9463	36.7031	-2.41859	-49.6551	3.76911
1.21921	24.9596	-36.8862	-44.7722	4.96994	16.3225
-10.0513	45.0621	-38.3663	-20.0034	29.2077	-4.0457
-6.93228	43.9085	-16.6005	-18.9535	13.332	0.849212
-29.9646	1.48167	-34.3043	-42.291	-3.20292	8.83861
-23.1254	-33.5383	-7.26188	25.2159	-45.4283	3.37902
-45.938	39.1415	44.5463	-37.4203	7.23136	9.47306
22.4723	42.8159	-7.27103	32.7601	25.5272	6.14578
12.1113	-2.69326	38.0703	-16.8691	26.7235	8.96108
-32.8272	-40.5667	9.9292	22.2556	6.89261	5.35464
-0.972015	1.82043	-46.1608	-27.401	-26.1681	17.1778
1.63427	-38.4243	-11.8183	29.6411	-30.285	17.7595
21.337	5.38194	23.1803	49.9817	9.01975	14.9233
23.4947	25.5547	-27.8558	-43.5667	34.2586	-0.344783
-49.9237	-19.3197	26.8914	7.54875	-42.3338	12.3934
31.1701	-11.3483	-16.4541	42.8861	44.6623	-3.72717
14.3666	-13.0573	-46.2218	-39.3399	-15.4134	16.4655
28.8568	48.6297	-20.6198	23.5282	12.0869	-3.06971
42.7305	33.871	45.175	5.27512	48.3642	-3.48333
-17.3421	37.8597	1.67089	-38.9737	-36.4772	-2.20975
-34.5515	28.0755	-4.9028	-0.984222	13.2649	-3.38818
19.6066	22.0145	-5.61693	-43.1791	25.9239	17.1197
14.153	18.4835	-18.4042	-35.5068	47.4761	14.8099
8.33613	31.8384	-13.4144	-33.9228	-12.0563	-2.78359
16.6555	-28.4417	-38.1954	41.9706	-48.5656	-3.66336
15.1173	-27.9809	34.9574	-37.2799	27.1142	-3.28234
48.645	16.6494	34.7285	4.57625	1.63427	6.61254
4.08795	25.5547	-4.48164	-30.0012	-18.9077	-1.61566
31.2616	19.2282	23.4581	5.7329	25.9178	-4.06011
-41.3877	47.9125	-33.5475	-44.232	-9.75829	4.9016
17.8121	-22.5547	15.5965	-32.3054	8.58028	14.9698
-46.0997	-14.5405	23.8975	-47.8179	-42.2239	2.46646
-44.0977	7.9577	-10.9943	-45.3093	19.7653	16.931
22.2831	19.1275	-27.4163	-41.2931	-24.5598	0.343907
6.1388	2.74819	2.61391	16.512	36.6451	10.2512
33.8801	-10.0635	-33.5078	-11.4917	-40.2554	17.6113
7.18863	12.4104	11.0767	-48.8617	35.6075	-3.82112
-20.275	-29.6258	32.6807	-16.7928	48.7304	-3.68966
-37.4935	-44.8546	30.3186	30.4559	48.3551	-3.67051
3.94452	-33.3247	-32.1619	12.6362	34.3165	-1.05318
48.2971	-22.338	0.578326	-26.0704	-47.8454	-3.89955
-1.04831	35.1802	-16.4907	-43.1181	-36.5474	1.83617
-31.6797	16.0665	27.5292	-46.2035	-31.2464	17.8378
-34.6126	32.5709	-35.0063	0.144963	44.4365	-3.71783
-28.7317	34.8537	-7.71966	-15.7796	39.5077	3.35377
-41.0154	-41.4548	-6.16932	12.2089	-43.9817	12.4682
-37.1456	-27.7886	-29.4885	-1.40233	-10.921	5.5529
12.331	-48.2147	-24.1508	16.1611	-11.6565	-4.08452
-49.3957	2.9313	-47.9858	-33.6024	48.8433	14.7249
43.2432	29.342	29.6991	2.99844	-41.0245	17.243
16.4754	-41.5616	-33.1477	-44.3693	46.4049	17.7385
-44.7264	-22.3685	36.0561	17.0675	-43.115	2.09101
-16.277	29.7143	-33.9076	22.335	42.1842	1.82027
12.7766	-26.9646	38.7814	-35.9676	-15.3676	17.2683
-7.69219	35.2229	35.5831	16.4998	-30.108	5.57731
44.8515	-6.19068	37.6949	46.9695	6.68508	11.572
-15.981	-24.7307	3.56609	47.0763	-22.2007	-3.95648
12.5568	45.4131	31.7164	-20.5161	-17.7084	7.51987
-12.9688	28.7866	-0.779748	-40.054	34.2921	16.8697
-26.1315	20.7511	-27.1355	19.4662	-22.7714	15.4662
42.0438	-9.14487	-8.034	-35.8943	16.9149	-4.07893
13.8447	17.8762	-11.3544	-24.2607	22.2434	-2.31028
-8.61995	12.096	-46.6002	5.59862	11.2445	17.8502
-14.1469	2.56813	35.2412	25.4601	30.0684	15.8871
20.4794	-3.54778	-2.83059	48.3245	-32.6838	-3.56011
45.8617	-4.98825	-30.8741	4.28632	9.64537	1.94622
-38.992	-45.2483	29.5892	-11.8122	-40.8963	0.957782
-31.9117	40.3348	-17.2109	-42.4894	38.1527	-3.96579
-1.43895	10.0909	47.9553	14.8061	29.519	-3.03598
19.8111	-45.0346	-46.5819	30.2454	-18.5751	14.5826
38.3358	19.9881	16.6585	-44.586	41.8455	-3.89356
-42.5871	-12.7491	14.7298	-8.55586	3.54167	-0.971399
31.4905	32.0338	-4.06964	1.54881	-38.9279	-1.22991
-1.56407	-46.6857	-6.60878	-7.81426	-10.7257	-2.14197
15.9719	36.8435	-43.173	42.5779	17.6962	-2.20711
36.813	-28.6157	-34.1212	15.8132	31.5271	-2.29898
40.5423	36.9716	-48.5626	24.2515	24.6849	1.02674
14.1865	-18.9596	1.1063	48.8983	21.9443	-1.59246
-17.5985	25.6676	-18.3218	27.0623	-11.8732	3.46933
-49.06	-38.4823	-28.4722	49.823	39.346	4.73253
-0.541704	-22.6371	-13.9454	31.3288	35.7265	11.3707
-10.8478	17.2292	-46.7681	-21.3675	-30.0928	14.4983
40.4874	5.07065	3.79803	15.8681	47.8088	16.984
18.7643	41.8516	5.8977	40.3714	27.5689	-4.11262
32.7479	-48.9715	42.3215	37.1975	-25.2007	10.6775
-40.112	-32.8913	39.3857	46.5789	-14.4887	-3.8445
39.4681	-41.5769	29.7449	-30.7459	26.1864	17.8171
-28.6645	11.0553	47.409	-21.1997	-7.68303	-2.66374
-8.47957	36.1141	41.3144	-37.9452	-19.0268	-2.63806
-39.7671	26.0979	32.5556	6.06555	41.7997	-4.10826
11.0645	-11.9098	9.91394	13.6311	-38.7356	1.12825
-7.06656	-28.573	-26.1925	28.0236	6.45314	17.2653
22.5181	46.5697	28.7225	-43.7895	-8.72372	3.93933
-34.7377	-39.5901	9.72777	49.2492	43.0479	15.6779
-49.7101	35.4427	-9.06552	46.8474	-3.74615	0.351673
-6.37074	23.6564	40.3043	0.590533	47.7752	-3.96025
-4.12458	11.272	49.9908	37.0937	42.1476	6.27924
49.5178	44.9278	0.813318	-27.2454	-9.77355	14.7306
31.6309	-5.1561	-13.7562	-11.0065	39.6817	15.7
-8.56807	32.9066	43.8322	-21.5964	2.47963	9.05575
7.36259	29.9036	-4.79904	17.098	-1.61901	6.78328
-37.4172	48.883	-5.95264	-25.9423	-45.5565	17.4624
1.1948	-0.297555	30.4468	-18.1753	-20.3757	17.5685
32.1223	-18.1906	26.5831	14.6168	21.8986	-0.128371
20.6046	8.68099	4.32905	-49.6155	25.28	11.6137
-24.7795	10.0604	-24.0806	44.113	-38.4762	17.8395
35.464	8.70235	33.0775	-10.0665	-7.34733	5.09052
24.9077	-24.0074	21.9199	8.40327	-39.3033	16.2174
-34.9849	29.1467	-26.5618	-23.2597	-30.4407	17.8423
-0.917081	-11.916	33.8466	-28.0999	40.8506	15.2357
7.27103	-29.6289	-2.58034	6.83157	38.1314	1.52647
22.0267	17.7755	-4.20087	-6.78884	-25.3594	5.38535
-45.0072	-46.9634	-47.4944	-9.37681	-35.3053	9.63149
33.224	37.405	-0.379955	26.5343	41.583	16.691
49.649	-5.90381	19.9911	19.0207	-21.5171	-1.19656
20.4215	13.6402	-13.1947	29.1009	6.0564	12.5616
46.0356	16.4632	-24.5415	13.5426	26.278	12.5754
40.466	-9.31883	-38.1588	32.5037	-30.5994	7.50105
-41.9034	5.69323	36.2819	31.1884	16.0878	2.70631
13.6036	31.1518	-2.02185	39.8251	35.107	11.9382
-6.61794	16.4174	13.0665	-2.11951	-46.9329	-4.00854
6.8041	-6.88955	25.3929	3.72478	46.8688	-3.92139
22.0389	15.6758	28.4539	5.69323	-12.6362	5.39799
-28.1549	-29.1314	43.4935	-14.7572	25.0328	-0.470775
28.8629	42.8373	-10.683	40.2829	-0.675985	17.7732
-13.0848	-21.6239	46.1241	-48.001	-49.469	14.3316
25.9178	-21.6361	-39.4528	19.396	4.7441	-2.70109
-21.1905	-31.0358	3.36772	9.72777	39.4375	8.02997
21.4743	-40.7224	-48.1231	32.7448	34.0266	15.415
-11.0645	26.8029	18.8406	35.522	27.9534	1.12825
10.7074	-30.0775	-43.1211	-8.97397	-12.9109	-2.79363
2.75735	-3.89569	-10.7105	-42.8282	-40.2158	14.7412
37.4233	-14.6565	37.3104	29.519	-47.3327	-3.80041
1.62206	-3.62102	46.7772	-36.9869	47.6989	16.1896
36.3674	-36.5444	-10.8173	-17.8335	-30.7642	17.1576
30.4346	-31.753	-25.2892	-6.78884	-18.7887	-4.05844
-34.8292	-15.9993	21.5964	-42.0347	-42.7976	4.05822
17.0248	-32.7448	-29.4244	19.2221	-14.4948	16.8402
35.9004	29.3268	-11.7786	24.9962	31.2525	-3.65329
41.8119	35.0002	-7.68303	25.3044	14.7877	17.0308
21.1814	6.90786	-3.31889	-48.5229	-30.2362	17.3902
-48.2147	-9.65758	-14.9617	27.2362	-0.334178	13.1797
1.65563	38.7722	45.4009	-20.0735	38.049	8.78646
-46.2676	-38.8943	-47.9949	-38.7112	-25.6615	-2.66298
1.90283	0.874355	-36.401	32.5983	-4.1673	16.7602
20.1987	-19.3808	21.6178	13.4236	-1.17038	-2.30954
-5.52843	-1.01474	20.0491	-23.7632	29.9615	-3.08474
10.6586	-33.2392	-17.4825	-2.94351	-24.0257	0.877972
-2.26905	28.573	-17.1804	24.4499	2.40028	-3.42837
-37.8567	45.8281	24.929	-9.51109	-44.7264	17.6865
16.2893	-2.24464	18.0044	38.8424	-45.0499	-4.12985
-49.4171	42.3093	49.7803	-26.0887	28.4326	13.9864
34.4508	6.6332	-27.5384	18.6331	26.8303	5.20912
-20.9494	-8.89462	1.2711	24.337	-33.1355	6.3788
36.8709	-14.214	-42.8953	-45.6816	-16.9759	15.69
24.3095	2.98929	-44.818	-3.6729	42.3734	-3.4098
-42.1232	14.2598	-5.03403	-22.335	-18.0013	-2.24425
-19.0237	-9.74914	-32.6106	0.331126	20.7022	12.0369
15.2577	-25.1213	-14.7847	-20.6748	-6.52333	8.8744
-3.88653	-0.639363	-33.1599	-49.35	36.7244	-3.52361
27.279	-24.5415	22.8904	0.144963	-26.6503	-0.0595213
-2.06458	-35.7997	-22.4693	-45.3825	-38.29	14.5832
6.56606	-19.982	-33.581	44.5067	-24.3339	6.24889
4.03912	48.9929	-13.0299	15.4225	-29.751	11.9476
33.2026	-31.9575	24.4072	26.7083	-6.52333	5.01118
-41.3694	-42.6542	-43.0601	-13.8936	19.216	-4.1169
-5.24766	-16.4602	1.00253	-42.9472	33.8496	4.42264
7.84478	5.08286	8.55892	3.91705	-23.574	-4.02572
5.36058	-37.4935	-40.817	14.9403	9.88952	6.68372
-10.3076	-47.6348	19.9667	14.7114	-5.36363	11.2105
42.0133	49.5209	-5.14389	-44.9828	36.7367	-1.63869
2.78481	27.6208	-35.6014	29.5282	29.7571	13.4014
26.1528	43.9177	25.1976	-38.6227	11.5528	4.00152
38.5311	14.1102	0.801111	1.54881	-36.5352	-4.12749
-4.64339	-33.5658	43.9055	16.4907	2.44606	10.0632
27.34	-27.3125	21.6239	34.6583	21.6605	-4.12754
15.508	19.924	47.1923	-1.32298	29.8517	0.337602
-27.047	3.24564	-24.8924	-3.34941	-5.3972	-2.28312
41.0978	46.3225	49.2096	-23.1895	-40.6156	2.40921
43.0143	-34.4111	24.8924	-26.3421	-25.9392	2.27988
2.61391	-31.9544	47.3418	46.1119	-0.422681	-3.5726
-39.3094	-49.7559	0.538652	29.8395	40.228	16.7887
47.7569	-41.5372	28.3593	-43.1059	-26.2383	2.4742
14.33	-26.6411	41.3144	-9.4409	-31.1945	17.2356
-49.7986	25.341	-11.2415	41.522	-24.3858	17.5932
-18.1173	30.3552	-45.6511	10.4083	-0.730918	15.512
-11.8976	25.7958	38.7722	-44.174	-15.7002	17.1723
-32.8639	42.3246	10.271	-17.8976	20.9922	0.995778
46.9909	-26.4519	32.5098	32.8425	-29.1314	-3.74805
-22.2587	30.1447	-3.78887	-48.8067	7.67693	13.1028
-19.0664	-37.8842	-21.4652	10.8386	34.8445	1.57463
-46.6308	16.332	-48.7487	-13.2405	-25.5821	-3.84767
33.9167	22.9209	-1.31687	-42.7091	31.1426	3.00504
-11.5497	46.3042	34.3287	-17.2842	-41.4823	13.7664
43.1547	-21.7277	-19.5822	-22.2282	45.3887	16.0098
0.386059	1.26499	32.7876	-9.61486	47.1801	16.9318
-20.217	47.7508	-27.7612	-13.5823	12.5355	-2.25084
-16.5609	7.30155	23.0094	-27.0562	5.15305	-3.82
-7.11539	35.3694	-35.3389	35.2199	12.2547	-3.95116
-27.0287	-8.5345	-44.3144	-10.9638	5.61693	-1.29892
-28.0511	-23.1559	44.1649	-34.9208	-22.9789	-3.93858
37.1944	-41.5189	-30.1904	18.3981	-49.5331	-1.16291
-5.84277	-26.7876	-33.816	-34.6309	-22.0206	-4.06871
26.2078	23.7083	-46.3805	-0.285348	-5.30564	5.5914
37.6705	-8.04621	28.637	22.4815	-28.1976	-4.12649
-46.3286	1.30467	-19.6188	22.1122	-24.5689	8.21354
-16.1855	-7.93939	1.84484	14.7847	-38.4701	17.1128
-22.7592	-25.6767	-35.757	-40.4813	2.95877	6.07272
-38.2565	37.3562	46.765	-16.5853	8.07672	10.9186
-7.50603	27.279	19.1061	24.1874	9.98413	-1.20611
-28.7133	15.8162	-6.66066	-11.861	-10.4572	13.1287
-25.8446	-34.8659	-26.0857	3.94452	-9.81017	17.27
16.0726	-6.29749	17.5771	-42.1567	4.84787	0.60273
-0.00152593	37.2677	13.7043	0.477615	-0.526444	17.87
-48.1628	14.7969	11.4124	-21.8619	19.1214	6.2778
-9.97497	-6.23646	-10.7959	-35.11	-44.1435	16.7339
-33.2667	19.2465	46.8505	36.8892	13.4175	16.1109
-1.67089	-13.2344	-18.0746	-4.93027	-30.3034	-0.551254
23.9097	16.1885	-43.0326	-15.3462	-7.11844	2.40567
20.2841	-45.9685	38.2748	-20.983	-23.455	-3.65273
-25.7469	11.5589	-45.5901	-26.5893	-11.8763	4.88938
35.638	47.7813	8.39412	2.1775	43.7101	7.39227
-48.8128	-19.6646	44.7325	26.2627	16.8538	14.3956
11.5497	-38.0093	-44.7417	47.0885	-9.55992	13.7664
-47.354	-7.10318	30.5597	-24.7032	19.042	2.37796
-49.4537	27.9229	49.8047	-36.9076	13.5243	15.8982
-39.9564	-29.0338	5.05234	-2.69936	1.83264	-1.72183
0.0228889	-46.765	-49.2096	34.9147	-42.9991	17.87
2.87637	-27.6605	-37.8262	-10.4602	-7.81426	-1.3225
-45.999	37.3775	-3.44096	-6.2273	19.7958	-3.62554
12.9139	-2.5193	-30.4682	-26.4763	-41.1252	12.0563
-12.4409	-32.8394	21.7826	-43.4904	-30.0287	3.39304
-13.6464	-12.2211	19.2404	5.29038	-7.10013	9.81562
-18.3767	44.3236	-31.0327	8.72372	42.6756	17.1887
48.3215	-42.5382	-43.9634	19.5608	-10.5243	8.38861
33.5932	-16.2648	3.56304	30.1263	-48.1933	15.4936
-45.9044	-19.0756	42.2788	-46.0509	18.0197	12.4058
19.7073	9.47447	-23.8548	-43.1822	-43.1242	5.04824
28.0877	-42.5321	18.7582	1.20396	-38.876	16.594
-9.035	28.4417	17.5863	47.7264	7.71661	2.13932
-2.81228	8.47041	21.4225	34.4996	12.4714	-2.27508
-42.056	40.3439	15.7369	34.637	-45.8281	17.8691
-17.571	40.3073	-21.0746	-44.2381	8.83358	-1.16424
-36.1263	11.0218	17.6992	48.59	-32.6502	-2.92887
34.1334	42.4802	7.71355	42.1049	-4.12458	5.2154
-27.9168	-44.1649	42.5718	-7.04215	-13.6402	-3.84539
-6.49281	-3.14493	1.85705	23.5008	-46.7376	17.5452
15.9749	13.6006	-11.7939	37.6522	-7.65252	16.0633
0.770592	-36.8221	47.2442	28.1945	-5.15	-3.9774
-10.4511	1.86926	-15.5904	2.07373	31.8781	-3.93902
8.07978	-9.41038	35.8455	-6.6393	-23.925	17.4278
6.81326	-6.09607	-3.1663	39.1476	-22.1946	16.9413
-41.6593	-2.74819	-21.2333	-29.8975	46.588	-1.78579
41.2107	8.52229	32.8639	-8.51314	39.1812	-4.09078
19.8996	-27.0806	-21.3523	-33.9473	43.1455	-2.97855
-15.2669	19.0786	-44.3541	26.2871	25.8324	-2.66828
-14.6535	4.75326	-14.568	-21.5934	-10.6738	-2.46743
-47.589	29.4946	-12.3432	29.6686	49.9847	-2.85362
12.4409	17.4947	-12.8773	-12.3188	16.2252	3.39304
14.3025	-4.14899	-6.84072	17.4947	19.2801	-1.09324
-31.1884	-32.1833	41.2168	20.0797	5.40635	17.8613
-23.6045	-45.6664	-17.6901	-40.5515	-44.4548	3.46241
2.62001	-48.4558	-4.37178	-43.0479	43.7559	3.15583
-33.5261	12.569	-9.34324	-20.101	-26.1834	13.7093
-39.3918	-15.801	42.7396	-14.4124	32.4488	-3.88556
23.2047	34.225	-30.5872	-45.2483	-10.9516	2.65285
-23.8975	12.45	-41.1252	-40.7956	-28.6493	7.70167
49.5697	-41.2015	-14.0706	30.6513	-3.56304	-4.10298
14.4215	18.865	-32.9768	-21.923	8.33613	-0.727102
-12.7674	11.7847	-6.41346	14.1896	7.24357	9.70495
-45.1415	7.60674	-15.1997	30.2637	-37.3226	-2.7456
9.16013	38.0917	-2.50404	-23.2658	28.5302	-3.08088
-30.9778	16.689	45.8983	-47.2716	-34.3867	1.07353
26.5557	-4.31684	30.2667	-42.7854	-35.4976	11.5217
-12.4622	5.75426	-26.9127	3.33415	-28.7133	14.2706
-24.9168	39.5047	-27.5262	-16.1153	1.65868	3.69969
-6.56606	29.4397	-2.4369	-15.5446	40.9421	6.24889
-2.90994	-29.4671	18.4133	38.4548	32.3634	0.196595
3.34941	37.8719	25.0114	42.0286	-45.9563	7.72347
-16.3961	-16.4174	11.1957	15.212	-15.8406	17.7955
-40.3439	-39.9075	6.08081	-7.97601	15.154	5.82687
-5.17747	-17.1896	-34.6614	45.8037	-32.3237	3.59338
20.0339	35.7387	40.17	12.6362	-33.1812	-1.02907
-47.0733	8.34529	-28.2861	30.1904	46.6735	6.96657
-41.4426	-22.277	-10.7105	-3.23038	49.6948	17.8131
9.12961	-6.64846	-48.3215	-2.04321	-17.4184	-1.17395
46.5606	-13.6219	-34.2341	-1.20701	32.9829	-0.743508
40.1334	10.9607	7.32292	-15.3706	24.752	6.48613
24.5231	5.974	45.8495	43.994	34.8872	9.90472
40.3623	37.0724	14.7053	6.9689	19.2984	10.4948
-28.8354	30.3858	14.0553	11.6352	25.4021	16.956
-42.3002	10.6738	40.1883	22.2343	6.68508	-0.47154
-15.453	38.3053	21.981	-34.8323	15.7949	10.0225
-15.1723	-19.4327	38.0947	21.4682	-17.0583	16.8967
-24.5994	-17.6534	13.5762	-1.38096	-47.4395	16.0969
-22.2861	48.706	24.2576	-1.61596	24.5994	14.9237
-2.62612	-16.8783	-11.3971	9.12656	11.2201	12.7733
40.2768	18.1539	26.2474	16.1824	35.519	0.323358
-35.2596	1.47862	9.78576	4.06659	-10.6494	-0.779811
1.89978	-9.37071	0.547807	26.7968	-22.9545	15.3372
-1.73803	-8.07367	-30.5933	20.278	-8.49788	17.5019
34.9971	-2.96793	-8.67794	43.3714	4.09406	-2.61051
-43.5606	-9.45616	-19.2373	-15.3951	43.2707	17.8367
25.6035	46.9512	-2.05542	-10.3595	-38.8699	3.08137
15.0685	-26.4397	10.5457	-7.96075	30.7215	17.5422
33.7031	12.1723	31.0724	11.7786	6.42872	3.44481
15.2486	-48.7518	-16.4418	32.635	-3.44401	14.274
-26.1773	-22.5333	-17.3971	1.74718	42.3643	17.8561
-28.75	47.766	32.5556	-26.4031	-1.04526	-4.07159
23.281	-38.4457	25.631	8.76949	47.0672	17.723
-22.4204	-25.811	-3.18766	10.8905	14.9495	-4.1285
37.4783	-4.96078	9.16929	-30.4315	40.3043	-3.1956
41.3755	41.0642	-44.879	-41.9095	10.1886	-3.40846
31.5607	2.37587	31.3868	31.2647	-12.9231	9.94461
-45.1842	-8.49483	-24.6666	-48.706	-36.3308	-2.7357
-12.0533	34.3989	-23.1925	35.4762	-41.8332	17.8695
-25.1701	-21.8039	35.3236	30.3888	-8.48567	14.6504
-17.806	-1.13071	0.019837	41.0459	40.5515	10.3371
-43.7101	-29.6564	-17.8213	21.1814	21.2485	15.9429
-1.91198	1.62206	43.3164	48.0285	34.4966	17.4732
-46.6979	-27.8344	9.97803	2.54067	-10.7562	12.3663
38.8302	2.34535	0.89877	10.1611	0.975066	6.77364
22.6737	-24.7185	13.9058	10.0116	31.8323	17.5621
47.824	-30.0989	0.294504	48.8586	45.0285	1.6823
-2.33009	-33.9473	-17.2811	15.0685	-22.4265	-3.4291
41.6288	-45.9166	-25.1244	-28.0633	-49.3622	2.81677
10.2924	-22.1976	-15.3737	39.758	-13.4144	-2.14766
42.3917	37.2219	-37.3623	16.7745	32.8913	15.2503
-10.0604	29.696	46.4171	32.1833	-14.6077	1.95306
-10.6891	-48.2971	-2.29957	43.3287	-43.8749	0.712165
17.0858	40.9818	-15.5354	-47.9888	-25.1518	-0.118078
21.4682	11.568	-24.6269	-40.2951	-4.78378	-1.80501
25.8538	-35.6044	-18.4225	9.08994	6.89871	12.1057
-30.1508	-30.3674	-18.9047	34.1365	3.11441	-1.58249
-9.23643	-42.523	-21.9443	-25.0023	-4.40535	4.41692
-12.8132	39.3216	-8.97702	-4.83871	4.37178	0.0538402
-36.23	18.7613	21.3523	-40.5179	11.6169	-2.22822
-7.11539	-25.692	-10.332	8.79391	-26.4763	-3.95116
9.82238	-31.0022	-41.2992	23.5771	-30.0836	-3.74842
29.2596	42.4131	20.5771	9.72472	-8.17133	2.2769
-14.5253	-31.222	23.7571	1.35044	19.4601	-2.28751
27.0501	24.7276	1.74718	16.332	18.1997	3.38016
-21.9565	45.294	23.8334	35.3908	45.0804	16.4188
-24.7307	-20.0705	11.2537	38.3511	-27.0867	2.82716
34.5149	-34.7011	41.757	9.23338	-43.5514	9.90675
-4.70748	-1.0361	-7.66472	-45.9197	28.1884	17.5342
23.0979	-49.118	-12.6362	-3.72173	30.813	17.2824
44.3144	-0.282296	-45.8678	-46.0509	40.4447	0.939603
47.7111	2.01575	31.8293	-48.938	-43.2585	7.35918
31.3349	37.3135	-33.8069	-19.1671	-42.172	10.2607
39.8465	-22.4204	-5.38804	-41.9523	-41.5372	-3.55539
32.0612	-4.3199	-25.2159	8.00653	5.47655	-0.125398
45.4436	7.06961	-8.38801	37.6766	26.5465	11.4515
-49.6185	42.6267	19.3045	45.0285	2.66579	16.4099
-30.9626	-29.0338	-44.6562	1.77465	3.60271	14.0225
5.39415	36.3491	10.0299	12.7277	13.2405	-1.87632
-3.61797	11.4399	-32.6991	-36.8404	35.5922	-4.12355
37.2463	28.5241	-43.2615	43.6064	-14.5833	5.83146
-48.056	28.9575	-39.3368	49.7253	-37.2494	11.7435
34.7499	-19.6188	23.9921	5.50401	12.3829	8.06233
22.2129	-2.82449	21.3767	-35.8486	-48.233	4.26823
4.9028	-43.9116	45.1262	-22.869	-46.9512	-1.62132
-48.3795	0.511185	-0.743126	-20.9555	24.8405	11.7687
42.2819	44.5921	-33.5139	-13.8569	5.66271	2.75225
-41.9401	-21.3218	1.31687	-23.8182	-15.4653	14.2609
26.7815	49.6338	27.7795	16.8722	38.1191	0.410201
-18.6117	-37.2707	38.7173	40.3317	27.9839	-4.01148
-6.05945	40.1273	26.9524	-32.3664	-39.7763	17.8453
34.1975	20.0827	-0.0808741	15.2425	-47.235	-4.02312
-4.26801	32.2138	-19.3167	49.3683	-12.5019	-3.80843
31.1487	4.34126	-12.4866	34.1853	42.2758	17.1523
13.6799	42.4741	-13.0055	30.9839	5.54979	12.8136
-5.36668	41.9156	47.8454	-37.3409	42.6115	13.8208
12.9109	-28.5028	37.4172	14.1926	11.5986	-2.60973
32.2047	-6.21509	3.26395	48.9502	-30.8344	15.8127
47.7905	10.8386	24.7032	24.7978	-2.7543	10.7718
18.3065	20.1285	28.9941	-18.5904	-28.9544	-3.79226
-40.3256	-23.394	-38.8974	0.511185	-42.7549	-2.99516
-48.8342	-40.0113	-37.0968	12.6453	-1.9425	16.5776
-42.3978	22.5944	-26.1681	0.193793	-25.2281	17.8026
-41.6318	30.6482	-40.6034	42.0194	20.6931	17.295
-44.4151	36.5352	-8.3697	18.0288	-42.7061	17.0613
-46.411	-36.0378	-39.5901	-37.6522	10.7593	13.0528
-31.3654	38.3724	-8.98923	21.7154	-8.76949	6.4155
-34.6797	42.5443	20.1712	-13.8661	-38.4426	7.24749
-44.29	40.8414	46.1241	7.98517	-39.8709	7.48433
27.9565	-10.6647	47.6806	-15.981	-25.5699	0.228039
-45.7335	-36.5444	34.0693	44.8271	43.3744	6.20534
9.52025	12.9658	-14.7755	5.95569	25.3227	15.5648
-9.73998	-26.8517	0.901822	9.82849	-7.81732	7.28608
10.6342	29.9677	-15.8071	26.0094	13.6036	9.52109
-17.8396	21.0898	4.63118	0.636311	-20.101	17.8444
-31.2708	-13.036	34.3043	-32.4427	47.7721	-2.59269
-0.227363	18.1509	32.9981	49.1638	-43.4172	17.8303
2.45827	2.7543	11.1133	39.2941	1.94555	16.0046
1.47252	3.29752	-41.9126	-21.511	16.2252	1.81524
-3.62407	-44.6928	-7.97906	-43.6613	45.0407	8.30485
-31.0999	-27.3034	49.3591	-37.3928	21.0501	0.469708
17.5039	-36.2545	15.4042	47.6196	-35.6227	15.9648
-0.984222	14.922	34.0785	47.0275	33.8008	15.8864
36.0347	-26.5496	-16.5181	-27.3797	39.2483	14.2997
11.9922	1.63121	-18.1173	25.219	-1.82348	-3.75164
-45.2605	-44.2625	-0.398267	0.621052	30.1599	17.3938
2.50099	-23.6015	10.6037	4.3199	-7.85699	17.8698
-2.13477	-5.26597	47.1343	-44.4029	-0.804163	10.6172
13.509	28.9483	-23.5954	-3.97198	-28.7591	10.7264
33.1507	-34.6126	22.924	13.1123	27.5719	-2.39
-41.0367	0.968963	34.8933	-2.21717	31.6889	17.5281
-37.4081	21.0013	-4.52437	-36.2911	11.7206	4.67166
-23.5099	4.95468	-46.2706	47.4395	-31.3868	-3.7826
-19.0512	18.0654	29.2261	43.5881	-39.1629	-3.84796
-33.4895	11.9373	34.17	4.40229	-4.44502	16.2711
28.6157	23.6869	-35.754	-10.3931	49.3133	13.2254
-17.8671	40.0204	-29.1162	-6.03504	39.9533	8.04875
19.5273	-11.4948	27.5567	15.1631	-40.0998	16.879
-12.4744	15.566	-40.5972	11.9373	48.4313	2.4215
-32.0521	38.5708	40.701	37.7926	49.6857	12.6775
13.625	45.5565	-39.3277	-13.9363	37.2616	-4.12471
32.757	-44.5891	40.8353	31.9697	43.6583	4.15808
21.4225	-4.70443	-34.7926	-8.24763	20.6137	4.6015
6.53859	-12.7461	11.6108	43.0876	-27.1325	1.58499
47.3815	-27.1538	-22.3045	-15.4012	-46.0265	17.1444
-37.7346	-21.8711	-11.6565	-5.78173	-12.6972	17.8151
-34.8872	42.8587	-21.0074	3.85296	-44.6104	-4.07566
-5.34532	28.5699	21.6544	-41.9462	-48.5443	6.408
-35.2382	-9.64843	28.9209	-18.3889	25.1549	17.8697
19.3228	23.5099	17.6229	-34.994	34.4172	4.9878
39.3033	-8.09198	-37.4935	24.7642	-12.1387	-4.06233
-17.0888	-7.06046	-17.275	-12.5202	-0.33723	-3.24136
-12.5538	-9.87426	16.9546	-17.0125	41.9645	-2.77387
-46.0875	21.102	-48.5992	-7.99127	44.3632	13.274
8.68099	-30.1172	18.8711	38.9279	33.3216	8.71045
-30.398	2.91299	24.8955	-1.94555	-3.23038	-4.02387
-10.4572	-36.0622	-25.8538	18.6941	-16.4846	12.3173
-28.2647	-25.219	-34.7896	37.17	15.7216	11.2644
-25.7378	33.5749	48.2574	-15.8528	13.3534	8.73509
34.9452	32.934	29.5557	-18.6392	10.6281	-3.58362
-10.39	39.7732	15.6178	-3.85907	19.219	0.390298
39.6023	8.96176	-38.7478	17.5527	-23.7327	-3.39747
-34.1487	4.1612	5.3209	-8.19269	-2.25684	1.80401
27.8497	11.504	35.464	-1.65258	-23.1651	5.85061
-24.3522	19.2862	-10.6189	-37.64	-15.2272	14.5254
-30.0165	-22.5181	-45.7793	10.4175	-19.7867	14.1791
12.859	-32.7204	-38.464	12.4012	-9.68505	2.25996
20.8731	18.8589	-41.7814	-16.689	-0.837733	-3.04033
-33.7336	6.87124	-48.3673	-9.39817	-15.0746	16.569
25.2709	13.3442	34.64	25.692	3.27616	5.92662
21.569	-46.2554	25.4936	-32.9279	36.8618	-1.13687
-1.05136	-16.7409	13.8661	35.638	-13.0634	1.13663
-38.937	-29.046	45.4039	-43.0723	26.0765	6.97678
32.3878	47.3479	25.3624	-1.03305	-23.751	8.61422
36.9594	-33.4437	24.3706	15.746	-16.7379	-3.48114
-2.47353	29.0613	-12.7918	-22.689	-5.05539	-2.57546
-16.567	28.1304	10.5853	22.5333	31.9422	7.34835
48.3734	-26.1437	-3.13272	8.09198	47.6531	14.1927
17.2323	-30.1691	-0.355541	-17.5375	-38.0764	6.73676
-44.2289	-20.3604	35.5037	4.4145	-18.5018	-4.11829
-31.1548	-9.21201	3.62102	-12.7064	45.3063	-1.5882
-32.4305	-8.2873	-43.0143	-33.4407	16.1184	13.662
-0.846889	5.27818	20.2017	28.6035	34.6583	3.40094
0.40437	-31.6431	-31.9178	10.6464	-49.7131	16.6368
1.77465	-31.167	-45.1872	30.2789	-30.9442	-3.1205
11.0553	-1.51524	-19.3747	-3.23954	23.1346	10.0415
-17.6595	-48.1872	-34.0785	14.5558	-29.8608	11.3565
25.8477	-39.3582	-7.36259	11.092	-8.33613	16.1368
-45.6145	-33.871	41.4823	2.76955	49.5941	14.3472
-11.1042	-33.8252	-4.79904	36.2362	46.7437	-4.10624
10.6342	-6.00146	-15.0624	40.5179	-15.9505	9.52109
-13.7349	40.3165	-31.3318	44.2717	-11.0584	-3.95591
30.105	-37.7041	5.07981	-10.5457	-44.2534	17.3132
-24.105	-23.5221	-12.682	-19.9301	-13.1306	16.7491
-21.3675	14.8671	-22.3838	6.99026	20.0522	16.2604
-34.8231	-36.6695	-41.1557	-19.3472	5.37889	5.87587
-34.8201	20.5039	-9.65453	3.41655	-43.6644	17.5445
-8.55892	43.7346	46.4141	12.5721	-17.1316	-3.85116
41.5922	-21.2088	10.4511	-14.3605	-0.297555	10.1515
38.1954	32.0032	18.7796	15.7277	17.4398	16.6407
-8.58943	11.8213	34.6919	30.5231	49.4659	9.65852
24.0745	3.73089	10.8875	31.2677	-46.1028	9.59547
-43.2768	20.0308	12.9383	41.1557	19.4388	16.7783
-5.42467	-7.14896	15.9627	-24.2119	9.96582	2.59603
13.0909	-3.15714	-14.1224	-11.1347	46.7193	-4.02359
-8.57418	-3.58745	32.4366	16.4815	2.79702	1.58545
34.106	2.55898	-39.3979	-5.33921	22.75	15.4617
33.1874	11.2568	18.3889	14.5192	-1.09104	2.11767
1.37486	-44.8637	-23.8456	18.8681	-34.6278	17.8501
-23.9036	20.687	24.1508	49.4873	-25.9331	5.20662
25.2556	-33.2118	-2.72683	-30.5963	25.6951	0.0857301
-1.50914	25.9392	43.5453	28.5333	-2.80007	17.4334
-40.8872	3.1724	30.9534	-30.3461	31.7133	9.94775
28.1854	-10.5853	8.04315	32.458	6.5569	17.6614
27.5353	28.8751	-0.251778	9.26389	23.8304	15.7498
-27.7795	36.4711	8.36665	-30.0043	-10.5792	10.3799
-40.6278	-8.63521	40.3012	-2.62307	48.6389	8.67641
-25.0114	-37.2768	27.6116	13.274	-28.4875	7.68688
32.5159	48.1384	37.9574	10.7501	-41.2656	9.62649
-13.6677	26.9372	-29.1833	-15.5843	30.8954	17.552
10.6464	20.8274	-28.9758	41.0459	30.6146	-3.36428
28.6126	-12.2364	41.0611	-31.6523	36.6207	-3.98293
-3.60271	28.3105	33.7642	-40.9055	-27.7795	10.7866
-27.1508	-21.1722	3.66375	-48.2269	36.8007	-0.342937
-47.9949	-29.5251	47.9369	-8.47652	-40.8231	13.0956
32.0002	23.0399	-39.1873	46.5911	46.6094	-3.86544
-39.3887	-31.8293	-28.4692	9.07773	26.3695	11.0933
16.2984	-23.6778	-8.8702	-40.9085	-23.0308	15.3505
31.2433	-24.8619	-17.9617	19.3533	-37.9635	8.82476
34.1151	-24.5659	-45.0529	27.6147	-38.8852	1.37234
0.779748	27.2515	-36.4467	1.19785	17.4917	-3.68289
24.2576	-42.9136	-10.9851	-17.4123	41.9614	17.2173
-30.8863	45.23	-26.0186	-23.0705	-31.0541	6.05382
34.8109	28.0541	-23.8517	-2.65664	40.4019	0.481821
32.0826	22.158	23.5221	-46.1699	-37.7987	-4.12719
-18.2852	11.7054	38.9096	7.49077	-3.95978	13.5464
-37.1059	-31.341	-29.1986	40.7865	47.4517	17.5076
-9.9292	-12.9902	33.8618	-5.8916	19.5151	-2.80932
49.2187	19.2404	-48.9227	21.9749	-16.3656	-3.48055
4.85397	-15.154	-22.8538	-36.2911	-17.2689	-2.10832
32.2779	-14.3727	4.11847	9.46532	-28.3319	5.73263
18.2272	25.2892	-24.81	28.3898	-38.4121	13.8876
29.049	39.1202	-19.3106	-36.7672	-23.9738	10.7312
-40.1517	-18.6453	29.1101	5.43992	-1.51219	15.097
-39.2117	-23.1529	-12.1082	22.7622	27.1752	-3.00713
-2.22633	-48.1994	-9.75524	29.3207	30.8466	3.31848
-25.9209	38.7997	-2.15003	1.64037	-24.2882	-4.12593
-37.6461	30.3064	29.4855	12.8285	0.190741	17.7011
35.8516	-44.1099	3.9079	17.806	5.14389	-4.12785
-2.6017	-16.2404	7.51823	21.0562	-24.044	5.88317
24.8589	-13.0909	-24.1874	29.9799	16.7104	4.66206
23.2505	10.2191	-40.8322	43.8383	-37.9635	17.2705
40.5759	6.27613	-46.9665	-12.2608	-11.092	17.7686
28.8934	-49.4995	-5.09201	-17.8335	-35.6136	12.5824
19.4723	-2.24464	35.9676	41.1771	-1.01169	17.5461
-43.6613	-11.4734	39.346	14.4398	47.4853	9.53559
0.465407	-46.1211	0.465407	-41.4762	-14.0217	15.0754
-36.4956	6.87735	32.0612	-8.84579	-41.6654	1.04266
28.222	39.7855	-15.0624	29.4427	47.5768	-3.91647
13.564	-21.5781	-26.5404	35.2565	11.8427	-3.48306
38.1191	15.3432	-6.99942	49.5544	8.73898	-3.5476
2.4247	-15.6667	-30.4071	11.2384	-27.1142	-2.15963
41.6227	-15.9291	31.6156	-48.2299	-9.41649	11.4768
-36.642	-33.7886	-22.3533	-17.2597	1.16428	-2.51308
39.053	13.0696	-23.4367	33.6665	-43.1303	-4.10624
41.9706	-42.1781	40.8994	17.4978	7.0513	2.62154
39.8526	8.49178	37.1487	-9.61791	34.3196	17.8428
-22.1305	12.3035	-9.74914	33.1111	-36.9442	14.9102
-18.2089	-2.53761	-8.00653	-37.7773	4.66781	12.7462
24.1478	-43.3378	42.0652	19.5669	-11.7542	8.98021
21.7673	23.1712	1.09714	6.798	-36.404	15.5977
44.4884	-21.044	1.10935	37.0235	35.0093	-3.60559
35.3542	-33.0042	-22.689	-29.1803	46.3713	6.75621
13.1611	-2.54982	45.6236	-17.0888	20.8914	8.52183
21.6117	32.8486	36.8374	28.1365	45.3673	14.2792
-32.4885	-12.0899	-8.85495	-36.7183	25.9117	17.4187
-22.7836	26.7785	-45.4558	31.3074	2.61086	17.5993
-11.4368	-32.8272	-36.3186	1.90283	-20.2628	-0.474388
-8.4521	1.77465	39.3399	-43.759	-36.2331	9.49136
-24.5872	-38.9767	22.9667	-10.448	-43.6522	-1.88528
34.9452	-23.7968	29.2596	-34.2921	41.1435	-3.58362
-4.4084	34.6706	26.1345	27.7581	38.5372	-2.67563
-21.8589	36.8038	-1.53356	40.3317	-35.2107	4.86046
-0.581378	47.0397	-26.9555	-31.7225	-26.6961	8.51448
4.54573	-33.6482	-19.1061	-12.2913	14.9281	16.2987
43.3775	18.4835	-10.5182	4.47554	-25.3014	-2.98141
-29.1009	-45.7823	-39.0957	3.67595	38.5983	9.68107
39.0133	-12.392	46.1516	45.9655	4.91195	12.9552
48.7396	17.7114	-27.9382	-12.74	-29.2596	-2.70385
-8.37275	-10.6586	41.9919	15.9413	40.5362	-2.16751
-48.9837	46.0356	-6.16321	-34.9178	17.687	8.80401
-20.0583	25.7195	-37.402	-36.1538	-29.1375	7.16776
28.2128	38.8974	-45.1018	24.0196	31.4264	-0.472087
16.4144	35.2931	20.748	-2.75124	41.7447	17.8611
18.4408	11.2903	-46.4812	45.6877	18.9993	17.6681
-19.5669	9.59349	-40.9879	18.1692	14.1255	-1.95367
-30.9839	36.9594	2.61696	45.1811	4.86618	15.1369
-4.3199	-32.3298	6.23341	13.4358	13.7379	7.81488
25.3746	-31.9788	11.8519	1.71056	8.07672	17.4238
-8.83358	-4.74105	-6.84378	8.14081	-30.4682	11.8605
19.216	-40.0632	44.3999	-6.66066	22.8843	10.8295
5.10422	-3.97809	10.097	-41.2992	36.4559	17.7876
-5.63829	11.5436	44.0794	-26.1406	13.4419	6.615
24.6696	0.834681	-6.48061	49.7192	34.9666	13.8844
-2.07373	-37.7529	31.698	20.043	-36.874	6.06623
-35.0703	-49.9145	21.7002	-20.7144	-21.7368	16.4061
49.06	34.6156	30.7733	-6.08081	-30.7184	4.73253
39.761	15.746	44.232	-16.6646	-39.349	10.6719
-10.1367	33.5536	14.1346	-29.397	-42.9289	-3.84668
28.4204	-23.0338	29.0582	-26.9189	9.60265	9.93171
35.8242	-24.8497	-22.8355	39.2117	14.5833	4.70346
-43.3653	17.9067	45.9593	-46.2951	22.2831	3.25679
-11.4887	-18.2791	-46.9085	-44.1435	37.3226	15.7278
-47.4944	-8.35444	-20.1346	-30.8618	-23.0461	6.51463
-35.7356	7.12149	3.01065	-24.4804	26.8303	-2.42013
-31.7164	2.06458	43.4294	-10.1978	-6.47145	17.5705
41.0642	10.5518	-48.8891	-23.5801	27.2515	6.16606
41.3297	8.91598	-1.85705	40.1822	-22.1732	1.92238
44.8424	40.2066	6.06555	-20.8609	18.4103	-1.47448
-36.2453	-27.6208	-39.8679	-36.8282	-16.3869	-2.84976
-1.77465	-17.2048	25.2586	15.154	26.1895	-3.1205
3.20597	34.9116	22.1824	-48.7548	27.3125	16.4155
-48.3245	43.8871	-47.644	-21.3767	-26.1681	12.0997
29.0338	2.40944	30.929	-47.29	-44.4792	-1.14513
22.0603	9.19675	2.5193	-36.6146	-6.79495	-2.66375
11.7512	46.3073	-20.571	-2.40944	-43.1364	7.67145
-11.3239	-38.4365	-3.71258	6.89566	-44.113	14.967
41.0276	15.5812	-26.9219	-6.02893	-9.47142	6.72183
-45.0682	-45.8831	-34.5515	-3.44096	-17.3208	11.472
11.6901	35.3542	-36.1263	34.9849	35.9706	3.9194
-12.8956	30.3613	-16.213	4.34736	-41.11	0.134911
20.3635	-10.6952	-13.5792	41.2015	14.6168	-2.20022
2.72988	-1.60985	26.0887	-35.0795	34.7438	-2.39359
-39.9808	48.8647	31.637	-44.5189	-42.7702	17.6561
12.7247	-27.8253	41.5738	-36.4803	37.0998	12.1382
-41.3938	35.8608	23.2536	20.1743	-47.5494	11.493
35.4549	-49.9756	-43.6399	14.8732	-26.278	-3.85272
43.1883	-0.761437	-19.7012	11.8763	-24.3706	15.5235
10.6342	-28.3074	5.69018	-43.9787	-13.5273	9.52109
-14.4978	-36.877	18.5598	-0.00152593	24.5079	-3.34535
-41.6746	43.3897	-46.9878	6.60268	17.7297	13.1502
-39.1873	-24.2668	27.7093	43.8566	42.4375	16.5167
-34.0846	6.89871	-7.58843	32.3054	7.8692	12.5698
-8.10724	-31.6401	21.2455	-38.0398	-47.0122	12.4283
-43.4599	17.4917	-34.7255	43.646	-47.5097	11.2135
16.7013	34.0083	-44.2442	9.09299	24.5354	-4.12482
8.25373	47.7935	-35.3389	34.8903	29.8059	17.8577
-26.0918	-31.9056	16.9271	-6.41652	-7.83258	-4.09554
-33.2514	13.9973	-36.6756	-20.0247	-27.4133	11.7299
7.63421	-7.86309	34.8842	-27.6879	49.6826	17.7489
38.5922	-11.156	-2.93741	15.7399	18.9261	11.1788
14.095	17.2811	-17.0156	-13.9943	48.7548	10.8793
-21.5629	-14.4185	-24.3034	20.2628	43.1639	-2.76435
-49.295	11.1866	-5.17747	-44.5128	-31.6004	-2.82169
6.00757	30.9168	-7.24967	-1.6953	-43.7284	-4.11187
-34.9361	20.8243	-33.5353	-37.1975	7.93329	17.6006
18.3187	-44.7233	-26.223	-21.0959	-14.687	1.66606
39.7336	-11.507	-42.7183	2.32704	-26.9341	-1.92996
12.9048	-21.8131	-44.937	-25.0298	7.53044	15.9585
-48.6847	-9.3646	25.4357	18.3767	30.697	-1.79229
20.8548	17.4123	31.4875	13.5121	38.1924	17.2142
-28.637	41.76	-3.8255	-39.9014	-35.1161	-2.60325
-23.3634	-34.2524	-32.7601	-19.5578	-34.698	3.10961
-45.1628	-48.6969	24.4621	-5.96789	38.0825	16.7846
38.0276	20.7602	38.2626	-1.61901	1.01169	3.55766
31.5943	12.0808	40.9818	32.0063	9.29441	7.60106
25.7134	-16.4907	-16.747	31.7591	-8.3758	17.8698
0.132756	47.5311	24.8009	-30.0958	47.9431	17.8684
-8.48872	24.5903	-6.48366	-46.3256	8.07062	13.8205
-16.7928	-35.931	-11.0675	3.16324	-29.4702	13.4916
-41.2961	11.977	-17.098	-24.4987	38.76	-3.89525
4.28327	-43.5606	-40.0357	0.798059	-20.0949	-2.91218
20.3238	-31.872	-39.3368	-4.13678	39.8831	16.299
44.8607	11.156	41.586	-6.64846	-34.1365	8.41458
43.9573	35.6227	-5.72069	32.9127	-23.5374	-3.85907
7.66778	-42.0804	37.228	-25.8965	-5.8977	7.57019
27.1447	44.1801	8.80612	25.0938	23.5954	15.4636
2.35755	44.2076	31.4631	39.642	30.2271	16.5751
-11.745	49.3652	36.7672	-16.5944	3.81939	1.5525
-49.0173	-33.9412	-44.232	17.9342	-20.6992	17.6836
-23.6412	17.4337	20.2872	15.099	25.7591	6.96883
42.8068	-8.39106	-45.6847	-37.9696	31.7896	9.68829
-47.4395	23.8884	-12.3737	-22.7348	-26.2444	17.8438
14.1743	-25.1244	-17.9861	37.5423	-43.8871	16.3674
47.0183	-21.8558	-7.84783	21.2577	-9.3646	17.6263
-47.7783	-11.1042	-27.2729	15.2242	29.1559	-2.57384
42.9441	45.3368	25.3899	18.0044	8.39106	4.85779
-17.1163	21.4194	-27.1538	8.21711	10.8325	12.2097
-6.23341	-28.2067	9.71862	-27.5445	27.1172	3.37026
-32.7265	-13.8997	6.58437	-20.3543	10.7837	8.2747
-45.1781	-4.93637	-46.8932	5.11338	33.3216	-2.31413
-41.8943	19.3594	-12.7003	2.73598	25.5699	9.99882
18.9444	-4.68307	20.2872	-37.6308	-2.59865	-3.68672
21.7063	-29.107	-23.8945	-5.14084	7.24662	0.949702
-1.32298	-14.9464	-45.3856	-22.2221	8.98007	1.24081
-25.4051	-33.758	-22.6798	-18.4957	20.3177	14.3631
8.91903	0.605792	-14.7664	5.75426	10.5792	-2.66167
-21.8528	35.7021	13.0634	-11.5101	16.982	9.31124
-14.6992	14.6107	-13.0848	-49.823	-12.801	-0.801088
43.7071	-22.5272	-1.71056	23.5405	-27.4682	8.75808
37.8048	-4.17341	38.5037	-24.5628	-25.808	0.478139
-14.1041	-33.1294	5.72375	3.76141	36.1354	-3.98056
-1.23447	-36.0103	-38.1558	-20.9555	-28.9148	12.4854
-13.744	-49.7894	29.8914	26.3787	29.9005	-3.30329
-8.29951	-14.7633	29.6838	-14.4185	6.95364	12.3427
-44.7172	-15.9627	-6.7217	-21.1814	33.1324	-3.87887
35.2046	-9.46226	20.101	-45.9563	6.32801	7.89302
-28.9239	10.2405	47.9369	-46.9512	-18.1234	14.9232
16.5517	38.0795	-20.2017	36.8496	-34.3104	10.1826
-10.7105	7.81121	-24.7307	-19.0847	-41.3968	9.43532
35.5464	43.0204	-49.2065	-48.3428	-17.9006	13.9098
24.8344	44.998	37.814	-45.7213	5.6444	2.5697
42.7671	27.2332	27.8832	-10.8631	-10.2741	-4.01708
-37.0205	-16.0848	-48.3184	48.6175	31.2983	6.35289
-9.70946	-40.2799	-40.3836	43.1394	-30.3491	4.75442
28.7622	-24.1447	-9.84985	43.9726	-47.8881	-0.307025
-10.268	28.1884	-3.47148	-22.5578	15.7033	2.82161
-8.53145	41.8943	-40.6583	45.1201	-9.44395	-3.77503
44.5341	-34.0236	38.7783	-2.78481	-23.3055	0.00115342
-32.0399	-27.2271	-30.6635	-43.8414	-12.4134	15.1318
3.31278	19.0176	-45.5016	36.5474	-33.9106	12.4585
-23.0766	16.4907	20.2231	-24.1417	-43.9329	6.44415
-18.7521	36.7336	41.821	-31.8506	45.7823	1.14932
48.822	-35.5312	-4.48775	-38.4762	-43.2859	-3.60592
29.5099	-28.0602	4.53047	-49.9115	-35.5678	-1.12168
-24.6666	9.89257	-32.7326	-26.5313	-14.5558	5.43036
11.0675	39.758	16.448	9.75219	-25.2953	17.3878
-49.7314	47.2289	30.6696	-28.3898	-17.6565	17.5509
-22.6585	-22.8904	-25.5455	-10.2985	-19.5364	17.7381
-26.3634	22.8782	-36.5719	3.27921	-29.7418	-4.1257
46.5911	25.1762	-1.51524	6.01367	-12.8712	16.2545
24.4102	45.4436	9.46532	8.84274	-32.0551	13.9829
-25.8354	-10.7471	39.7763	-40.2219	-41.7478	17.3214
17.7847	33.0592	-20.571	-7.59758	-38.7661	13.0739
-10.567	-23.1254	20.0827	-41.0428	31.5271	6.42074
12.212	27.0745	5.41551	-29.4855	18.1661	-0.0979219
-33.5749	37.8048	-44.1984	13.5762	30.4895	-2.10981
-17.5527	48.3123	45.996	35.6349	-36.8923	15.1099
8.04621	-8.50093	35.3298	24.3461	36.5505	-2.79149
-10.1398	27.102	-26.9799	-35.1619	43.1913	-1.19338
-30.8771	-8.88852	27.4987	-43.82	-28.0297	14.8775
22.927	13.5182	46.0936	-18.8101	-10.1276	-1.28639
34.5241	0.553911	16.3442	35.8638	1.00253	-3.70486
11.3941	-17.9128	-43.4629	47.177	-37.4783	13.5478
16.9729	15.392	-4.87838	0.0625629	-4.43587	2.36466
-0.0747703	-1.22532	-37.1578	49.4781	20.9922	17.8699
-41.5525	1.34434	23.0247	8.40327	46.4751	15.7647
-36.7428	29.0307	5.95874	34.6156	-26.22	0.746106
20.4733	19.0329	-36.1538	-11.2537	43.582	4.60526
17.7877	47.1557	48.7365	-12.0258	49.2157	11.6681
45.9655	12.3005	-0.462355	-38.937	10.8203	-2.88347
-3.60271	-28.4112	-9.17844	26.9707	2.18665	10.7866
-20.0064	22.8568	-44.583	-45.6969	-22.1458	-0.874722
-33.1568	10.1611	31.7225	15.4042	-39.3887	6.92361
-37.8689	18.3554	0.709555	-49.472	10.567	-1.31589
-48.4863	-33.1904	-47.4609	12.3524	-3.67595	14.5023
-39.0347	47.0183	10.0269	24.2576	21.5384	13.3452
10.4999	49.0143	23.8853	-41.7417	37.4905	17.7105
24.7642	21.981	1.39012	-44.6043	-49.6033	1.19502
43.112	35.4946	-14.1987	-14.5314	-14.1865	-4.12899
-16.6372	-44.9187	16.4968	43.5087	-44.1954	17.6661
7.63421	29.8791	48.2604	32.8425	24.7215	17.7489
-32.1894	-34.4844	-7.99432	2.12256	7.84478	3.83116
17.9525	49.3072	-10.2985	-43.3073	-33.4681	13.4946
28.5424	46.0051	-1.07578	26.9341	24.5354	-0.269793
11.0218	-8.83053	49.4324	-24.0501	-49.7467	1.92152
42.4528	40.405	13.3045	-26.8242	-28.7255	3.12046
-46.4415	-2.19886	-20.7633	-19.8904	29.0033	16.5356
16.5975	34.5485	37.8719	8.28425	-49.8413	9.48604
32.3298	11.0309	3.56304	-22.6981	40.2982	-0.676383
33.9869	48.9807	33.5414	-11.9282	-40.6613	-0.94065
12.3829	-11.5864	-2.23853	-21.3645	-4.44807	13.9769
-42.6481	10.8173	-45.7305	0.987274	13.7501	16.8443
14.3361	-46.8535	-6.53859	16.8569	19.8538	-1.28557
22.7134	34.3989	21.1295	-2.13782	-0.00152593	-3.06352
17.2353	-17.3788	21.0562	-5.69323	-18.1021	-1.1923
28.106	19.5364	34.1426	36.4803	2.47658	17.7699
1.0239	19.0207	-35.7082	-39.8587	39.2727	7.89365
-33.1782	44.3907	15.9536	-16.277	-2.77871	14.7964
-36.3216	21.3401	-6.37989	41.9248	48.7823	2.51587
-18.7399	49.6307	22.2587	-4.28327	-22.3869	13.5655
46.1425	-15.215	25.5974	14.7114	17.3574	-2.92381
35.5403	44.3846	-47.5768	0.291452	-36.4772	7.44991
34.9178	42.7	-12.1876	-5.89465	-40.7559	13.5585
34.9605	-25.161	-37.1181	-0.517289	-33.8649	15.9586
-49.1668	-49.2767	15.2272	0.846889	41.7264	13.3864
-29.461	45.7183	37.4203	-45.6755	46.4507	16.7353
34.8628	45.3551	26.4733	-24.0562	7.21915	17.86
49.8657	35.9004	15.7002	-26.9219	29.0979	-4.06911
-28.93	-18.3615	-9.1998	39.6817	17.0186	-4.09973
3.85907	-35.5403	36.23	-40.6339	27.102	14.3511
5.00046	0.40437	-40.3653	-2.67495	32.992	14.6867
45.172	4.95773	25.0572	-48.9166	9.87121	-2.30915
-14.6626	-33.8923	-35.6471	11.7786	1.57933	-1.11877
10.3168	-23.4214	-30.3461	-43.0174	18.9047	-3.66516
40.6674	-34.9269	35.9951	1.10324	-8.73287	-4.1124
-42.9807	22.8416	-29.3359	37.7682	15.4439	16.8928
-36.6115	-27.1294	45.7305	-10.6128	23.2353	6.50261
22.689	-15.0288	-24.6757	45.2605	44.6562	14.0609
-27.6635	1.28025	-40.3195	-44.8119	-12.6576	13.3756
-7.56706	49.8077	-22.1305	-11.2201	33.7703	-2.53641
26.5343	32.3786	10.445	-4.55489	14.8152	9.19951
-12.3371	-35.9279	36.4437	5.11643	20.0369	4.80184
27.633	-47.7905	-26.9402	-33.2698	47.0885	-1.35862
-18.16	20.3726	15.6117	29.7876	40.463	-2.79313
40.1944	21.6483	-42.4558	-7.57012	-40.0021	13.3167
-9.23643	-2.39723	30.9992	-34.8811	21.6971	4.41692
39.5505	-19.9698	-43.9055	46.4782	36.3521	17.5597
-16.5883	42.9106	-39.8068	-22.396	-2.20496	-4.10841
29.2932	-19.3838	-26.8609	-45.7274	-9.83154	17.851
28.3288	-24.8894	4.64644	-4.59761	-31.991	1.4214
16.6738	17.8457	-17.0522	1.46641	-4.60067	15.7319
42.23	34.5546	-46.9665	-20.4642	-0.724815	-4.04918
-42.88	38.0093	-34.7591	24.3797	22.8416	2.16524
-45.3154	-37.0602	20.3146	-28.7255	-9.30662	17.8233
40.8689	39.053	26.4519	-15.8406	4.0025	12.2668
-42.5016	32.1162	30.4407	36.4681	-37.1975	-3.50424
-41.6868	-25.0694	-14.4948	12.8773	-17.6656	17.1724
-17.3269	15.2272	-12.2822	-2.75735	25.3258	8.04893
8.16523	-2.80618	-48.9776	-23.8517	42.8373	-2.65365
-39.1232	-30.4315	-46.3897	25.3899	25.6035	5.54378
-33.4559	4.28022	3.4959	36.3124	-6.70644	16.8084
-34.4386	40.5606	25.8721	31.9361	-1.02695	5.38077
-21.5567	39.4467	-15.2852	34.5424	-33.227	9.34349
-40.9299	-37.2036	16.9515	-13.0299	44.058	-0.873518
27.5781	-5.90991	49.1394	-47.2015	-12.3249	15.6741
38.583	-10.0726	-38.2748	4.70443	42.9838	7.09091
49.5087	46.8688	10.9638	-20.7968	-44.2534	-1.7635
43.8017	-7.84478	-37.1731	-6.23035	-48.4924	17.7888
38.287	12.9566	-11.0401	-4.17341	15.8467	14.7996
48.1384	-18.4011	18.0807	-35.6075	9.1113	13.5253
21.2058	4.53047	-29.2993	48.8983	-41.2687	15.9203
22.277	23.5466	-19.1	-35.2504	-22.7622	10.9475
2.29347	25.6584	-48.2788	-40.1883	2.40944	14.9577
46.8352	28.5119	-6.1388	-49.0173	17.1041	17.479
-34.7804	-45.3551	15.45	4.53963	-3.44707	15.8693
-28.6706	-41.4396	20.1376	41.7234	-20.3299	5.70825
42.8159	17.0888	-30.8771	40.5484	37.3836	14.0952
-17.5497	-16.155	-10.0818	30.7276	11.8183	-0.171426
-33.8466	35.8577	2.00964	7.61589	39.0957	13.6837
-31.7286	-45.6175	-8.33003	-6.70949	-3.02591	-3.45978
-36.6359	-27.3553	47.1282	-16.3472	43.3348	3.33109
-40.997	-29.6136	-16.5456	-14.6504	-41.9187	-3.69742
49.5117	-38.2626	-30.6269	-48.0621	22.5486	9.05755
1.64953	4.00861	-9.42259	-38.0001	-31.8415	12.4941
-3.05643	-6.82241	33.6207	44.1496	9.15098	13.611
-2.03406	9.30052	4.20392	-3.98724	-48.6694	2.42966
-37.7804	41.7325	-11.504	-23.159	22.3228	5.25172
15.0136	17.4673	14.7511	20.2567	27.8375	14.0148
34.3226	-27.3553	-2.04016	10.3046	31.0083	-4.06245
-22.1488	13.9241	15.4958	12.6026	-27.7764	14.1102
21.3523	-2.45216	25.5364	39.9472	47.2472	14.8702
-13.1947	-5.36363	8.93735	-49.3561	27.691	0.36883
-27.9565	16.57	-11.9373	-5.13779	-48.7945	0.228039
-19.7928	-35.7326	-46.6552	49.0112	-36.6909	0.96654
-3.42875	-21.7765	9.21201	-22.3838	-29.3176	-1.33249
-0.48677	30.285	12.1326	16.3259	-12.1265	14.262
-29.2016	29.4702	-19.3319	46.762	35.4762	0.468666
20.2109	27.7612	26.6472	-4.98215	-44.113	10.0155
42.0652	26.9402	42.8617	31.2555	-35.8028	16.2034
1.21006	41.9584	36.3826	37.054	31.3898	17.5445
-35.2565	49.3347	-9.62706	-13.4968	-20.6229	-3.92218
-10.0818	41.934	31.637	-14.6138	25.219	12.9873
43.4477	2.69021	-48.1323	-32.4885	49.353	7.3537
12.5965	-38.6441	-44.8119	36.5169	4.61287	15.9128
12.4683	-42.7	-46.8963	18.2852	-15.5446	-2.28732
-7.61895	24.6361	-16.2465	16.8203	2.12256	16.2481
-4.60982	10.0055	7.07877	-29.4	33.3308	4.97811
-17.3238	-20.1895	29.5923	-23.4336	37.0693	-1.83192
30.1325	40.6674	49.6124	21.984	-5.29649	17.5419
-5.32395	27.4255	19.9881	-46.6002	19.2221	0.106737
-24.5079	39.7732	14.7847	34.7804	43.9573	-3.66064
46.1852	-11.5406	-49.9298	44.0123	43.5911	6.63825
-2.49489	37.3226	-15.3829	-21.8162	34.0449	14.3733
-21.984	-2.2721	-25.1305	11.1164	19.808	13.3418
30.0867	-25.6706	13.9576	35.165	29.7632	3.14452
-14.0858	3.81634	22.4113	5.54064	21.984	16.3615
-22.5486	39.7763	-12.7094	29.3207	35.3877	10.2858
13.0573	-34.579	-16.7806	-37.8811	7.57622	1.50377
37.579	-40.0601	-28.6645	4.98825	40.6919	16.5127
-46.9604	19.2953	-24.395	-3.51726	49.3469	17.0774
39.5322	-13.1428	48.6053	30.0714	1.92724	9.85995
38.5189	19.4723	12.7735	49.3561	-34.7072	17.3754
-35.0307	-0.23957	14.977	-2.56203	-44.8637	0.930283
48.5687	-26.6717	19.9881	-41.0703	30.105	17.8237
28.3197	21.2668	-38.7722	-9.8468	-8.72982	17.7502
-28.7378	-9.79797	-20.1865	-47.882	20.5222	3.42264
-16.8661	-29.5221	-3.0839	-39.8373	-31.1365	7.59647
19.0542	-25.2739	33.6695	-5.06455	-1.0361	-0.165959
-32.9218	41.0276	-22.3838	-37.3775	-36.9289	8.17689
25.9301	2.88858	-49.0387	-6.7217	-13.4449	6.09359
-43.4629	15.6636	25.5516	0.639363	11.4643	4.43608
-30.2942	-24.1173	5.40941	-49.6399	31.869	1.19548
37.4203	23.0491	-48.1506	-19.2251	-19.2434	3.96984
-27.7306	18.2394	-15.8223	28.6737	-43.3348	17.3329
-27.0226	19.0268	-41.6166	-29.5709	6.00146	17.8613
47.9949	34.46	12.0899	-4.98215	-31.933	13.0956
25.5364	46.8657	-19.0756	-3.14188	7.94855	8.02331
8.31172	25.4234	12.1967	9.38597	-20.1895	6.17147
29.0063	10.6922	-4.27107	46.5819	37.4203	-3.9523
0.8652	-45.8403	-41.1588	14.7176	-3.53252	6.54242
-24.2973	-3.29752	11.0431	25.6249	-9.71252	1.40093
-22.5425	3.27311	21.4255	-42.5199	-4.11847	-4.10662
36.6298	9.58129	-33.9778	38.1497	45.4009	17.7202
-41.2259	45.2574	-39.9625	-19.1397	9.34629	17.8585
41.6013	-30.0195	24.5994	45.9044	-36.7977	-4.08135
7.65557	15.2577	29.5038	45.8678	-41.3236	4.37476
-33.0836	-44.94	43.3836	-3.914	7.20084	-1.72799
49.5422	-4.57015	-10.8173	13.2069	-23.4062	-0.231256
-23.8914	-29.6045	-26.5496	-36.6878	-23.7114	9.74605
0.764489	-46.1119	14.6168	22.8507	24.6879	-4.08669
-3.83465	31.0083	-12.0167	-45.4405	26.2261	15.0633
-4.76547	-8.3697	-24.0806	1.40233	43.5698	-3.93381
-49.7681	13.6921	-25.9148	-12.7644	-25.103	13.9834
-49.7528	0.148015	-0.315867	-27.926	35.8089	-3.10622
-29.7967	35.3084	49.9359	-18.1478	-8.16523	-2.9286
-4.78683	-16.4968	-21.8101	0.950652	5.72069	9.446
41.7386	24.2546	30.34	25.1488	29.6167	2.14306
15.3127	13.6006	44.5555	48.413	-25.8477	-3.97936
-47.4822	-1.9303	27.2485	-31.0694	26.0887	8.81965
48.3856	29.0643	7.75323	-30.7917	-36.9045	-4.12996
-15.8803	-49.3439	-0.712607	47.4853	-45.822	7.58055
29.5923	18.7582	49.3469	-19.5334	17.0339	17.768
-28.2342	1.54271	18.5415	33.8679	-16.9759	15.333
17.8701	13.2008	37.1212	-42.9472	7.85394	-2.1629
16.5822	-21.7399	-34.1029	26.1315	2.5193	4.40984
-27.4377	3.41655	22.0237	-19.686	-29.7174	-1.97102
34.3318	4.93637	-38.9248	-29.8212	16.1061	7.58672
-8.82138	-20.3116	-33.9259	21.8253	47.9003	15.4007
25.6066	-32.9707	42.1384	-0.334178	-14.4917	9.40242
-18.2363	-5.52843	13.3961	-48.938	8.00043	0.155398
17.5558	27.2423	-5.20188	17.272	-20.5435	14.3398
39.0103	-32.7204	-24.1173	-22.808	19.805	10.8899
18.7185	-7.35343	-43.9238	-31.5119	-1.91198	17.822
33.9534	26.9372	-27.4285	32.934	-3.10221	15.5087
9.26084	-8.80306	42.9594	-18.9718	-21.4988	16.6213
25.7958	-9.48057	49.3286	45.5718	-5.92212	1.8561
21.1661	19.0909	46.6918	-27.0379	-2.65664	-3.11454
-26.6655	-28.2678	26.0887	-21.6025	33.3125	6.83776
9.15708	-18.5049	49.9634	-17.2231	35.6532	-3.66917
-24.8344	-44.0825	-15.3279	28.6767	25.9636	2.5697
36.0073	-19.2251	29.9188	-42.3215	22.2068	15.521
15.0197	37.9086	33.7703	-2.9252	-28.9575	15.2945
-42.1751	20.3848	-32.9218	-35.3511	-13.3351	8.36103
43.3775	-45.8769	-18.2669	-38.11	-45.1353	-2.98141
-41.6501	2.38807	-48.3245	-25.0084	-4.64034	-3.48503
1.73803	14.8732	24.5018	-39.0347	-31.8354	17.5019
8.84884	13.7745	26.6259	29.5465	-26.7266	3.96177
3.914	18.6453	28.103	-31.9605	5.54369	17.8655
-15.7002	34.5454	-6.62709	30.9198	-1.98828	6.28658
42.0682	-29.6777	-35.0246	10.6708	30.8679	-3.49293
9.72472	-29.0216	-4.74715	43.7864	47.7477	6.55396
-3.68511	-8.14997	-36.288	-23.8121	-5.83666	-2.59614
5.24155	33.3888	45.6084	26.5648	-41.8607	3.87739
8.17438	-30.5658	-35.4091	-46.8078	-17.4917	-3.98208
7.20389	-48.8006	46.9451	-19.4296	-45.0285	10.9137
42.4009	-11.2079	-48.1445	21.1234	-7.62505	16.5615
28.1426	-37.7346	15.6453	-1.82348	42.8404	17.7443
21.2943	30.987	-30.3919	-8.00653	36.0103	14.2107
42.6695	39.9319	46.3927	32.4091	7.71966	5.42994
-16.9942	-0.483718	34.756	-10.8753	-47.47	-2.46691
12.4042	43.6003	-15.6697	8.94955	-4.61592	10.965
2.99539	-13.9943	49.6826	-20.1285	-2.3423	16.6924
-46.8474	8.31172	-16.6799	-29.4183	20.6931	-4.1262
38.345	20.4672	1.83569	25.6371	47.1465	17.859
-36.0195	39.0652	-21.9932	-4.28327	7.67693	7.6315
20.4276	-45.407	29.9036	35.3511	-19.4967	-0.844303
43.701	-41.3266	48.4497	-20.1468	18.9749	-3.90734
45.1231	-44.3754	48.8189	-29.519	25.7347	11.8155
-22.6646	-13.7715	-28.8751	23.6503	-31.3868	10.0001
3.59661	6.53554	-28.5211	13.1275	-44.5494	-3.86631
46.5697	9.31883	-8.37275	46.4354	-13.4724	15.8702
-26.4428	-22.0084	-44.2289	36.2484	42.1812	-3.73647
-34.1395	-30.2423	-14.8671	-47.9095	-20.8762	12.0089
-37.1242	21.3157	-45.822	-30.7154	18.16	17.6144
33.0348	21.6544	-47.1191	27.4621	-29.6258	12.2641
-22.6218	-7.94549	-37.7895	-4.53963	-44.2808	11.9186
-28.576	-44.6867	-0.730918	-35.3511	-25.631	12.8449
-15.1936	13.1794	-36.3857	11.8519	-0.105289	16.9022
-6.66677	22.8904	6.89261	-20.0125	6.02893	17.5391
-20.0308	-12.1448	-32.6014	-7.84173	-41.3022	13.3486
-6.37684	-35.7356	38.9248	-33.3308	43.8444	-1.33473
34.3654	36.8648	36.6146	-22.7042	0.4532	-4.09381
-49.6185	27.3186	11.5986	-22.2861	-20.1346	16.4099
49.7894	27.2729	33.993	43.5301	34.1792	-2.03255
29.4031	17.3666	-42.877	3.20902	-10.0818	2.02699
41.7844	39.6146	-32.3725	23.6869	-28.7164	4.51806
22.9392	9.39207	1.51219	-6.48976	-5.96484	8.93966
-31.872	-46.8291	23.0796	47.1831	-3.40739	11.9115
-36.3735	25.4753	-25.1549	0.65157	15.508	16.8145
2.07373	-24.9077	29.4977	-18.981	26.9219	6.06623
3.77361	31.6523	16.4052	-24.1142	49.5239	12.4388
42.4406	-37.9727	38.8546	-40.2585	18.5141	-1.12079
1.29246	-44.4945	-4.29243	-14.9098	-18.5507	-4.0767
-34.6126	44.8729	11.504	49.4507	12.8681	-3.71783
-31.4631	-19.3197	5.94958	-2.43995	13.0085	-3.31353
-31.7743	30.636	10.9363	-37.6766	-3.32499	7.62881
-18.0685	49.6551	-39.2636	-19.4235	24.2546	4.41019
46.2889	-16.9546	28.0084	-14.0553	8.04926	-4.00236
-19.1092	14.1865	0.972015	4.17341	-16.8538	-2.3525
-7.24357	37.5668	-7.47551	-21.4286	-39.6084	1.15961
-33.1263	26.1162	-41.229	40.3684	-25.2037	17.5919
30.105	49.6704	0.672933	-29.9036	-10.033	17.3132
9.55077	-27.6543	-8.05841	41.3816	21.865	-3.98704
-16.39	-30.0348	2.51015	-39.1476	-24.5354	2.23686
40.0143	39.3307	-41.8394	14.3452	-31.3532	-3.03623
4.51827	48.5656	-32.5343	-10.39	40.6674	13.9525
22.8935	-43.4812	5.28123	-11.6657	-33.6573	9.62048
-44.7356	-43.6766	-10.3565	10.2344	46.7467	16.4043
12.624	27.9656	-24.6117	5.6505	-11.3849	17.7935
-5.59862	35.226	21.5445	36.1843	21.6391	16.8325
-23.2902	28.4906	18.1997	-24.2119	-12.7155	15.2946
-43.2005	15.8681	46.8963	45.8892	-27.5658	-4.05578
-27.0409	28.6828	46.2188	19.7348	30.1263	11.355
28.1671	30.34	33.1202	-47.6806	-4.17341	9.31103
-39.2514	33.3247	2.57729	16.8447	9.08689	8.86666
-26.1376	-34.8628	-45.8403	-10.4816	-46.7193	4.52858
-28.8324	-16.1336	15.0227	-41.1161	30.105	3.05023
13.6402	4.60982	-42.4986	19.8019	24.7887	4.48283
19.6738	-1.00864	38.6166	28.5699	-42.4436	0.689567
48.0102	-27.5231	-22.6279	-19.5303	9.78576	8.64011
-19.8141	21.4316	7.87835	-34.5882	49.9451	6.05352
-48.3489	-49.4934	-17.6229	30.3308	19.2099	6.72516
14.0645	15.8681	-11.1835	-27.4804	-49.1913	3.09213
-33.4284	0.941496	2.22633	-12.8864	10.5152	17.6845
23.2536	34.8048	5.10422	-33.4101	-46.8017	0.0278316
-34.5485	6.54469	17.4459	29.0521	-29.162	17.8064
37.0785	49.2584	-27.044	-7.63726	-1.09104	-4.11916
26.1467	30.3339	30.5567	30.1477	-35.2901	15.0663
8.623	41.2412	-21.1936	24.4591	-31.3532	9.78215
-25.9484	49.7253	-20.3909	-28.4417	44.0123	5.49408
-47.6012	-11.9709	34.64	-23.3299	27.9839	15.0783
22.8233	-1.03	17.5802	-16.5609	-17.7389	11.4197
-37.8292	46.5819	11.1194	43.6522	-20.7114	11.2567
-12.3493	21.7612	-23.2292	-15.0227	-45.1506	13.868
-30.8802	-17.4856	40.0845	25.0572	-5.67797	12.443
-27.6605	-44.2045	-21.9626	-31.9605	-45.8342	16.2344
-1.57323	-5.41246	-41.3022	40.3653	28.0114	-4.04823
-46.7528	4.74105	43.3927	-26.2047	16.3198	11.1517
19.1214	-25.1915	-0.209052	45.7366	4.18256	10.6766
13.2008	-36.5352	39.4467	4.96994	-43.3287	17.7773
20.7419	28.9575	-20.8243	25.5577	-19.6005	-3.28336
28.5943	11.8	30.9259	-38.9706	-22.8263	10.8702
-47.3449	-25.4479	-46.3652	-37.3318	4.86007	-3.74997
-4.04218	43.0387	-29.4855	42.4345	32.1314	17.8694
-8.81832	46.173	-14.8976	5.56505	35.4915	16.7717
12.5599	8.48262	6.27613	5.39415	33.0287	15.8548
17.7023	-16.6433	10.1093	-39.5871	-37.3226	4.03266
11.7328	0.886563	-37.0876	23.0705	49.7497	-4.01358
-39.2544	-32.7113	41.0978	-46.8139	24.9138	-3.66377
10.1001	30.3644	-38.6166	-14.977	37.582	-2.31367
38.7448	20.9983	-19.7501	44.7569	-6.48061	-3.67313
-36.8801	28.4753	-5.54979	6.85293	-0.636311	16.5305
0.602741	6.798	-30.2515	-47.5524	-8.80917	6.73381
-40.1059	12.624	-12.9383	-11.5192	-7.79901	-0.153289
-39.4314	-43.5301	-3.04422	47.3327	-38.4884	5.7329
30.6299	15.5965	-48.1567	15.3096	21.334	17.6082
24.8863	-33.3247	-18.0258	-29.9249	-14.2415	-0.949958
2.82144	-2.87637	14.2079	3.57219	41.9156	13.0277
-27.2454	-2.92215	-39.7488	-47.7142	11.5253	8.38927
37.7102	-32.2779	41.1924	12.627	25.692	17.2653
45.7457	33.7642	-2.62307	-43.1211	-22.6951	-2.86629
19.3777	32.6746	-24.4499	44.6593	-44.0092	5.33496
-19.5761	38.6258	-0.825526	-26.8456	-48.941	-4.12558
-32.4274	-31.9239	-35.7601	-10.6952	3.6668	16.9691
-48.764	8.59249	-29.7235	32.1558	11.1255	15.6572
14.1469	34.0693	-8.98618	9.06552	21.2241	15.8871
36.932	29.8914	-9.13266	-41.9645	47.1862	17.7702
34.8872	-24.9443	-11.3758	-36.0134	-15.2455	-4.07566
46.6948	43.762	-12.9383	-45.8068	10.0635	10.6497
-24.5018	15.5538	29.8242	3.20902	26.0094	15.5257
4.0727	-45.5229	27.5475	-48.7579	-45.8678	5.68118
-34.5363	-4.37178	-9.84375	-30.9534	42.3673	3.56805
-49.8016	20.0339	-49.5972	30.0562	-42.3338	16.0805
-11.4185	-35.6868	-47.4761	29.1009	-36.5993	15.2785
-44.5311	-16.8325	-28.0786	-10.5121	37.2036	6.8518
-12.8864	25.3502	-4.68307	35.6349	1.2833	-1.73443
-17.2201	38.2504	16.0543	-32.2626	-45.7945	6.66383
29.7601	-30.343	-14.0065	-28.2067	31.222	2.2411
-11.2506	-0.0991852	-8.25983	-39.2087	8.54366	1.47893
-15.2944	-4.42671	2.07678	43.7162	49.9603	4.97654
43.9604	-44.8424	-2.22327	23.8426	-13.8112	15.4949
20.6442	-26.5557	34.5759	-21.5445	-42.6603	16.5704
-37.8933	-45.4649	14.0431	4.20698	40.5148	1.82312
22.6707	18.5476	7.14896	-47.1862	10.857	-1.03687
13.2771	41.3663	6.08997	49.8718	-0.0778222	11.3495
-30.2087	-42.5382	-19.509	-30.343	28.341	3.92606
20.9555	45.4772	-10.2283	-21.5323	-27.8222	17.8592
-12.0472	-29.0399	17.8152	-20.9799	-28.103	17.071
-31.5729	-10.5762	36.4101	-9.70946	19.8721	10.4833
-19.7439	33.3338	-23.3818	-26.4794	49.5544	-3.90255
30.1904	-14.7084	9.3646	-22.2587	-25.3899	17.1656
-43.347	6.60573	-23.5435	33.9106	32.1772	-4.05777
-39.3948	-49.7009	-27.7673	35.4823	2.30262	15.0049
-48.9685	-49.4232	-15.1967	23.336	14.7206	-2.97201
-22.2251	-47.4822	-40.0601	22.5517	-9.41038	-4.07275
37.3836	38.7661	-24.1081	-8.97702	-34.9361	13.5742
37.7102	26.2322	18.9932	-17.336	-35.0429	17.2653
-49.3652	-11.5284	-37.2433	9.2761	13.3229	8.27079
-34.756	-17.3421	-35.2718	4.02081	14.3666	9.23941
-5.48265	-17.0553	-6.32496	-4.50606	-48.1811	-0.139257
-43.9695	-1.80212	34.1945	8.01263	-16.7074	17.8179
-9.17234	47.3327	-47.2381	24.8527	-46.2615	17.6827
-49.2859	1.60375	-4.68917	9.57518	27.0623	9.67618
4.46638	0.593585	23.4428	-17.5283	-11.1896	-4.00265
-28.9605	16.0634	-30.5322	2.96182	-6.03198	8.85303
-21.3187	4.80514	-24.7612	-1.2833	30.3491	14.5321
-39.9167	-45.4466	-2.60475	8.22016	-46.6247	17.4396
48.0651	34.4081	31.4814	19.9423	21.5232	11.9388
47.8851	29.5434	-9.83154	-22.042	-3.8377	10.499
-24.9046	-47.1404	-19.6951	-47.5768	12.6972	-3.52096
32.0185	33.5688	20.6412	23.4733	-44.8027	8.17239
-7.77459	-24.1142	16.5944	41.6227	8.43989	6.39129
-17.7419	-11.8763	-11.8854	-13.3137	-8.60469	3.06501
37.8689	-18.9535	-39.5047	-25.1701	-15.1265	-1.31589
12.3493	-43.1394	-6.76443	-27.8253	27.7673	13.868
-36.0195	-44.29	1.42979	-14.5253	-32.0765	7.6315
-27.7612	-11.9526	-46.8474	-26.0918	-47.5707	17.2479
-22.5333	21.6727	-22.2739	-46.3286	13.1977	-3.23354
-36.4956	3.02286	31.8354	-2.79397	13.9912	1.04266
-29.989	-2.37587	33.3644	3.56304	11.2476	-4.08199
31.7347	-5.51622	19.1092	0.120548	-38.0917	0.96786
3.63628	22.5211	7.64031	-44.9614	-29.6594	1.80482
4.61592	-46.8108	27.4407	-27.7276	2.54372	12.1184
-35.1619	26.397	23.0949	-41.2381	14.8579	0.936531
-13.863	17.0461	49.7864	46.0326	11.3392	5.14827
-9.08078	-37.2677	-45.5412	-8.69625	-5.95264	0.114715
47.9003	44.3907	-2.07984	6.92007	25.4051	17.7829
20.7541	-29.4733	-0.956755	-25.9392	35.0368	-2.83767
40.8536	-33.285	-19.3777	-49.9145	1.06052	9.04196
41.2809	-22.5242	39.4894	-31.8476	8.52229	5.76835
46.9634	-12.8651	47.7264	29.8242	20.4031	3.77964
2.62307	-49.7101	5.71154	49.9939	18.0868	8.08302
-36.7214	-27.6177	-18.3401	-17.8884	31.8079	13.1114
-28.0908	7.03909	16.3411	-48.6572	-13.3534	-1.59477
22.6524	-49.6094	25.4753	-21.4316	-25.5455	12.7311
0.73397	-8.24152	24.0959	15.8712	9.11435	-3.69287
-31.0663	-14.9586	-42.6115	6.21204	28.4936	2.54018
6.34327	35.934	16.0848	43.8261	-18.8437	3.2284
-17.9556	-32.9402	20.0217	-26.0369	13.0726	6.94884
24.7337	-42.5565	42.3154	30.4437	12.5965	14.181
-47.766	47.8179	49.1699	36.0622	-13.1336	-2.52075
-2.96487	37.701	-24.6361	13.8173	2.87027	17.8484
-3.73699	-36.9106	-14.4032	7.07266	-48.2147	17.2964
11.8549	34.1334	-45.4619	-2.4308	7.82647	13.8971
-47.2869	-40.0418	-44.2137	35.6929	-16.3778	2.12212
-42.4955	-9.01364	-49.3072	-35.4976	-25.8904	-1.61557
-47.3266	-36.6512	36.7031	17.0522	-24.8741	11.7044
-47.4914	-31.399	16.3808	12.5721	-27.6513	-4.11675
-2.85806	12.8864	37.8231	-31.0724	40.6308	14.0958
32.1619	-17.4795	-28.0419	-14.0461	35.4701	14.2382
47.1343	-22.6157	3.34941	-12.0563	-41.2564	6.53453
-13.5975	-8.19575	34.8476	4.88449	16.5639	16.7844
8.2873	26.4092	21.4103	-49.4415	-16.1306	16.949
-18.0288	-37.3409	38.345	-20.1132	33.993	15.7842
31.9056	18.1722	-12.7369	42.5443	0.331126	17.7883
-27.749	22.1427	20.9769	-7.41142	-17.4551	-2.38477
20.9037	-36.6848	-32.931	2.42164	-12.2578	-3.79834
14.0584	-30.9351	9.74303	-2.09204	-29.049	13.8981
-15.1387	-42.9685	9.71252	-38.5647	-25.0389	2.53234
-15.6911	-11.5101	-16.6738	14.5222	10.2802	-3.96351
-4.45112	-49.6216	19.161	-32.5495	45.3429	-4.01549
33.3735	-15.7888	-3.1785	-16.1306	37.3104	-3.92207
15.6026	-32.2413	-8.46431	5.3972	-19.5456	1.77391
38.7234	-36.462	-9.62096	-44.4731	24.395	10.9182
-29.0948	-16.0848	1.65258	-15.0807	-44.6684	-0.601652
44.5555	42.2544	2.80618	-39.0652	14.9892	17.7161
-25.8995	-36.8282	-43.9543	-30.8161	-11.5711	17.8321
2.9252	48.1597	-19.9759	30.5017	44.5128	10.4095
45.172	48.0834	-24.1874	-20.1285	-33.9534	-2.30915
-17.864	-49.0204	20.1987	-45.996	-27.8924	14.4158
-22.4693	-22.8446	-4.60677	44.9553	-33.3918	-2.7664
-8.83358	-2.68715	44.2442	42.8465	-27.6177	11.8605
27.2118	23.9525	25.4051	-30.0073	-32.5434	2.85782
-2.83364	44.4212	35.4579	-11.8793	30.282	11.4611
20.867	-4.66781	-8.96481	23.336	-11.919	-1.77934
-0.721763	28.2464	-32.8974	-17.0278	-41.1161	-3.15984
48.0346	17.568	-14.9068	42.9563	-28.4112	-2.40011
-21.5964	31.7072	44.8424	-46.5423	32.107	-3.66124
-13.0848	-12.5019	28.9422	10.3381	-6.93228	14.3316
-18.1631	1.48167	44.2167	-17.5314	4.03607	15.5902
-26.7388	-14.9556	-22.4052	7.41142	-27.9321	17.6808
36.2423	-42.0957	34.4996	-22.4296	-13.0238	6.06774
21.3706	44.9461	0.138859	-11.7939	18.8711	5.05208
24.8436	15.3371	-38.2656	-10.4541	-6.86209	11.1749
7.19169	-17.1224	-24.7307	-29.2627	23.3787	17.8598
27.401	42.349	27.9351	-4.54878	23.3421	0.320926
-11.4612	-24.2241	27.2362	-1.65868	-36.3979	-2.56276
17.0034	4.50911	-36.9076	-18.5995	22.1793	4.9042
29.0857	21.5659	-48.2482	46.6674	30.4621	-1.01313
48.6053	10.1337	-46.0051	-41.8912	25.5364	-3.09482
-26.6442	-38.6319	7.55486	-25.5882	-0.657674	0.181516
-27.1966	-16.6066	-18.4988	-20.8731	15.6301	1.84197
-47.6806	-49.3164	39.2209	45.9197	-10.6708	-2.83123
-22.6768	-17.568	38.4884	-29.7845	-16.6921	-3.68544
45.3124	27.0928	13.4816	3.80718	0.309763	0.244322
10.4541	24.7734	-33.5414	-19.216	-10.2832	2.23285
47	-46.4782	-43.0082	-47.0214	-30.7733	0.666504
-12.3066	41.1863	-27.4682	-2.50404	32.1497	5.11536
49.9207	30.398	40.6674	45.5077	1.71972	-2.84707
37.8262	14.4459	-17.7236	-21.7551	-35.6349	15.3664
16.6738	-20.571	27.0074	42.1293	-22.9331	15.7319
19.7623	33.8679	-39.1507	34.46	12.5965	14.3157
43.3439	19.4327	44.7264	-17.4612	-45.0713	2.68746
49.5422	-27.4987	6.82546	-26.5191	-23.1162	-0.231256
-30.1965	-8.04315	41.8546	35.8364	-5.30259	5.76346
30.1965	33.8801	2.98624	-26.8822	26.5954	5.76346
35.8333	-34.7224	-43.0052	37.1303	-5.52232	4.1003
-11.6871	-18.215	8.6108	-40.1334	0.511185	13.55
-23.4611	-39.0347	0.962859	-41.3083	29.635	-4.08424
2.54677	22.2709	10.7379	-36.7	19.042	17.8574
-40.4691	20.9372	20.0735	26.6747	-17.3116	-4.12097
-26.3329	14.2384	30.2667	-15.8467	21.0196	-0.475974
-48.4985	-23.1864	-19.393	-10.0299	-30.0867	8.7556
45.2025	6.34327	14.7877	5.19883	-37.3348	-4.00531
26.3848	10.2283	33.6543	-11.3575	47.4212	10.3974
-48.822	-4.30769	-43.3622	-45.2574	-25.6066	-3.60592
-46.823	14.6992	-46.7284	-32.0978	-16.3228	-0.703921
-44.8271	40.8109	-36.2575	-35.2565	-25.6493	5.21836
-8.36055	-0.343333	-48.6145	-47.4181	-21.3858	-3.66512
-34.6767	-0.209052	-4.43892	11.8488	-1.17344	16.3002
40.4965	27.3614	22.1122	48.9074	-45.9288	15.1139
-24.1722	-32.8913	-31.3135	-47.5005	41.0306	17.7483
-11.2995	-43.5514	19.3045	-12.7247	-0.740074	15.8709
9.1113	11.6169	49.4568	25.2281	4.03607	-0.214886
-22.7042	-5.78173	-13.9607	-25.2342	-9.82849	5.35827
26.6808	36.5169	-3.65459	-43.3897	-16.744	8.49956
-49.1424	45.822	-3.51421	1.25584	-23.6259	-4.10998
-46.4141	-48.3184	5.84887	35.0581	11.1469	-3.79897
25.2739	5.06149	1.1185	-49.0326	4.47249	17.8576
33.3796	32.6685	-35.9767	-29.4794	34.637	17.1314
-14.4276	-29.3542	48.5992	24.752	-12.3035	7.24465
10.3412	0.892666	25.0114	1.6007	-33.8374	-3.81336
15.9871	6.45619	-46.1333	-10.7044	-2.38502	13.611
36.0347	-40.8811	39.4314	6.00452	-34.8506	14.2997
16.9118	6.61184	-45.1445	-48.8037	9.60265	12.5233
30.1508	17.1102	-47.2594	-20.6931	-19.7775	-1.58249
42.6389	-11.037	12.1052	17.7938	40.9787	-2.21097
3.96588	7.57012	-1.51219	32.2077	26.6045	8.6363
-38.2138	36.0378	19.1488	-33.5505	41.998	11.1373
-9.1052	-16.0604	36.5078	-19.0878	-0.279244	-1.45509
-37.8231	43.3134	-31.0511	11.2568	-2.27821	17.5777
35.0337	-27.6269	44.3083	31.2647	48.2238	-2.46915
-44.3937	33.4162	25.8446	43.8169	35.7112	-3.9505
-22.1732	-17.6138	-27.0043	47.2472	-40.5484	6.45853
48.3978	-36.3918	45.6145	45.3398	-27.0379	11.3627
-32.342	26.986	40.3897	11.153	-39.3918	2.98315
-7.0452	5.87024	30.9717	33.0317	38.0703	-1.22
9.37986	25.9636	-34.7224	-11.7054	21.8833	-1.33389
-13.393	25.8019	-31.3746	27.4316	33.6421	-0.825893
-16.3167	27.8954	-38.7753	-33.5932	-23.8914	3.49042
-1.06052	41.5952	29.3695	21.3095	22.2465	-0.785113
11.5772	49.9115	17.629	11.2018	-44.3297	-3.84725
-49.4354	19.3991	-12.9353	7.41447	-11.2262	-3.35293
30.1325	-38.2076	13.4144	27.2973	3.77972	17.5419
-3.1663	-30.5567	-11.565	-5.42161	16.0421	-3.97337
-5.76647	-4.84481	46.1913	0.791955	-43.4202	-0.0102828
-47.7569	-39.3094	45.4833	21.4072	-29.3481	2.4742
38.1039	1.46947	30.3858	-11.8976	27.0287	17.0115
-12.3615	-17.2353	-10.8844	-22.9392	-4.30769	-2.98317
32.0154	-22.3991	33.5719	-31.7286	-36.0927	-3.13019
5.07065	-34.4996	-21.9016	-28.3166	7.67388	17.7825
-33.2057	-13.8417	-6.09607	-44.8668	22.0847	1.08158
7.16422	30.6238	-35.2748	-22.747	-39.6573	14.8129
3.502	-16.5914	5.52232	33.7062	-24.4896	-2.78346
-8.72677	9.64843	39.9197	-4.18561	29.3725	6.77294
-49.0967	-8.09503	-14.5436	5.09812	45.4192	8.20761
-23.7175	29.5373	-21.746	18.5324	-47.1862	16.779
-8.58028	-19.1275	-42.1995	-42.0927	14.6504	14.8831
-26.0399	-44.7661	40.3928	28.1945	-5.69628	12.0388
-20.5679	7.60369	20.6198	-5.58031	-31.7835	7.29484
9.99023	-1.15818	28.7896	-17.5893	42.2819	2.04531
-2.90994	-10.4846	11.3666	-10.6006	-48.3489	0.196595
44.5311	-29.1284	-4.77462	7.10623	-18.5568	6.8518
-15.9108	-17.6626	-30.4071	10.2008	-13.921	13.8239
0.84994	-27.1935	27.6299	42.645	34.4844	3.90207
-27.7276	-2.93741	23.9982	41.9797	33.6238	13.3077
46.0936	23.9708	-38.0093	30.3797	35.6288	16.2254
-34.6431	-40.405	16.9881	3.36467	-17.9983	14.3963
42.4986	-7.36259	34.7896	18.2638	25.1183	-2.66004
21.5415	-35.1436	36.5139	-31.3623	25.277	1.86279
-36.5474	-26.7602	-24.8405	12.8285	7.76849	8.65604
34.4325	-35.9249	-36.0439	-5.29954	-29.1742	6.38146
8.80306	31.5027	-3.54167	23.6839	-38.0032	17.8041
-21.749	12.4073	-18.3401	47.3571	14.0278	17.6818
20.3574	39.5016	46.1486	48.5748	-19.6097	13.9368
-0.959807	-43.3866	25.8934	-5.65966	3.27006	17.804
-45.6755	-44.348	-25.9392	44.0092	31.6492	14.593
7.2985	21.63	33.8435	44.4273	-17.5314	-0.272003
-25.4509	-17.0583	44.0428	31.3715	19.1733	17.3782
-28.6187	22.924	28.7133	25.3563	-42.3887	8.91162
-48.3245	-25.1457	5.55589	13.6677	35.9188	12.0997
37.7499	-48.526	27.7764	-29.0124	1.33824	17.7844
-48.6419	-35.052	22.6279	36.0469	41.0672	1.84682
26.2474	11.7389	-43.0754	-7.91498	-2.74819	-4.04335
31.4173	-14.8427	-10.4358	26.4763	-25.7225	8.24816
-21.5323	3.52336	24.221	-1.6892	46.1486	1.28911
6.33412	22.631	9.30357	14.2445	39.6481	-2.97505
-12.5599	-11.9953	-43.4324	-16.1855	22.1702	15.8548
40.1425	-42.822	33.0134	-44.7325	-2.61086	11.9299
19.8996	29.1467	-49.0722	47.4944	-9.45311	-2.97855
-42.3612	34.1548	21.5567	7.49687	-41.6776	16.6563
-29.3115	16.7257	46.1608	-45.5901	-7.51823	4.52096
-17.6778	-26.9433	-47.1679	9.25779	47.6073	16.3936
-24.9168	18.9474	-3.12052	19.2343	-20.4245	3.69969
-21.2058	3.05338	26.5923	30.8435	-47.9827	15.9203
-38.934	43.0967	38.7753	-31.4081	-47.8301	8.96137
-38.4091	-34.8872	-27.5781	7.17338	-48.0193	12.3715
-36.9167	-34.9727	-12.0258	-20.7816	35.934	10.0994
-7.6281	39.5627	9.74914	30.0745	27.9626	6.82395
-46.8322	-15.4256	28.4021	-44.6074	31.167	16.9567
-12.9536	-40.5759	3.43486	-5.63219	-16.5059	16.4285
-12.1174	36.7244	22.3136	-35.1527	2.36976	2.70612
-44.6684	-32.8028	-32.6655	-34.286	6.17847	8.20077
32.0582	0.450148	43.646	-40.4874	-46.1577	11.0456
-39.7763	-22.5974	-46.4415	-18.0044	-43.997	-4.12742
15.9505	-39.5505	-6.84988	28.8293	-26.6655	-1.29497
-23.4489	32.6136	-10.4846	26.9097	-9.62706	3.32326
23.1986	-45.3764	21.9718	31.0968	32.0978	0.699456
8.3697	-1.50304	-49.0905	36.3674	-31.341	1.28105
5.55284	44.2869	-22.3258	-14.6535	19.0268	17.8044
-42.7732	46.9329	48.8281	28.3135	-10.2374	17.7743
-10.567	37.1334	7.57012	44.6654	-28.872	6.42074
-20.3879	37.1639	25.6096	-3.34941	-34.6614	-2.53448
-9.06858	37.8842	19.7378	-25.6218	-45.0896	11.8966
-5.27207	36.6329	-39.9838	-6.89566	-17.4947	-1.26761
3.16019	-39.8801	25.9667	-12.2578	-33.9778	2.43439
-34.3226	37.2036	39.2544	49.0051	24.7368	-4.06245
-25.4814	-31.6187	-15.3493	9.79492	-40.0693	-0.725622
40.5881	32.1406	26.7937	-24.7276	-38.6227	-1.14868
-28.1579	-6.16321	38.5372	9.84985	17.3116	4.70034
-32.2199	36.6359	2.8428	35.2626	46.7711	-3.37331
30.2576	42.9106	14.1865	26.8944	-3.59355	9.01127
-46.82	-27.7734	41.0794	24.2729	-47.7111	-3.89017
44.9461	-41.7081	30.0165	-27.5475	43.5575	-3.42904
-28.7164	6.16932	-26.1742	24.3614	-49.1394	12.7878
-28.8079	-41.7051	-40.1273	-5.04624	34.8811	3.33984
35.7936	-47.6287	-49.5209	45.1872	46.2859	-0.763032
-19.5517	36.2239	32.1467	-9.45311	19.1733	7.14226
44.7905	14.4642	-27.1538	24.5354	-48.1964	15.4047
-15.5416	8.67489	22.7714	10.4572	36.9198	-2.77703
0.633259	-4.82345	-40.4904	-42.465	35.6258	3.98639
-0.920133	22.9392	36.5658	6.42872	15.5507	15.6214
29.2627	23.2505	10.8539	-35.5037	28.7561	3.59208
-13.2527	31.5241	-22.2129	36.6115	-0.914029	0.220265
49.469	-29.0216	-19.7653	5.84277	-5.38194	17.6009
4.31379	-21.2546	0.114444	-13.6464	-26.3848	-0.712155
32.815	-34.5393	-32.7967	21.6636	-46.9817	14.7346
3.41655	-17.1651	10.7166	4.76852	11.1591	15.3578
11.4643	46.8078	-2.04016	25.0572	-4.20087	10.1552
-3.61797	-0.498978	-4.38398	-19.3472	-14.0065	-4.12355
-3.21818	9.52635	9.34324	25.5852	-9.70946	0.292453
24.3767	-18.0044	46.0662	43.408	31.7072	15.9417
28.9117	-8.25373	-32.4213	14.0156	2.07373	-0.0939914
-41.7051	-29.0246	11.3086	37.9482	16.8172	17.3903
48.7213	-37.1303	-5.28428	14.7053	42.8709	-4.01622
39.8373	17.0217	-6.1449	-49.7589	34.225	-1.22423
31.3959	16.9057	6.21815	20.0308	25.4692	-4.10083
42.0988	22.6341	-47.9797	14.1072	37.4111	14.1381
7.92108	17.8396	45.5504	-25.4509	47.589	15.2863
9.06552	-49.2309	-6.52333	-26.8365	26.8487	2.92663
-10.9302	-21.9504	-2.22022	-12.2791	-6.87735	-2.04777
33.4315	46.4324	45.2513	-33.4681	5.86413	10.4674
-40.8719	-6.8804	37.0907	35.4884	-4.98215	7.99267
-34.7102	18.7735	-17.2536	15.569	-1.13681	-3.02249
-14.3025	19.0939	-24.9504	-24.7703	11.0981	-1.09324
22.5364	-3.70037	5.22629	-25.5455	-31.2647	9.28924
-39.996	-26.2169	-10.0604	-41.7936	-14.4276	5.88891
9.85595	-40.7559	-29.7113	31.7225	-2.91604	1.99487
1.97913	-15.5141	-5.06149	-9.0228	-33.2911	16.5186
-40.1669	33.9106	-41.876	-24.2027	12.8925	16.8278
-1.96997	3.10831	7.14896	-15.0136	-11.8244	10.0748
-1.26499	-33.99	39.3429	27.8069	-14.7664	1.61428
49.9115	-21.276	-27.4621	-45.999	-40.0845	12.0858
24.2119	36.3399	-18.4561	-38.7265	45.7213	14.3323
-37.5668	29.2505	46.6277	-15.0807	17.0675	-2.45969
-25.396	4.85092	-38.8394	34.2463	-10.5213	-4.02217
48.7213	1.01474	-10.4328	31.0907	4.46333	-4.01622
-17.9098	31.3074	-38.6776	16.3656	31.7347	-3.0838
46.8169	-40.0418	-30.459	-28.7774	-7.57622	-3.36957
47.5066	-16.0176	46.1028	-35.0551	-16.8172	1.12199
-16.9759	33.2789	42.8922	-46.2188	-10.6342	0.255909
-34.5088	-24.4591	18.9261	-48.2696	-36.1934	3.35395
48.0071	28.4143	-44.6654	18.7185	0.367748	17.1574
-22.7348	19.2587	10.5274	29.0796	14.0919	0.52453
33.871	9.5996	48.6663	-31.6126	41.3846	7.9382
47.1374	41.9584	12.4195	12.7522	-2.94961	1.08361
-23.1101	23.2933	23.9341	-40.35	18.041	-3.65621
-39.1568	-15.2852	-12.3463	11.0096	26.9921	5.97594
23.1956	45.2422	-32.2108	22.1244	-20.9342	1.92068
40.7376	31.2372	-35.7814	8.79391	23.5405	17.1662
46.7498	-13.7318	-44.1527	-14.0492	19.3167	12.7797
-22.3655	-10.9119	-39.5138	-15.9505	-14.9953	-2.4839
-37.5423	-46.6491	-31.7133	38.5189	-0.935392	4.99334
4.64949	-26.5496	18.7246	-47.1892	15.978	0.860944
-45.2574	29.9799	-49.2859	36.05	26.8273	-3.89408
-4.06964	-31.0358	44.9248	-26.4	42.6634	-3.4039
45.9441	27.5048	-9.80102	-14.8	-14.745	2.35863
-23.0796	35.3603	-17.0614	-48.056	18.4317	0.135007
22.2465	-20.3604	14.9648	-5.57726	25.8843	17.7717
-6.36769	39.1049	1.20396	35.3236	-26.1742	15.7441
-20.5741	18.1661	28.6462	-12.8101	-18.6178	12.7562
19.9515	-1.03	-46.7315	39.7	12.2639	2.21382
9.5172	-8.58028	19.2038	-18.0868	5.94043	17.1107
-3.63933	-9.32493	1.78076	-35.9981	7.66472	-3.87374
-15.1448	-18.749	0.706503	-11.1713	17.7541	13.5909
2.80618	27.0409	-18.4744	-9.63012	35.3755	-3.00817
-29.5312	-49.3072	15.9536	-34.9605	45.2422	15.2511
-13.9454	-22.0817	33.7886	-1.30467	-24.2882	4.62677
-28.4326	26.8609	11.6657	17.4581	32.7052	13.1877
-0.605792	-18.8925	-16.6524	6.3097	-17.0888	6.46803
-36.9137	3.30363	-41.6471	-37.6583	4.22224	13.1056
-16.7989	-16.0665	-35.8242	39.758	23.2261	16.1138
14.7969	46.35	-13.6555	-48.0193	-20.6015	17.4206
30.5567	7.67693	42.1201	18.6697	-32.4793	-1.37114
-18.8955	22.9545	10.4968	-24.0532	43.3561	15.1232
-44.1496	6.19678	45.6908	43.4599	-12.1143	-1.13932
31.9849	45.8312	-18.9322	49.4659	-41.406	-3.59433
28.2434	-41.7936	11.5131	-7.75628	-32.6807	2.59633
22.6524	-32.1314	-10.0513	26.4367	31.0175	12.7311
-41.5189	-47.586	-8.21711	9.73083	-0.938444	12.1803
-2.40028	-35.754	41.9309	32.8089	-31.9727	16.2572
49.884	-41.4884	-30.1843	-24.9443	39.6786	7.20778
-38.6227	29.8242	33.1568	19.1702	-42.9624	13.049
-46.1119	-12.6331	-1.40233	28.7072	0.642415	5.81903
-12.9566	4.16425	24.9626	-7.26493	9.01364	13.3674
21.0685	-6.81631	29.1009	-16.7348	28.927	16.0558
35.7967	28.6859	24.3126	20.1773	17.5192	14.568
21.2149	21.3431	42.1445	1.6953	-49.3225	14.7692
-9.71557	-46.6552	43.8749	7.1337	40.9055	5.59866
34.695	20.7114	-47.5555	-37.9299	46.1882	14.0998
22.3807	-44.4029	-21.6819	-30.2576	-13.4388	8.87229
3.21207	-19.1916	28.8079	2.16529	0.877407	14.1855
-14.1621	25.3105	-39.0988	30.9198	24.0196	-3.7227
-15.3462	-15.1509	-17.7541	13.2313	49.3377	7.48851
8.08588	17.9037	18.5049	11.8244	40.5789	1.49261
-4.08185	-48.0682	27.2973	-7.58232	9.1174	6.30471
15.743	-3.0839	-13.4785	-40.4965	41.6807	4.4123
-37.7651	37.9452	32.8272	29.7693	1.33824	15.0603
27.9077	-11.0279	39.6542	-32.6197	-49.3011	12.7651
33.8099	37.5698	-39.8587	-38.4732	-11.9068	-3.96176
-47.882	-28.8018	3.48369	19.0695	41.9736	17.5067
-6.64235	41.7508	-49.6063	28.5699	34.9849	8.34459
-16.8813	16.0237	-2.96182	29.8151	9.04111	7.45731
-26.3817	18.3615	-17.0705	0.221259	43.2218	-3.91732
-4.04218	43.469	-19.0176	-13.329	-10.1489	17.8694
44.7172	-38.5434	-6.46229	21.4316	2.23548	-3.87887
5.77868	-10.9272	12.0563	10.5792	4.32905	17.3999
29.8822	-41.4426	29.3176	-21.7246	2.91604	16.553
-1.22837	-1.1063	-5.58947	-6.60268	-29.7601	14.2588
-22.9698	18.4835	37.3257	15.2211	36.2453	4.06284
-14.8579	24.1661	35.0673	13.1306	12.5874	4.93119
-34.6156	47.2015	-49.9847	40.0815	-5.59862	12.3914
47.702	19.6463	16.4541	13.628	32.7143	2.7388
-26.5343	17.6687	-45.822	-18.2333	4.20087	9.19951
21.6636	-36.0439	-43.8871	-36.7092	18.4957	17.8142
-10.39	15.2577	23.8487	-15.9871	-31.8812	0.390298
4.74715	29.7266	-4.92721	-6.44704	18.4072	15.7648
21.3889	14.5405	-25.3502	-11.9129	-20.8914	-1.2886
24.0928	48.8342	4.09406	-25.7836	33.0317	-3.67107
-31.6767	19.3869	-31.0389	41.1893	23.9189	-3.35745
40.7224	-44.3724	-15.9566	22.1122	-40.1975	-3.43805
-24.4377	38.2168	-18.8559	27.6177	8.66573	-2.8678
15.4164	-38.3633	25.0511	-25.9575	23.0094	16.304
-2.5895	32.9188	32.4274	19.2892	42.1293	17.7866
-45.4649	30.9412	41.6379	-2.62001	-6.04114	-3.62438
-19.0847	35.6166	37.8567	43.0052	9.29746	1.64731
-36.8099	-0.819422	-19.8233	-25.6493	18.1814	14.3602
44.1099	34.6706	-13.7776	27.0348	-27.3797	15.9236
18.4805	23.0155	-36.8892	-8.3636	-20.1346	3.80861
-17.0125	-47.4364	9.88037	-18.8406	-36.4498	14.0919
-0.0930815	-26.397	-45.819	7.58843	11.4948	17.8698
8.72066	36.2667	7.82952	44.9339	-14.9617	13.6082
40.109	9.83154	-37.3898	-31.8262	-39.4955	-2.53526
4.24055	17.4551	-25.2068	-28.8385	48.9105	6.54766
49.0326	-3.22428	14.629	11.5467	18.1417	-0.495983
9.99329	38.5525	-26.5191	-42.0164	33.2362	-0.861569
-18.6728	-14.8	-29.9127	-47.0122	-39.7061	6.87251
14.2537	43.0631	-20.3482	-34.3928	-23.8273	6.37268
22.338	-49.1852	12.8742	-10.9546	9.00143	17.5034
47.235	-42.291	42.291	15.8742	37.1395	4.34674
25.3685	20.3818	-41.0764	14.4734	-41.5311	-1.65597
-27.9595	12.1632	46.7101	36.0988	-34.4325	-2.49017
4.13678	-2.13477	-32.7723	20.9311	-15.8437	-3.79257
42.3215	11.7664	-40.7437	36.3674	35.11	-1.50959
32.2077	-39.7061	-30.1996	-45.7457	29.1009	12.0839
-31.457	-37.4599	-19.1824	-36.5841	38.6258	-2.62497
-11.9251	32.2474	18.984	-39.4711	2.04932	-1.85164
14.7023	8.03705	-44.5982	17.4734	9.92004	15.9275
-26.8914	-17.5893	46.5178	-37.7071	-11.6993	10.072
47.4303	37.054	-18.2424	13.1123	-45.9502	14.6051
-17.9464	28.1396	1.90588	-12.3463	29.9341	16.9836
-7.45109	22.2068	-26.9433	-25.9636	41.5067	17.8348
-15.1234	-3.51115	49.3133	39.3399	39.3429	6.56858
32.3664	14.3696	14.5772	36.9839	-34.344	16.4438
46.9848	-14.1224	15.8254	-49.6887	31.2403	17.7685
13.1672	9.61486	-5.49486	-35.6471	-10.4083	14.765
34.4722	13.213	-38.6013	39.9197	-43.8292	3.02817
38.8424	-14.04	41.0184	-8.75423	30.4498	10.9662
-15.0777	30.0073	44.9675	-27.7429	-44.525	8.95249
15.7643	39.3979	2.02795	22.4693	-40.6644	17.812
34.5973	-40.0449	-45.764	38.9645	-3.89569	-3.85092
-1.31382	-4.95163	-34.7438	11.8549	45.0926	-1.62485
42.2575	-37.7743	11.6138	-45.5596	46.3042	5.01311
-20.2475	-7.89666	47.5768	-38.2687	-46.9054	-3.92457
0.886563	-28.3074	27.2515	-24.8466	-17.8182	10.3898
-24.575	3.06864	-3.00455	37.7285	38.7814	13.8469
43.5606	22.3472	5.77868	48.587	33.3979	17.8367
11.681	11.4307	-39.9228	-34.6858	-38.5464	17.7595
-8.66878	35.2474	-12.4226	-25.7958	45.9319	-1.80034
-1.43895	-0.709555	-14.9373	22.4204	0.694296	-3.03598
21.7277	-39.642	-18.572	30.8985	23.7022	14.8292
33.9106	-49.3469	-31.3837	29.2291	-3.36772	16.7255
18.5354	15.0075	-14.5222	5.09507	-28.9361	1.1571
-5.06149	19.2526	24.6605	24.9199	-29.8456	9.67722
-39.9716	-27.2179	-40.0143	-45.8403	-42.2361	-4.0191
-21.8192	4.43892	-30.4773	-26.4916	21.4042	17.4909
-24.5354	38.168	-28.9544	-27.5079	28.7957	-3.33237
45.2971	-12.4165	-8.65047	20.1346	-32.4244	7.94845
11.7115	6.39821	31.6523	6.2212	46.6918	-1.59452
37.2005	-33.3918	15.5538	-12.7827	-23.3451	8.5111
-34.7011	-32.2901	-12.1906	-1.60985	45.3856	-4.12713
44.1374	-49.1119	4.94858	19.7806	-5.59557	-4.12859
12.7369	-17.5497	-4.78988	-46.9176	-44.583	0.939985
-22.6798	4.53047	-44.76	22.8263	-39.3124	14.5455
-24.0043	41.1802	-31.0968	-3.85907	-7.46941	7.58614
-8.93429	16.2801	-23.6076	44.2015	-19.924	-1.41176
-46.6643	44.5494	26.9372	-5.33006	47.9034	-0.468819
-34.4569	-9.28831	0.614948	5.64745	-36.5902	6.03545
-9.77966	3.39824	-48.6358	-9.99023	41.2473	4.14966
-8.34223	-38.8028	40.7834	35.815	4.21918	17.4361
23.983	-16.744	19.2434	11.4216	-40.1914	3.15131
13.8356	-17.748	-48.706	-26.043	8.54366	-3.80449
-28.7622	11.2873	-25.7286	-16.6585	-30.1874	-0.307025
-3.92926	30.1721	29.6381	-45.2208	-27.8497	10.6334
1.36265	40.6125	-20.3513	29.8395	14.4276	16.2118
-5.99841	-11.2049	-46.7681	15.3645	6.94143	0.297221
15.4378	38.8363	-23.7632	28.5089	-33.5047	-0.284601
-46.5789	-15.9322	-14.4215	47.5219	-28.1945	-3.78983
-9.9353	47.644	30.7611	-14.9098	47.3174	-4.12999
26.1711	19.5425	20.0827	15.1112	-25.8049	-3.43429
12.035	-39.5718	-42.0194	1.70751	17.5863	12.1128
10.1703	17.571	-27.5201	28.7042	-9.72777	-4.07066
-14.4887	-2.00354	1.82653	8.81832	-44.6074	10.311
-5.96789	-49.9908	-4.56709	-18.0624	15.5995	-2.75234
0.663778	40.6034	25.5608	35.7997	21.4225	1.17968
30.517	10.3778	-15.7186	-32.6472	18.0013	1.69775
-26.1589	10.8631	-47.47	20.2628	36.0714	3.92736
-10.0146	-0.828578	-16.0298	-32.9371	31.6279	7.18433
-32.5617	8.3697	-20.1254	14.2628	19.0298	-3.98336
-32.9737	27.8832	5.53453	17.6626	18.8223	0.550436
34.3013	-13.7623	19.6341	48.8311	32.0307	3.15567
43.2585	-42.4955	29.7143	42.0042	47.0611	-2.3584
-29.8853	44.2442	-31.8964	-20.5924	-18.038	-4.09336
-40.4172	36.8313	26.8578	-14.8274	-6.0625	-3.55556
-40.1883	5.73901	27.0989	-33.7611	47.3052	15.1503
34.1823	-43.2829	-30.5597	-49.2431	16.8477	17.2578
32.9524	-41.9126	-37.3379	-42.0286	48.0132	-4.02019
-9.25474	-48.3123	-31.6248	-31.0816	17.9647	15.0034
-38.6441	-17.9891	-49.6948	-43.643	-49.7345	16.3136
47.7264	21.6391	39.4528	2.07984	11.858	10.8964
1.97913	-14.1011	-16.6585	-42.761	45.4009	16.5186
-24.279	-22.7226	14.3208	-29.809	-24.8314	-1.0514
-28.2952	9.9292	-24.9962	0.852992	29.162	-3.37405
-30.5963	-4.99741	-36.2636	17.3727	37.6522	-3.06947
1.19175	-16.332	28.225	34.7621	-3.95978	17.2804
15.0075	-36.6787	11.8397	8.50398	-25.9514	-1.60487
14.2689	22.6493	41.6135	8.80306	15.7949	17.6841
-23.3116	-24.3156	1.78076	-0.102237	-10.6281	13.3137
-19.631	46.4446	29.0277	-5.13779	38.5739	-1.1835
-12.1357	36.5566	37.2524	35.4366	-31.6797	-1.72891
-47.4609	5.69323	15.4836	-31.6431	43.0265	17.6679
29.0704	-38.9523	-16.0115	40.8933	-4.10627	16.3884
-4.88144	30.694	-3.53862	15.0166	-38.2931	13.0347
14.7267	25.9514	-17.2414	-13.0726	-37.4905	13.2043
-14.1102	-27.8466	-26.1986	48.6175	-48.3459	1.39066
9.85595	34.0297	12.9963	28.225	-43.6338	1.99487
9.7644	8.13471	-28.7164	-44.76	-11.4246	6.20653
-33.3186	46.8017	-33.1904	-35.3023	30.224	-1.86128
7.2161	-47.8423	49.6704	29.809	12.3646	-1.18358
22.8721	-14.4642	-41.1344	-26.7937	22.2526	11.8641
-36.2789	29.1284	46.6094	-46.3927	2.66274	17.5625
-49.8321	-40.8567	21.2424	-12.624	23.2414	-3.6614
-11.8152	-0.276193	24.0654	-10.0635	-21.691	17.4553
-2.83975	12.8773	26.4245	21.2088	27.9962	0.347167
-8.03095	23.7541	-22.8355	-38.9676	-44.0306	17.8087
44.9644	-33.7123	-41.7508	1.98828	-0.447096	3.10211
7.59148	-29.9066	6.28834	25.9697	34.0327	-3.03349
2.80313	-15.2516	22.7134	-38.3267	23.4794	0.708544
40.2432	18.7216	41.0642	18.4164	-49.9573	10.9495
23.6198	-31.0389	-29.5618	-3.58135	48.4863	16.8645
-11.4551	-29.2505	-6.52638	37.7468	-43.7712	0.274768
31.0327	13.4632	2.8367	3.18766	11.3178	17.5543
-34.4234	-1.7655	-30.2515	29.339	30.4682	4.71732
30.5048	40.762	-33.0683	3.48064	40.9787	-3.42276
-39.9503	39.1507	49.8779	-47.3113	-47.879	7.46888
41.6746	25.0328	22.1915	29.1955	42.1934	13.1502
-37.1456	-13.1092	11.7237	31.3318	-14.5497	5.5529
48.4954	40.5301	-1.19785	37.2066	-16.7623	-3.46199
8.62911	-49.649	-3.54778	19.4845	-9.04416	-0.166577
31.1609	-32.2657	-26.6808	0.0228889	-28.692	13.0548
7.91192	-17.1834	45.7091	18.9657	-10.8478	16.0792
31.5119	27.2454	-23.159	-48.0193	1.79296	-3.29972
35.6014	7.65862	-48.526	48.7976	-5.71459	12.9078
24.1173	49.7528	35.4213	16.805	29.1162	-2.9618
-42.1079	19.1061	8.80917	21.7704	-19.628	12.6405
31.0022	-6.88955	34.8628	-34.8201	38.1375	-1.85588
-14.3269	19.3808	12.7094	29.2169	0.697348	15.4067
41.7539	46.5789	14.6901	12.9414	9.39512	-4.04757
-0.526444	-18.3126	-44.6135	-9.79797	17.1804	12.2968
-5.51622	-19.6066	41.6135	33.871	-18.9322	13.616
-37.5729	14.8701	21.8345	-3.502	-29.4488	1.59823
-49.8932	-31.2677	3.61797	-11.2598	27.871	-2.67661
-14.4734	-38.2076	12.1876	-7.2924	-1.82653	7.17793
-35.7204	-2.29957	14.4734	26.2719	14.8396	0.435772
-3.65764	2.9313	1.70751	-15.7399	46.3988	3.01319
41.3144	30.5048	37.3501	-45.1628	-45.5535	-1.11353
-49.0905	-28.8965	45.3917	-22.9209	-9.03195	-3.52757
-45.4039	1.30161	38.0245	-21.4499	11.2781	-2.24642
-19.0085	25.7378	7.11844	34.2555	34.6675	14.7006
-49.0112	10.2283	-24.7642	0.0259407	-27.7886	-2.41202
47.9888	-2.28431	5.20798	-0.825526	-41.4823	2.4418
35.0246	-42.9167	40.6064	-22.3991	43.9299	10.7396
43.0357	11.3788	-20.3848	-5.67492	24.3095	12.4242
-35.1039	42.8617	-14.2842	49.1302	-33.694	-2.54338
-7.53349	31.0572	-36.3582	-27.8619	23.9219	17.7865
-1.38707	48.8433	32.0399	-39.581	-47.5524	16.7997
-38.3999	-21.8284	47.1038	-17.8152	7.92108	9.06165
17.9739	35.3572	-37.3836	26.5435	-4.17951	0.353969
-39.7397	33.871	11.0248	39.285	-35.6624	1.43485
42.6481	48.4313	-44.4151	-29.3023	35.287	16.8443
2.73293	-6.13269	-41.2564	43.1578	21.0868	-4.0985
38.8821	45.5382	-48.9196	-8.93735	-48.1994	0.666012
25.9209	-10.6067	26.9829	23.693	-25.3868	-4.12593
40.2493	13.4938	-42.6969	-36.7	-1.1948	17.086
-15.5171	42.819	-4.11542	-20.0491	-34.5302	6.56859
43.17	15.0685	11.1164	-42.3826	-45.4527	17.5103
-16.7074	1.86926	-8.56807	-42.2636	-8.71761	-1.34658
30.9015	28.3532	25.8843	-2.82144	41.0031	-3.82575
38.3084	4.34431	49.53	-17.3208	31.3532	4.35828
28.2281	-2.84585	-2.97708	-28.4448	-6.74001	2.3611
39.0591	-21.5293	-48.764	45.5901	17.5069	0.447021
8.07978	-46.3347	6.16321	7.41142	-2.1012	17.4278
-17.6321	-4.69832	5.08896	37.1487	-14.8274	0.952471
-26.9158	-30.4102	-19.2587	-48.9105	-38.7967	10.2916
19.6951	-29.1559	8.18049	-38.1466	39.6695	16.5099
32.0368	0.514237	39.3582	-3.03201	30.7581	16.7839
-27.6299	-19.9332	24.9535	39.6329	37.7743	-3.02676
-3.7492	-26.2169	-2.71767	-36.4803	-10.4755	-0.0319611
-17.391	4.29243	43.8017	39.4925	-23.8578	-3.19029
45.9349	-5.47349	33.1935	38.815	-17.745	17.7919
45.5718	1.01474	-30.4468	-3.80413	-41.0947	-3.89889
-25.3441	-29.6136	40.3226	-49.1028	32.7967	10.0764
-28.0663	-27.1722	46.8169	-49.9268	48.9441	17.1393
23.4245	45.6786	15.038	29.0002	-20.2902	17.8555
23.5832	32.6289	47.5188	34.7163	-46.35	0.261199
-23.1162	-47.8545	-13.8386	-29.3085	9.47142	10.473
9.71862	28.1396	-41.3053	29.6228	18.8528	5.95942
25.7714	-10.6616	-28.811	-18.6422	13.5151	0.122577
-10.4358	12.3737	35.5556	7.72576	-33.5963	9.24071
13.7593	4.60982	-25.8934	-32.8455	-49.6826	-2.00235
-36.9411	40.6461	3.0076	-47.0183	-25.3777	13.8136
-3.29142	14.2994	25.3838	4.4145	-31.1121	17.6661
5.48875	-48.5443	-41.3083	14.2201	27.9931	5.20962
-40.5545	-44.6959	21.4133	38.9554	-41.9797	-0.860106
-22.1213	-39.2758	14.1865	10.0482	16.9546	-2.33247
-26.9219	43.2737	-40.289	-48.8495	39.0713	16.8674
-14.9495	-21.4194	-28.5058	18.4866	11.5925	-4.05198
46.2157	2.03711	0.941496	18.7277	31.0053	-1.21327
19.8813	-41.699	31.3654	-13.1886	27.7612	-3.21871
39.4467	-18.3981	31.048	-17.7389	-1.91198	10.2104
-12.1418	19.8447	30.871	-5.81835	13.0787	4.26006
-14.098	-39.1202	-40.3714	30.1721	-45.3368	4.53206
13.3992	-31.1731	-27.1752	4.43892	-34.5363	13.08
4.76547	-0.25483	-13.918	33.4956	-38.7875	-3.93381
-49.4415	-32.107	1.11545	-28.2922	21.3889	17.1061
21.3218	24.5567	5.89465	38.3084	13.097	16.3787
18.6911	23.8853	-43.2249	19.4754	-23.1193	11.0231
29.2444	-34.8384	28.1457	27.7184	11.2506	-1.70724
20.4917	43.4629	-18.1906	17.0186	-5.43992	7.82415
-39.3735	-28.2495	44.1343	-41.4853	24.4621	-4.12117
38.3572	-5.56505	-15.9627	38.3236	-33.7001	17.7218
-20.455	-10.744	38.8974	22.3502	18.7643	7.20104
7.50298	2.39723	-0.813318	20.0186	7.06351	17.7295
-2.14087	18.0868	-15.6087	40.0021	-46.8932	4.06925
-6.54164	24.9413	48.2421	49.0753	12.4592	14.8479
40.4019	4.97299	8.01874	32.7631	34.3715	-3.861
19.5608	-8.63826	-48.3978	20.6595	-15.9688	1.35738
-27.3125	49.2553	5.36973	-10.7105	1.57323	3.55179
-39.9686	-13.6189	-10.7837	23.8762	-26.0308	2.91645
-39.1659	40.6949	-25.9423	22.2831	-18.7704	5.74432
-2.22938	5.25071	49.7345	-49.1791	-11.9526	6.86769
-27.3949	27.0562	-1.13376	49.3988	35.5983	-3.86517
6.52944	26.3817	-44.8271	-5.08896	-26.1498	2.13105
-36.9533	6.02893	29.5068	-0.587481	25.869	1.42766
16.4388	49.5178	42.1201	20.1987	-25.9056	5.87272
30.5841	8.88546	-26.2047	0.270089	45.2696	17.8661
22.8935	44.4945	-10.7227	-42.8434	3.79192	9.62048
-7.86004	-44.8241	-6.7217	12.9231	-44.5769	8.24576
-36.2026	-39.523	-33.2942	24.1905	-21.7277	17.5037
21.3645	-28.6676	47.8973	-3.84686	-4.57625	15.6279
-18.16	-29.1528	6.27003	1.00558	38.757	-2.79313
34.7865	43.4141	3.69732	-14.6016	39.4925	-2.40336
-30.9809	-13.1947	18.9627	2.03406	-44.0458	8.42052
9.53246	-21.4927	5.26902	5.51012	-31.5607	4.76886
23.0186	-23.7846	-25.2434	27.9015	2.58339	-2.62929
-15.0502	42.3917	35.0978	-24.0898	4.62508	3.71061
-8.85189	-14.7877	-22.7775	23.2475	34.9818	14.9921
-47.5463	-14.2964	47.8484	-30.932	-47.4822	3.00286
0.608844	-8.36055	-29.2016	-47.8851	-24.8344	6.19979
-15.1631	29.8578	-8.79086	12.389	-0.297555	1.05688
35.5586	33.5658	-24.0837	30.5048	-0.505081	14.6085
11.2293	19.0603	18.9444	41.699	-21.3797	0.316084
-14.9312	-34.2219	18.3767	41.7722	-18.1234	-0.731356
19.1244	19.396	-21.5964	-15.6423	-19.7958	0.906504
13.5914	14.4765	-32.7662	17.0797	-29.9188	17.6099
-27.2393	21.8039	27.0074	33.6665	-40.8506	-2.39393
-40.4477	38.0673	-17.5497	2.25074	-44.171	8.88998
-9.32798	45.8403	11.9556	36.6726	-10.4266	17.2339
10.9821	-27.4377	-38.0856	-32.9768	-4.16425	15.8479
36.1141	7.74102	47.6623	16.9576	31.5088	-2.2159
1.73498	-44.1893	30.1263	-44.882	13.6219	17.8503
-44.2228	-28.0297	-41.5616	-45.2055	-34.225	4.78127
-19.3197	-1.56713	-10.2435	36.108	23.9494	9.58685
-33.7794	12.5813	32.2352	12.2578	-40.3134	13.2421
-8.42769	13.3686	25.6615	15.6819	35.1894	9.25326
47.1587	32.1467	-32.6106	-17.6229	-48.8311	-2.20405
25.7378	42.5596	-29.5251	1.74108	-37.5515	8.73509
-31.872	-16.2618	0.828578	22.1976	-3.03812	11.9115
35.6929	41.5036	-25.161	22.2709	-11.626	-3.80546
-37.3074	-21.5659	-4.67391	-38.3755	33.8313	-4.02978
-12.1662	12.1693	35.5525	-40.0235	1.76855	12.651
-15.1509	-0.752281	48.0956	26.5435	-37.1334	17.7846
48.9776	25.0847	-15.566	20.4642	-11.156	8.38876
48.1964	44.9583	-24.7002	37.1792	-1.55797	5.88154
7.10929	-45.7244	-8.33918	-2.33619	10.6983	-3.83224
-28.0114	-43.5972	39.8251	4.92111	37.5393	13.6457
-15.9566	-22.7775	-47.7203	-44.7356	36.0103	17.78
-47.821	-4.02387	35.0764	14.0797	14.8824	-2.83822
-31.0999	-22.0542	-33.6512	17.9647	-27.633	0.469708
-47.7447	20.7389	28.4997	2.678	26.5648	8.34738
49.1638	47.9644	-46.3164	-25.5516	15.5049	2.38056
-19.1336	-26.5709	17.0553	10.4785	42.6237	8.66622
3.03812	18.9566	26.5404	47.2991	-24.0623	5.62791
2.96182	-24.0196	-34.1182	5.57421	-0.511185	15.6669
5.29344	-4.31379	39.7153	-3.85601	8.93429	1.90969
31.4936	9.48363	3.10526	-4.3321	-20.9006	12.1698
-48.7396	-0.0259407	10.5365	1.854	29.5282	-2.70385
-20.3299	-34.3532	40.8475	38.8485	-44.9553	-1.15871
-17.159	-0.663778	13.0451	43.8078	1.43895	-4.09857
32.0704	19.7653	-2.62307	-45.8769	30.1141	14.0041
-31.5271	-10.6555	-35.8791	41.8058	10.094	15.5536
29.107	-33.2057	20.4825	-43.646	16.2923	17.1869
8.77865	39.5749	-3.02286	1.70141	27.7703	-3.92671
-34.2921	42.8678	-29.7418	-33.8679	30.459	-4.05462
-26.6228	11.6718	21.3736	-8.66573	15.8284	17.4808
-5.5681	-13.2984	22.6737	35.3481	8.74508	0.18689
-15.2791	27.0226	-36.7855	-5.974	47.4334	-2.52451
7.65557	41.7905	16.6005	45.6236	-7.1337	4.37476
14.1774	13.2282	20.8365	-47.3754	36.7306	17.6353
-33.9473	22.9575	-1.75634	42.5535	24.6544	-1.71496
6.6332	5.68407	34.0815	40.7651	-10.4266	12.5321
-46.8841	32.8944	31.3105	25.9026	13.3747	11.6596
-35.1009	35.4366	-2.32093	-8.11335	8.96481	-1.80903
-18.9688	-22.2983	-49.2218	-12.8346	26.5282	6.2768
-33.2728	9.70336	24.7703	-6.5508	-41.7722	-2.54839
-35.9279	-41.9584	-44.5463	33.8191	11.2964	6.90096
18.0654	-0.572222	42.4528	25.6249	-31.3684	5.13162
24.279	-33.4315	-27.694	26.3787	-6.95975	-1.0514
28.2464	1.56102	41.2595	3.93231	38.5281	4.6875
13.1184	-34.4874	-4.0025	43.0479	31.8476	7.62399
-10.7807	-45.0957	-32.9493	-14.8213	-29.4214	8.00077
34.6187	12.981	22.8751	39.0622	-39.5474	9.68173
13.6952	-30.1691	-0.495926	29.2749	-5.49486	4.11133
-47.4822	15.3401	-27.6971	47.1099	-10.3534	8.81965
-0.965911	-3.65459	-31.4386	-12.2578	-12.1174	17.5744
-31.1457	-31.576	32.2382	33.2759	-37.3287	4.90982
-2.80007	14.6565	-18.4347	25.8812	-0.846889	6.04592
-13.3992	-25.3197	-7.48161	42.7274	-18.9047	13.08
48.5656	-0.267037	31.5607	-8.05536	-42.4039	14.1297
27.0043	49.3469	-48.2818	3.13272	23.0491	14.2334
41.5708	-0.990326	-5.74816	36.0714	-12.6972	4.18458
-24.4407	18.865	12.9414	-35.8455	43.8993	4.49935
-46.7132	-17.0583	-40.4813	-33.8832	-11.5528	16.6854
-8.27815	31.225	34.4081	0.767541	1.06357	7.98436
-29.2657	-6.05335	45.9502	20.0919	-27.9931	5.08924
48.8525	3.69732	-16.4388	-40.8567	-8.2934	5.03908
-48.4313	42.8404	-24.044	47.3968	-3.96283	11.5098
-14.8061	-9.447	-28.2281	38.9096	47.055	14.8232
18.1265	-4.11847	7.21915	36.8099	14.9983	5.27159
-43.7162	24.7337	32.8272	47.0794	2.15308	12.3741
-46.8383	-27.7123	-14.1011	19.747	-18.7582	13.1412
-3.54472	35.2596	-35.1131	-10.2161	-31.9849	6.77084
41.702	44.0947	-29.1711	26.1376	-8.11029	-0.65261
34.9269	29.0277	-5.18662	-49.9908	-13.7288	-1.99897
43.3622	10.1825	38.3694	-10.9088	17.3605	-4.11847
-17.5985	14.2384	-41.6807	-4.08185	-42.2849	3.46933
46.1547	16.5273	-23.1925	-3.64238	42.7335	12.0689
19.9454	-4.9089	31.8781	37.1548	17.5253	3.75555
8.4582	27.5597	-19.5639	-16.3991	-38.2809	3.82689
-4.47554	46.6216	14.8457	-41.525	-5.85192	12.9944
3.0076	32.0673	18.1753	-30.5597	48.5382	3.1225
-22.4479	46.6277	-44.0275	-26.5221	48.5199	8.71811
-1.88147	3.03201	43.5148	-42.6634	-42.7213	1.20294
41.5525	-38.6196	-40.878	18.7704	-42.468	15.7647
9.16929	37.3501	-7.0513	-12.4897	24.398	16.3543
-11.9037	15.6667	1.71056	13.0299	-6.47145	16.7373
-9.73083	-9.447	-47.5036	25.2983	39.9442	6.97658
20.0705	-12.0808	-31.5821	-1.4481	-28.0908	9.55604
-25.4204	6.30055	18.0776	33.5475	-30.1569	15.2522
-42.4833	20.7755	-45.7183	27.6086	4.97299	2.73406
-25.8232	32.7265	-1.6068	8.07978	17.1041	12.4737
-48.6938	-11.742	38.5525	14.7298	23.5313	-3.91843
-20.3879	30.4712	-29.0826	-30.5017	-32.9402	-2.53448
-14.7755	-24.1264	-14.568	11.4185	21.9718	12.2295
17.3086	22.7134	-34.9757	14.2109	33.166	10.9069
42.1598	-28.5363	3.12662	34.109	-40.9085	15.3968
-7.19474	28.3258	-26.1589	44.882	-32.4519	-3.54888
-33.4437	-4.59456	0.523392	-47.6836	19.0817	16.4946
31.5912	-32.0643	-49.5025	38.2962	-12.45	7.18996
-5.41551	-19.1031	34.2402	-16.1946	17.0186	7.42268
-10.4328	-48.3886	-12.3188	-20.9891	-42.0713	-0.27075
-42.0866	11.3727	49.884	10.3076	33.3522	-3.93995
4.73189	-41.3663	-26.0094	3.12967	20.9098	16.4023
9.55077	-5.01877	2.74514	-17.0431	-5.1561	-3.98704
-37.5027	16.9118	29.5495	-29.9829	45.4405	15.5495
-17.2536	-32.0673	7.53349	-6.16016	-2.14698	11.6664
12.2028	-5.55589	8.52229	23.8731	35.0917	16.8502
-10.4389	32.0246	26.2108	11.3178	5.87024	16.8885
-36.0622	40.5026	-19.2831	33.7031	-46.1943	0.647504
6.46229	9.15708	-29.5862	-25.3441	-40.2676	-3.77084
-24.5201	-27.9077	30.3491	22.3991	-37.4599	14.4297
-7.02383	-0.190741	-17.2994	-19.5578	28.1945	5.64321
-28.6554	4.70138	0.148015	25.4448	-29.931	-3.71779
-41.6013	25.5699	-18.7582	31.6706	11.0126	-4.08135
-17.7541	-12.6148	25.5455	-29.9921	-49.2462	-2.76022
43.2035	-19.4845	18.5202	22.9789	-0.730918	11.4569
16.1763	33.7458	9.33409	48.2086	33.0378	9.22578
29.0277	-24.8772	28.1518	-35.3908	10.155	-1.04702
34.0938	-45.4588	44.4884	-13.451	-22.6432	15.4028
45.8861	-8.38801	27.9748	-34.2128	-40.9391	2.65254
-33.1477	7.36869	-35.9767	-0.169378	3.94452	17.8279
20.4367	44.174	24.1691	-31.9849	22.6279	11.602
37.405	-3.95672	44.7539	-25.8904	-38.5098	17.7513
17.2597	13.3686	33.404	2.47047	-5.00351	-3.65022
6.46535	-9.77355	-21.4866	-37.3287	9.96887	17.7913
-21.7185	-35.8394	19.7592	6.18458	-41.5006	9.81828
3.03812	6.1449	13.1855	13.4449	-12.8559	5.62791
-23.278	23.571	43.469	30.9168	-8.23237	5.86624
-4.18256	5.2385	18.0837	-11.2079	1.23447	10.6062
-16.6952	49.5605	-48.5626	-20.2414	35.2565	-0.668857
-29.6075	41.0947	7.63115	1.16733	3.96588	11.9246
6.81021	30.1263	17.9159	-28.4722	39.1751	-3.48673
-37.5576	29.0094	25.2312	-16.2526	11.8976	17.8664
30.5383	-27.2729	-20.2963	24.4896	43.9116	-1.99757
21.5506	39.285	9.06552	-44.0733	21.2851	17.8687
33.6879	42.0927	16.9149	31.7621	1.06357	-4.11869
6.26087	37.4447	-4.68001	42.1567	-34.0236	-1.98292
-25.6554	41.3358	19.3075	32.9066	46.585	17.3347
1.04526	24.3767	24.6727	-28.3532	-39.0957	2.5582
31.2555	-30.1477	-36.935	32.5159	-1.4481	16.8252
-37.6125	-20.3024	-32.7235	38.1283	18.5232	14.8726
-32.6075	-6.08692	15.0349	39.4192	-16.3472	2.59927
6.95059	-5.42467	32.5434	45.9471	-15.6911	-1.51338
2.0127	-4.9913	-5.73901	-37.875	10.6311	-1.23998
11.8915	8.55281	44.9187	23.7236	-27.224	17.557
-28.3044	-20.7724	-33.8374	-40.4599	18.572	7.07326
-31.1274	-48.8433	8.58333	-38.1069	-40.0845	-3.34015
37.8353	0.587481	35.464	-26.5069	45.2605	0.837318
-19.0695	45.3673	14.6077	38.5434	-36.0927	-4.12994
-30.1294	35.0398	-47.3785	23.8487	-1.46641	-1.88103
-21.5262	-30.6177	26.2871	-48.7915	-14.0126	15.727
13.7104	2.28736	-32.4366	-10.0085	-15.8895	-2.00977
19.0634	7.72576	-25.2007	-16.4571	-49.9908	12.8121
-45.3185	31.9178	-33.9351	-2.72988	-40.9177	-1.1164
-11.8305	-35.0917	-30.0226	17.0186	34.8292	2.23472
17.6565	-28.7255	21.4499	35.815	-45.9319	15.6957
-2.74819	-22.0878	43.1425	-37.7102	0.920133	15.0563
25.0664	-2.28431	-1.05136	24.3645	-49.2279	14.4749
43.6094	-41.1557	-47.8393	44.3205	33.9076	10.308
-30.1477	-10.7685	-24.63	-43.6583	28.6096	11.1256
16.2191	40.3348	-43.2798	42.6695	25.5303	-4.05503
-33.3033	-11.6535	-5.26597	-8.80612	16.039	13.1264
-34.4325	-5.43992	-24.4102	-23.7297	49.5087	6.38146
34.2006	26.2474	-16.2404	44.1923	12.1784	12.9905
-34.2128	-34.0236	31.1182	42.2544	28.1976	13.1819
45.2757	20.4428	12.3585	44.4426	-5.60472	17.8516
46.9024	9.37376	30.694	-15.5904	-11.4551	11.6698
-24.6666	-17.8213	15.6209	36.5169	10.7196	5.43036
25.8385	-27.8802	-6.14795	-9.57213	34.8689	17.802
-9.39817	31.5821	8.07978	-41.6593	-15.9474	11.026
-19.8782	14.2628	-31.0327	10.9577	-15.8132	-2.0968
-35.6655	-17.8518	30.633	-0.724815	41.4548	7.48884
49.4476	35.3145	-42.0988	-29.6045	-20.4154	-3.02764
-0.358592	-16.332	-12.1662	-9.8529	38.1344	17.2644
-18.6911	-15.3218	43.0052	11.2995	-19.1488	11.0231
-13.8691	-33.2911	-28.9727	-36.0012	-14.9648	8.66981
18.9138	-14.1652	-49.1546	-5.8092	-8.06452	3.8577
36.6146	-24.8985	33.2209	14.6321	23.5649	-1.04987
25.8965	15.6636	-46.3164	-25.1885	-15.7002	16.5345
-48.1597	-32.5831	-2.52235	32.7387	33.2209	11.6839
15.2791	-38.3084	-34.6706	13.8081	-23.8853	-2.52451
-41.6929	-22.6279	-45.7488	-21.633	20.8029	2.07456
-37.9818	44.29	-4.70748	-47.8851	-7.67083	17.3389
-30.9229	8.34529	46.9817	16.7867	35.168	17.8595
-8.11945	-49.6399	46.4232	21.6269	22.2282	17.0891
42.703	-38.3389	-28.0114	-35.6716	-7.50908	-3.10709
17.0278	-7.33207	39.0408	-33.1019	-28.1945	14.7206
-26.5831	24.218	41.0031	24.8436	-4.4969	15.1244
-7.28324	-3.71258	-18.4774	43.1883	40.4263	-3.29604
49.0387	31.1518	-15.8376	7.48466	-0.798059	3.67855
-37.2311	34.5546	45.7579	40.4477	-2.40333	2.69677
-25.8843	35.7601	21.9138	-33.816	27.2546	1.77004
6.08386	2.38502	8.43684	-24.5201	-41.4731	14.9959
-12.5385	24.5933	16.9546	-48.0163	-9.63622	4.24599
-44.6837	38.7112	48.2574	6.99026	19.0207	16.0817
17.2048	-27.102	45.8586	-15.4714	12.8101	13.8394
-5.74511	3.56304	7.22526	-26.1162	-26.2566	10.3156
26.3634	6.79189	16.0329	-9.41038	48.5076	-4.1257
14.6931	-7.82647	-5.92517	47.9827	-30.5078	16.6257
19.0847	-13.5365	10.2222	-11.8366	-24.0135	1.64731
-10.2832	40.4996	-8.52229	40.8383	-0.886563	6.73516
15.5263	11.6474	-20.0613	-23.0857	14.9678	14.3444
-39.7	-43.4935	-10.8081	23.4672	-15.0624	-2.25444
-26.2108	38.9523	43.7773	-8.00348	18.3889	-4.12353
-1.33824	11.6718	-35.3725	19.4052	-4.68001	7.40643
-46.7681	-46.6582	-10.9668	-48.8098	-24.8527	-0.385815
-32.3786	-39.7977	33.3369	28.6401	46.6338	16.4839
-13.039	15.041	37.6431	37.1609	23.1162	16.0391
2.29957	31.8812	-43.0754	44.8729	28.4509	17.8581
-24.5598	-28.6737	33.0256	-29.8822	31.4844	0.535991
-38.171	-19.6646	-12.4622	-46.292	14.0645	17.4365
39.7397	42.4619	45.2147	3.76141	-21.0013	1.43485
-3.31889	-24.6696	8.6993	-42.5748	44.3907	16.9242
-4.85702	24.7093	-9.70336	-18.5873	42.2147	13.1334
13.9454	16.5822	-35.4915	-24.7703	-36.5108	4.62677
35.6441	-36.1843	29.1345	-17.5741	28.4692	17.8566
-38.3999	31.402	15.5385	29.1406	0.407422	9.06165
-29.9371	1.69836	-37.9177	33.7611	-45.8769	4.99704
-44.8515	10.7868	-17.4764	-43.0174	-2.25684	11.572
33.5963	-49.9542	-16.512	20.2628	-7.82952	9.1702
-0.767541	-48.764	1.00864	8.31172	44.6257	-4.04055
26.7846	-40.2951	14.6809	-37.3074	7.33207	9.78338
-25.0908	15.1265	-26.6137	-11.4246	42.9868	14.0808
20.2017	-3.9201	9.28526	6.84988	-26.5282	15.4222
33.1141	13.2893	32.5312	34.3257	-16.0573	10.8907
19.451	-38.2687	32.7754	43.115	40.2829	17.6832
18.4744	-37.9543	-14.8793	39.8343	-2.01575	-4.10205
24.4041	-10.6525	-28.576	15.9139	-4.02387	2.8175
8.1164	-14.0675	46.0601	26.1315	31.0846	7.18845
-48.8281	24.6666	37.0388	49.002	-26.9341	2.19233
49.4659	39.0744	-29.9615	-40.8414	-48.4466	11.2529
27.6605	-8.21406	15.1936	-31.7286	-22.8385	16.2344
-17.9952	15.2608	-4.84787	-2.49489	-28.6676	-4.12916
36.2514	45.1323	-30.9168	11.0065	-2.83059	5.98063
-6.92923	21.6483	-1.25889	-6.03198	33.7947	12.5358
-27.2698	25.9331	-29.5099	31.7011	-8.70846	13.1829
49.2279	16.213	-9.88647	2.16834	39.6756	14.2335
31.3135	18.4927	-3.02591	12.5141	49.8077	12.748
25.5852	-32.9279	-9.22727	-38.7295	16.7287	15.6929
24.2515	5.74816	21.8589	23.336	24.6971	-3.60243
-12.4409	-4.84787	42.7671	-38.0734	48.8525	3.39304
13.5884	16.6524	44.3113	14.7877	0.9476	16.195
25.8293	22.7409	2.44911	46.6582	29.9982	15.3004
-15.8315	2.78481	-27.5567	30.2484	-23.4367	13.9507
-31.7713	-17.9952	-17.4703	-19.0512	-40.9116	14.6203
34.3074	40.2524	-3.87738	-48.1445	31.1579	-4.11069
-45.8983	-48.2818	-37.4203	-40.3623	7.21305	-3.35604
15.1875	-11.6474	-19.9301	13.7989	8.3758	16.8036
20.1376	0.0839259	-40.582	-0.724815	29.9829	15.2549
25.4662	10.9333	-15.389	-14.2323	28.3837	10.9791
-25.6584	28.8629	-3.34941	23.629	28.5791	15.1316
-24.6422	42.2514	-6.53554	13.4083	-4.92416	-4.12994
-11.2049	-48.236	-0.431837	-11.2537	45.2788	6.66436
-11.9831	19.2465	7.91192	-37.225	-18.1753	17.87
-14.9739	10.5518	30.0928	28.573	-24.5354	0.534245
16.9179	-31.2403	-33.1874	15.3706	-18.8437	14.1149
-19.3655	48.0773	28.93	44.4182	-48.883	16.3014
39.642	-6.16321	-15.0075	-38.8211	0.978118	-3.06447
-25.4997	31.1945	11.3117	24.4346	-37.5088	-3.45765
-47.4944	10.4785	-19.2038	2.32704	-5.28428	6.51463
33.282	-39.6268	30.7489	-25.4021	-1.6129	-2.53264
-49.7986	7.58843	-0.187689	-28.6462	38.0184	17.5932
-33.6238	29.5923	45.0346	-16.3991	-37.2219	15.4291
41.9034	0.605792	48.1384	49.0326	22.6707	2.70631
2.4308	22.2068	-47.5372	42.6847	29.7784	-3.96685
43.0326	-13.744	37.8445	-1.3657	41.6166	1.95677
-29.458	-41.6654	-23.3512	10.3717	-7.99738	16.8175
2.39418	44.3815	31.8995	-19.9728	0.230415	9.71522
5.94653	-40.4904	27.6513	-36.1751	2.22327	17.5799
-9.84069	35.2931	-31.8751	29.7082	20.333	-3.14397
5.51317	-20.6687	18.1692	25.631	-33.1538	11.835
-4.12152	-29.8029	-45.4405	-45.1323	17.7358	-3.29652
15.8315	-22.7592	28.6096	9.64232	-14.7114	13.9507
-20.4031	-49.5422	-26.0613	-46.939	43.701	-4.1297
7.65557	-1.43284	-43.6491	4.85397	3.51115	4.37476
-4.10321	41.0978	26.0735	-3.50505	-1.98828	-4.1204
38.6441	-19.4357	15.2638	24.0501	26.1925	16.3136
-17.1468	27.8405	-14.7603	-25.8019	-40.8658	16.1882
-7.03299	43.2798	33.7672	-2.44606	-28.1426	3.90172
-12.3798	-32.7692	-31.048	28.4021	47.3724	7.09318
-24.9626	-41.2229	-4.04218	3.34635	22.0115	17.8653
0.724815	38.9096	15.9688	16.1763	-47.2106	-3.31022
-12.9658	34.6126	43.2554	6.3036	-29.1192	12.7588
4.00861	9.9292	-31.3929	36.2392	33.346	14.8627
-0.968963	10.0085	-34.1945	43.6949	-10.2283	17.3971
15.5751	-13.744	-40.6156	46.1333	32.4732	-0.575898
-11.2476	-41.0611	26.5465	-46.5758	41.0611	1.25113
-48.7945	17.983	26.9433	19.4113	-7.67998	-2.97274
47.5982	34.8933	38.1863	9.10215	-24.984	17.8269
28.1365	5.59862	44.5311	18.4225	-39.2453	4.02755
-16.5212	-9.09604	17.568	13.5517	-20.7297	17.847
26.3359	-13.1977	47.4364	48.3886	20.1773	1.72698
-38.7234	-22.7012	35.0459	23.0277	-10.5548	10.9182
7.06351	29.7052	6.92312	-25.0389	16.4357	-3.97028
-28.7866	-28.634	21.1325	40.0784	-28.1549	13.5921
-19.216	-18.981	29.7815	-6.74001	49.06	10.8295
-33.6512	40.2738	-48.3856	36.755	18.3157	11.8379
29.2627	-20.1315	-23.3268	-6.56606	12.3981	3.59208
25.4631	-6.64235	-32.4305	-36.2819	11.449	-0.00960727
32.1375	11.2201	2.23548	39.2575	-36.6085	17.7894
39.2575	-44.7356	-38.8577	-22.3533	-11.8336	2.7287
39.169	0.544755	37.0907	23.986	48.0804	15.5884
48.352	-0.843837	34.0052	-8.73592	13.329	-0.9944
-22.1549	5.39415	-30.2454	-45.2635	-41.6929	10.0254
43.878	32.8547	-24.6818	30.4224	35.5464	9.0637
5.13474	2.75124	-43.1028	4.9852	24.6086	8.97756
37.7102	41.6318	-27.1935	-17.3849	-3.35856	17.2653
13.8173	-34.2799	6.11744	27.4285	-6.43788	-3.6883
-17.7419	-27.0074	25.9728	-45.4802	-32.693	3.06501
0.965911	31.9269	49.2676	-1.442	0.788903	17.5744
31.634	12.9627	37.9543	34.3165	46.4232	0.0373725
10.976	-48.645	-31.9269	34.3715	46.0692	-3.40177
49.472	-37.0235	-16.3198	-9.21201	-46.823	6.72198
-9.20286	25.7805	-39.3338	36.4345	17.9983	14.07
46.2706	-6.11744	49.8077	47.6165	21.8467	14.0281
-47.0367	-22.1854	-40.2707	-38.6654	14.2262	12.2059
33.1843	41.229	-21.0593	-39.5169	41.1222	16.624
45.4192	-22.1458	42.7641	16.7928	-27.8161	8.69622
-27.6574	26.5252	-10.9607	9.26084	26.4183	17.6965
-11.8702	-26.4428	25.2434	37.2585	-22.8935	-3.54187
48.5778	-44.9889	41.4731	9.8529	36.23	-3.49202
-31.8354	-27.6696	10.4358	42.6969	-38.9584	15.7148
46.115	-35.9462	-39.7336	-36.932	5.66576	1.44018
-1.14902	-15.5416	-2.07373	-0.669881	-38.3511	6.56554
49.2553	-9.74609	23.336	3.27311	33.6787	17.5386
-41.4975	5.78173	39.0591	42.758	-15.4866	15.3603
-39.6084	0.169378	16.036	0.48677	-11.9434	-1.64121
41.4029	-33.2606	-16.0237	-45.5962	20.9983	17.8244
4.7441	1.50914	21.4438	18.2089	46.4446	14.032
-8.55892	-38.5525	4.1551	-35.3298	26.7266	-3.85116
31.1884	31.6218	-18.2211	48.1811	34.637	17.8613
-40.5545	-41.0062	8.87326	-47.7264	-22.9148	-0.860106
-14.7816	20.2933	-34.8689	45.0224	18.3309	-3.16719
40.8689	-48.3245	16.5761	-17.8121	-2.47658	12.2668
-14.3361	-43.1578	-27.6147	-19.1427	13.1275	-1.28557
24.2759	-26.046	4.58235	36.5413	30.6238	12.2567
44.0886	-30.1691	-15.6148	44.7966	-36.9839	-4.08722
24.9931	-5.83666	-43.7071	6.22425	-38.3358	5.07512
-12.9933	-36.1354	41.0031	37.3928	-37.9513	14.2115
4.94552	0.602741	-34.2708	-11.4002	-8.44295	11.1764
39.0439	-35.6105	24.3431	-31.7133	19.6707	2.2586
1.94861	37.5973	-42.0408	40.6827	33.874	-4.08777
-38.171	10.6067	-49.3439	-31.6218	-39.4894	17.4365
21.4072	-42.7427	-47.1587	30.4559	33.1996	-3.35851
-17.7694	21.3004	21.7277	-10.8356	-34.2036	10.3652
-6.25477	2.33924	-48.648	-26.3817	-32.2199	-2.97022
45.7335	-49.3591	9.39817	-6.70644	-30.7123	6.20534
-16.2221	-13.7318	-29.2413	1.90588	23.0979	6.64202
-39.877	-36.1995	8.82443	-45.4283	-22.0359	17.3692
-33.3674	-48.2208	9.82543	44.409	17.0095	17.864
12.6759	7.66778	-40.5057	-4.68307	-41.2015	-0.104753
-29.1223	30.9198	0.410474	-22.1793	33.7825	3.99533
13.7715	42.8373	-39.407	6.26392	-19.0298	-1.35452
46.0784	-40.0174	9.88037	-22.5242	-3.59966	17.6456
3.74004	-48.3581	-38.5922	32.0002	-10.3442	10.3434
-48.8739	-14.7877	11.9831	41.0276	-13.4663	10.347
19.9942	-44.1008	-49.3835	-24.6757	-23.8701	-4.06377
-5.61083	-8.77865	-44.9736	23.3024	21.572	6.58752
20.9433	-20.1102	-36.9289	-10.1459	-38.6624	-4.12932
-1.03	-42.8922	37.7071	-23.4764	31.286	6.35948
-35.7784	-8.89767	31.402	3.68206	-10.7166	12.2288
29.2077	-42.9136	-33.0134	-2.76955	-45.0652	-1.03465
1.71056	-43.8475	-4.82345	-38.9615	-5.30564	7.51747
9.93225	35.873	32.3084	2.60781	15.7582	-3.78754
45.5168	-25.457	4.77767	-4.53352	29.1681	11.6362
10.9027	-33.2636	-2.56203	-43.2157	36.2697	3.45275
39.6481	10.8112	-16.9515	-29.7815	-36.1782	2.67067
-32.58	4.13068	-0.703452	4.49995	47.0092	-2.61839
4.47249	49.1333	-2.07678	-48.5809	-3.25785	17.223
-22.9209	35.9462	-36.639	8.07672	25.9941	-3.70522
-32.7998	-44.6623	15.743	29.754	43.0204	11.5388
-35.58	-14.6779	11.1896	-13.8112	-1.53356	-3.02609
14.5863	-37.0205	10.6952	-10.5976	36.1324	17.3572
-47.7691	-29.4427	-40.8078	-18.0563	39.2697	-3.6218
-34.0999	14.156	-36.9869	-48.6663	-15.627	-1.49883
33.1996	-32.9127	1.80212	6.03809	-34.3745	15.3504
27.7337	-4.51216	49.8718	4.1673	-32.2016	17.279
10.7685	-10.0085	48.7915	-29.5709	-0.965911	14.6096
19.7226	26.989	-19.2618	-7.81121	-8.34834	6.90973
-13.8783	-8.73592	-41.2503	11.7878	23.4581	13.8607
14.3544	-0.755333	15.9261	-30.4651	-5.43687	-1.64423
21.4347	6.39821	-9.5233	-35.7448	-13.8936	16.9006
-22.7409	24.8527	-4.54573	-36.0378	6.11133	-3.67934
20.7633	-48.8769	-5.7329	40.6369	-11.2629	10.4319
-10.9943	-14.1133	-42.0225	36.053	21.0868	11.166
-48.6511	25.1183	-1.83569	-18.1234	14.507	14.9071
38.3175	32.7967	8.6108	-17.5314	-30.166	2.18341
-7.63115	-13.5517	22.4418	-0.0412	40.3714	-0.279226
-38.1039	34.0297	-37.4752	27.2942	-22.5303	17.0115
-42.288	-17.9617	-8.22626	30.7825	10.0604	17.8229
30.5292	2.54372	11.1896	-13.6708	-17.7572	16.9085
6.83462	17.0949	21.0654	-5.68102	0.84994	-0.569948
7.01163	47.354	-8.42158	-12.0808	-12.4134	0.792568
45.3185	-16.4876	40.0052	-8.3758	20.4886	-1.1164
-8.35444	28.1182	49.3011	2.71157	15.3768	17.7985
37.3318	5.64135	6.15406	14.4002	31.9666	15.957
-12.5446	41.0855	35.8669	-13.3778	-27.2485	-1.92541
18.0532	-35.5953	48.6419	-34.1395	35.0429	-3.91555
23.1132	47.6165	31.3471	-11.7267	3.62712	11.9099
17.6565	-10.21	-2.71767	-46.5392	47.9156	15.6957
28.6706	-15.154	-1.33213	27.0837	31.3654	5.70825
2.43995	29.9799	-2.53151	-22.5425	41.8302	4.4637
30.5567	-15.7643	17.4642	23.4001	-26.5374	-1.37114
15.5141	-24.9199	1.88757	-33.0042	-1.10935	4.68523
-19.8935	-19.8782	-24.0287	-29.9707	-14.8274	8.0923
-28.6248	-2.85806	-21.0349	-30.6604	0.990326	17.5118
16.8233	29.6991	-18.215	-12.1021	28.8659	16.1699
38.757	28.6279	-3.38298	41.1222	28.338	5.75997
-43.9726	0.410474	48.5076	19.6097	32.7479	0.191322
46.1882	0.773644	41.8729	-14.8061	-38.2168	8.89879
43.1639	23.1407	-11.8244	-3.72478	-42.0011	8.83583
-22.2098	-35.5831	33.8862	-14.568	-43.0662	-4.08435
-4.00861	-27.813	-48.6511	-22.9209	0.807215	14.8627
5.15915	-19.3045	-7.24662	-22.7592	1.7716	17.8311
24.221	28.692	-29.9158	20.6931	-23.1315	1.33039
37.225	-39.1415	-48.2421	15.8681	-3.51115	-4.08792
35.7326	24.8192	36.6787	15.0655	34.0388	14.0277
-23.4092	14.9281	-41.29	30.6269	16.1672	14.7302
-27.575	-35.2351	-44.882	-20.2567	-24.572	16.1329
-40.0937	1.18259	15.2638	43.2493	46.8108	14.7747
28.9972	-12.45	-4.68612	-24.5903	13.9912	17.2228
44.5921	14.8824	-35.6441	45.0011	35.5495	13.1893
-42.5657	-11.7267	24.9657	21.1875	-18.0563	2.98998
-3.52947	-22.7165	-32.7174	33.105	-21.2699	-2.32761
10.976	-38.3053	-47.3235	43.7986	47.7233	-3.40177
45.6572	48.0712	26.1559	-36.0073	-0.0259407	3.18856
-3.76751	-13.2099	-48.7091	-23.2597	11.0675	-3.86623
23.5008	47.7325	17.1529	-47.5829	-43.6003	17.8689
43.9787	46.118	4.80514	4.25886	16.7806	15.7278
-15.7857	3.98419	17.2781	-6.86209	-32.3054	-0.571257
39.5077	-18.0776	-1.74108	17.0827	11.3727	-2.99528
-36.5169	-9.56908	45.0499	-31.0968	1.92114	-1.09387
35.9432	44.1862	9.99023	26.69	27.1691	8.54577
45.2422	-31.2311	6.08997	-3.08695	-13.4541	-1.58346
-30.0317	-3.12662	32.2291	-14.8549	-22.0786	0.386168
9.6118	40.698	-49.646	18.4469	-44.4609	11.3799
-27.5536	30.2911	1.74108	-9.5233	-49.0997	17.1293
32.0551	24.3126	21.4103	15.4927	6.16932	17.8256
-21.807	-8.56807	29.3634	35.9004	45.4802	16.0451
8.61385	-44.7295	22.0817	6.34022	34.4386	-3.48118
-47.2228	4.06354	38.6563	-2.57424	-0.181585	4.2182
7.44804	37.3531	47.6165	-8.14386	-40.817	-3.02564
31.6095	17.4398	21.6727	-39.3399	28.0328	-0.514707
4.71053	-7.04825	-40.5301	-42.0743	43.2798	5.28317
-29.2169	10.387	-43.1852	-22.9698	22.2037	-2.29177
-33.7367	-45.7152	2.80923	49.8962	-10.5884	16.8841
2.31483	-2.08289	-27.8191	24.1234	20.217	5.28616
-2.17444	-47.5646	20.9586	-15.7033	39.6817	12.1994
31.0266	-46.6033	40.3684	37.2738	-37.0846	1.83313
17.5222	-32.7692	3.06558	14.0828	-44.6898	-4.06279
-30.7245	-17.0705	19.808	-7.79901	26.2871	-1.48151
19.1977	-41.9523	29.5373	-21.3736	7.63421	-4.10762
40.9421	-17.4886	-24.1417	-35.9645	-22.3899	7.32221
4.27107	-32.9798	-34.0327	11.3971	-13.2679	0.599798
-39.4253	-14.6565	-15.4042	-21.1753	32.2474	-4.10622
-22.5364	33.8984	12.7155	8.81832	42.111	9.28924
-30.4132	-21.3157	6.03504	22.3197	41.6898	8.85565
39.2331	48.7396	-43.4782	46.0997	23.104	14.8254
-48.6694	49.5849	-26.0613	-10.21	-13.2344	9.76242
-21.572	-42.8251	5.17747	22.0664	-2.12561	4.69814
13.6372	18.9596	48.6389	-37.7346	44.583	1.86917
-15.5873	-14.6016	28.573	-12.0441	11.2079	14.0077
-17.1041	-43.466	-19.6036	-8.18049	6.51723	12.3035
-28.4722	31.1762	-7.77154	26.925	5.73901	4.81026
-38.8211	47.4822	-4.12763	-16.7318	10.0513	-1.68825
-47.232	35.4488	-35.1558	-35.3877	-9.36766	9.11818
18.9627	17.6901	11.7176	-15.0563	-28.4539	12.6227
26.2352	-31.3746	22.2404	-31.4051	9.27	-3.80981
-5.93432	31.0877	-39.8099	-40.8414	33.0531	-4.00796
-39.9258	-0.355541	-31.2342	-1.3535	45.0652	1.84957
4.23444	-38.3145	43.7559	6.30665	26.3268	-0.506899
-8.57112	26.0613	-33.8984	-37.0571	25.164	-3.46743
19.2831	27.5597	-18.038	-22.3167	-26.1711	2.92479
5.12558	-6.99332	11.1591	-20.0034	47.5036	17.3072
41.2381	-33.6421	36.8221	43.5728	-47.9431	0.408322
40.9268	-20.2719	-48.0682	4.97909	-19.6341	17.7637
-29.8944	44.7325	-35.3236	-2.65358	-0.105289	5.04839
6.34022	47.412	-15.0716	14.3666	-22.4296	5.31355
-49.0783	39.3948	6.16626	-14.0034	25.927	16.4397
-41.7478	-16.213	-46.942	17.3391	29.0765	7.00623
-32.4152	18.5293	-46.6521	-25.2342	16.4418	8.16786
-27.0013	10.4694	-29.1009	38.226	38.9981	11.24
32.6991	0.785852	-12.8254	-8.64437	32.8822	3.18695
-36.1873	1.31077	-42.5291	-45.5412	2.75735	17.653
-16.9912	-11.9251	21.6727	-34.3379	-24.1234	-3.66189
39.1202	-43.6491	-32.0826	41.0306	-44.5677	-1.75462
-10.5152	-29.8517	-14.0919	-3.23038	45.5779	12.9377
37.5454	48.7701	-3.16019	28.0328	-3.72478	-3.00738
-8.0401	-3.99945	-16.393	-47.3907	7.10318	17.1581
38.1832	-25.8904	-9.6881	-14.6748	-27.2881	-3.86193
33.4407	12.0289	-44.3602	-48.352	38.1069	14.0297
40.228	44.6532	-36.7824	-30.6452	43.3287	-3.89366
-39.3826	-7.94549	-4.98215	2.65969	-44.8973	-4.12893
46.7986	49.2035	-14.1316	-34.7224	45.6816	17.2604
37.9757	42.3734	-10.0116	0.798059	49.1424	0.859017
-13.4571	2.77261	-8.41548	-5.75426	-15.8132	7.00487
-45.1048	-31.7988	-39.0683	7.98212	-28.4509	12.0369
-24.5628	3.76446	-22.5394	-5.6505	37.7132	3.67506
-48.3215	49.2462	-26.7602	-4.13984	-39.8679	8.38861
-26.9768	-39.0561	36.3155	-13.8844	-20.9586	9.83995
13.0604	3.23954	14.1469	12.627	46.9787	-3.87263
34.3745	11.3514	-18.5812	-37.3226	11.0584	11.7145
39.8007	30.9198	-21.4011	-36.7977	4.15204	16.8769
13.9821	-14.3635	19.7256	-37.1853	-30.1233	-0.556489
-27.5445	45.1445	-19.3045	-21.4316	25.2159	16.7744
-47.0916	-48.3459	5.77258	-45.1842	36.1446	14.6594
-31.1518	4.4908	-45.1659	6.35853	-28.9758	12.4757
-11.388	43.2279	-19.1702	42.9228	44.2015	-2.49701
-9.05026	9.22727	-2.09815	-5.8977	-9.35545	17.8306
-19.8996	20.9342	-18.4835	-31.5638	-2.08594	-2.97855
0.0473037	-11.8976	-7.92108	-28.8171	24.395	17.87
-47.6775	-21.5262	2.38502	-22.9728	3.57219	-0.734821
-46.2615	20.2383	0.547807	-22.2343	-31.0511	-4.07364
45.0011	-36.288	30.0165	24.6605	27.4041	15.1216
7.15201	9.96277	7.34123	-48.1658	-3.68816	17.5637
15.4622	-9.14487	44.409	-40.2585	-9.79797	7.25198
6.10523	-23.4672	40.878	-19.1092	31.9575	13.7163
4.62813	41.3938	19.6493	10.5853	36.5993	16.7905
-15.6789	47.2045	40.3531	-34.3318	-25.0145	15.5686
42.5474	49.3713	-37.7468	-12.0624	-25.341	9.3792
2.82144	-35.5525	-42.0225	41.9218	47.2198	13.0277
-42.2422	3.4135	14.8488	44.6898	-15.2333	3.06496
-40.3378	47.7813	0.428785	-24.7703	-48.6602	17.7388
-24.8741	36.4528	37.3928	-19.0634	-42.1812	4.15911
14.7328	0.98117	-37.7651	-4.41755	-37.0754	5.07377
-47.3601	-23.4336	-29.3664	5.69628	-45.6572	-3.04008
-19.9454	38.4854	-45.1109	-14.5558	39.9564	3.75555
31.402	-38.4091	-1.00558	28.2189	-9.7705	6.06733
-16.7776	32.934	-49.5941	-9.89257	-31.1914	3.07067
-33.2087	38.1069	-24.1935	15.5416	-35.4793	17.4438
-17.1072	-27.7703	-0.263985	-5.90381	40.0906	16.3329
-14.2598	35.3481	-35.5251	-19.689	-38.049	-3.78706
-36.8587	-29.4	17.0431	15.5538	23.6595	12.283
-13.0024	-11.7359	-2.13172	17.0827	0.660726	-3.97523
20.3574	17.7084	3.16324	23.8029	-47.6867	13.9368
-18.8223	44.2869	-22.8843	48.4619	-33.9351	11.0238
44.8454	-15.8132	-22.2465	-3.60271	-9.97192	10.2021
-32.3725	-12.1723	32.8455	37.1364	-12.3737	17.8651
-48.1323	44.5585	-37.4447	13.4999	16.4968	17.6331
-21.9352	17.5527	-31.1579	28.7103	-11.0981	-3.22917
-4.05438	41.0092	-29.9097	-48.4954	-33.166	2.7563
-4.62203	-23.6564	13.1092	-24.4957	-14.7694	-1.13089
-29.6777	7.15812	-34.4081	-2.32093	-13.3595	16.2262
-8.02789	25.6798	26.3848	16.0237	30.1782	1.11731
13.4327	11.6688	47.5188	-25.3807	-39.5932	17.8346
38.6258	36.6512	-23.6656	10.6189	33.8374	-3.31437
-22.28	-19.7897	-3.94757	-48.5961	8.29951	-2.71978
23.9769	2.19886	-11.1927	24.0837	6.13269	11.0072
26.7602	23.2963	32.2321	38.4671	-15.3554	10.116
9.41649	21.2943	48.7243	-37.6339	28.2983	9.09372
-24.1264	49.1516	-24.9962	29.2993	14.153	11.3092
36.4498	28.7927	-45.3093	-23.6473	38.8058	14.8375
42.5321	-12.0411	42.3582	-24.3736	30.9076	15.3119
16.3533	6.49586	45.587	2.82754	48.3489	-3.19856
-12.2547	8.61995	-22.0481	-23.4214	3.34941	4.39269
-22.512	-25.5119	26.9463	-15.92	-15.4561	17.7244
-28.5852	-15.569	-40.8017	39.3002	-1.75634	17.7415
36.346	-10.7013	42.465	-44.5769	23.5466	-2.80786
-24.9138	-27.9595	18.5842	40.3134	20.2963	12.5583
7.10929	29.6319	-26.5313	-23.1864	4.93942	-3.83224
27.929	21.3858	-49.8352	-2.94351	24.6147	2.15839
-16.5059	-6.52944	19.863	-26.7663	-39.0652	-0.905106
-32.0063	45.4588	39.761	-41.0306	-1.55187	17.4238
28.2861	25.164	31.756	1.10935	33.224	13.6262
43.6552	-39.8526	12.9505	-39.2636	9.70641	17.333
3.13578	-0.15717	34.7407	36.9839	13.506	-4.05038
-27.9931	-31.2464	2.33009	-41.5647	-15.1936	4.13332
-23.9433	-22.0969	35.5617	-46.9939	39.3368	0.942257
-15.3829	25.1793	-43.3439	5.60778	-30.0409	-1.88831
-30.7794	-33.3125	21.8955	-36.5932	17.6077	4.86429
-31.6462	-22.6005	12.4531	32.5983	10.6708	12.1841
-32.2901	-47.5616	-8.22016	-40.0723	46.7284	0.691683
13.332	-19.6677	-14.5344	-18.1143	16.4846	6.90638
13.1397	-44.2442	-21.6422	-35.3938	-22.5608	-3.96931
-27.0013	-12.2059	-22.0054	36.5963	24.3095	11.24
-32.7357	-19.7897	-14.3788	-22.3838	4.03912	-0.646591
-13.7562	-0.89877	0.434889	-28.2037	-3.59355	-2.23894
-37.9025	29.6014	33.9045	48.9624	24.7276	4.7693
-29.8883	-40.5972	34.6828	-29.0551	-48.8067	15.6564
-32.696	26.4763	42.2544	17.7267	-35.1711	17.5097
27.1233	6.90481	-14.8854	-4.75936	-11.6413	10.9937
15.2272	35.8211	-39.1751	4.3199	31.7286	6.46109
-14.4459	36.758	32.5648	-15.4408	-2.62307	16.8216
41.3419	45.7457	23.0033	-28.28	-21.6178	1.68749
-32.934	23.5893	-9.42869	17.2292	-7.34123	16.5822
35.4671	43.8322	26.1071	-45.999	5.66881	-3.97087
16.0512	24.4591	23.4916	-25.1427	-38.3602	-0.755728
-30.1996	16.3137	-15.7552	46.6796	44.8119	14.5664
-8.27509	-15.7735	-14.5497	-39.7977	6.88345	17.4435
-14.568	49.826	39.0835	26.3085	42.7671	-1.29884
-20.3696	-1.65563	40.1791	13.0879	-27.8863	1.2337
-7.2161	-5.4857	-22.8538	-21.3706	37.521	-1.18358
-13.6036	-33.6055	-13.3076	-25.6432	27.3644	11.9382
-14.6687	15.4927	-2.26295	28.0969	-30.0562	16.203
3.01065	5.86718	7.49687	-27.0714	12.8742	-2.05849
-7.33207	-20.6595	16.2984	39.0622	46.2004	-3.25261
19.5639	1.98828	36.5596	-30.9015	-32.6533	-0.415883
21.0898	-43.8353	-13.2221	-36.877	-47.6501	13.9063
11.4765	-41.11	-23.3879	-9.42564	-43.759	0.817871
-40.2341	28.0297	-4.52132	0.209052	43.4263	-0.339072
-44.4334	1.74108	41.5525	-41.2412	32.3206	2.62508
-19.2343	44.0214	30.5658	-14.2933	-5.14389	12.0573
36.9778	-28.0084	22.6096	34.3806	-33.6421	12.4342
44.0977	13.2435	-21.4347	-25.2129	28.048	16.931
36.9869	-29.4153	38.8821	25.6951	43.231	17.0673
47.47	41.9095	-45.9502	30.3888	15.5751	7.768
9.95972	49.3713	-3.78887	12.1784	-10.3259	12.7474
46.3897	-37.4966	43.7986	-4.28632	48.4252	16.837
27.3736	41.9309	6.10218	-46.1119	48.1658	8.06235
26.7815	33.5078	-45.1048	8.16523	19.6341	0.410201
-49.3408	-26.458	-29.7723	-5.53453	-2.0249	17.178
-48.4741	-29.5526	9.46226	-48.471	-41.2992	16.4002
-45.0255	9.02585	-20.4703	36.2026	13.1428	15.1684
36.932	-34.6309	39.7763	9.99329	-48.7915	17.7702
25.399	-1.08798	-28.6462	-18.5293	-0.416578	5.26851
-42.5596	24.575	19.161	43.1059	11.1988	-4.02575
48.0377	-18.4835	-2.91604	8.35444	32.6044	15.775
39.7397	-33.4834	28.1152	8.10114	-47.9339	1.43485
-16.4357	3.32804	37.9482	-7.64336	-15.6606	15.3063
2.67495	35.0917	14.7847	-22.7439	38.0612	17.7409
2.3484	45.3154	31.1457	12.8101	-49.707	15.8902
40.5545	-38.8058	-23.6717	-4.19172	4.60982	-0.860106
40.8841	0.813318	-5.59557	4.5732	17.9952	11.2954
45.6847	9.48668	-24.7215	-37.109	25.3044	16.6179
-28.3563	-46.0753	27.105	45.6725	31.0907	-4.12969
35.226	40.4263	25.6706	-43.582	-12.3341	2.78582
24.5811	-31.4814	-17.2414	21.5445	-48.3489	14.3449
-0.965911	-37.5423	49.3805	25.341	32.3481	17.5744
21.4591	29.342	13.1916	-10.3107	-25.5608	12.4245
32.2871	7.94855	26.87	1.87841	23.0857	1.66635
46.1119	-8.93124	42.1506	-3.19987	-38.1405	5.81903
-28.4021	1.80517	-39.5932	4.45112	-39.8068	8.3169
37.1151	0.611896	-2.79397	-13.4571	10.036	-4.08726
28.4539	-33.7611	44.6196	-28.2647	41.2748	-4.10997
17.04	-24.575	-23.2536	-7.30155	-12.9933	0.357577
21.8925	-19.0573	11.2629	-47.882	21.3675	5.93799
26.4031	-41.7264	15.804	-48.4893	-33.6726	12.6122
-34.4264	-41.8332	-4.90585	33.1324	43.8078	7.99656
-26.2932	39.3735	2.78481	1.79907	-24.3736	-3.7841
-24.3431	-41.3785	-32.2657	-5.14695	14.7206	14.0707
7.64641	-47.3174	-48.059	-16.3808	-47.4792	-3.26067
47.1465	29.9371	19.6097	-27.6635	-8.76949	15.8088
26.3207	26.7571	15.3127	9.09604	12.2303	12.8466
10.8509	-43.4935	48.2665	-23.0125	-41.7234	15.2551
23.7175	14.449	-13.8874	-25.5394	44.6654	16.779
42.5169	30.9626	47.5066	18.5781	-5.80615	-0.483322
-1.93335	-47.3693	-34.6706	23.1864	36.3277	2.46983
-36.9015	-44.7569	-1.72582	-49.7986	-16.8355	-3.43319
-27.3309	25.0511	-3.02286	-31.2494	16.4876	15.2048
-43.0754	16.277	-48.5656	-9.36155	36.0103	5.03084
-30.0928	31.3837	-12.1479	-45.5077	20.2048	8.38438
-45.1567	19.6188	-22.8202	24.9565	41.8577	17.4822
-4.4084	15.7643	-22.927	-20.2383	5.55589	-2.67563
-4.51521	-32.9127	48.175	7.01773	4.79904	16.6311
-3.34025	-9.00143	-28.3868	-31.3013	21.1509	15.0772
1.18259	-6.58132	36.2575	49.4507	33.7458	15.8938
12.3035	23.0674	-20.8609	12.7796	-44.5585	14.4342
-0.788903	-4.85397	48.0224	-49.8749	-36.6604	-3.22596
9.97497	26.6076	10.979	-6.49281	-26.3054	16.7339
-4.35347	-45.291	15.3981	31.753	1.26499	17.1761
45.5596	-21.4377	-41.2168	-0.32197	24.4682	17.5469
-18.7124	46.5178	6.00757	25.2434	34.7102	-1.8294
-26.1193	-3.63018	30.7062	6.82546	37.524	14.3909
28.9514	-27.9839	37.0144	-29.2688	-0.373852	4.86365
24.3034	-38.3358	29.0155	-2.22327	1.67394	15.3711
41.6105	-29.6228	-22.0542	4.81735	31.8842	10.5366
8.47041	12.9231	24.2088	-15.4683	-33.3186	2.57946
43.8963	-47.8515	25.045	11.3819	-6.69118	17.6487
6.70644	-6.96585	-7.66472	-43.9604	20.6748	16.3608
-12.1998	-31.4814	34.518	-1.26499	9.41954	-0.275716
47.3754	33.4101	-4.12152	35.9462	15.6911	7.62889
-20.4886	20.2475	27.3766	-9.80407	-17.5527	11.1127
13.5121	-2.98929	-33.9869	1.82958	11.9404	5.49476
40.7956	-8.92209	36.4681	41.2137	-34.6736	-1.73394
44.6776	1.29551	48.1841	5.10117	48.1933	12.989
7.60063	22.6646	-30.3705	-13.7898	12.215	6.73319
12.3829	11.092	-33.8893	-48.7457	-15.7796	13.9769
-46.8993	-5.75426	24.0837	34.8811	-28.7561	17.8666
-3.15714	43.0631	4.06354	-34.0205	-36.2178	9.54221
14.7847	-6.65151	18.569	43.3287	-31.6614	5.8554
43.8292	-29.3817	-34.0419	-3.70037	-24.3248	17.375
17.9098	25.4601	24.0287	42.7519	-40.9268	-3.0838
-4.68612	-27.0928	5.35752	-10.1978	8.61385	-2.51197
33.169	-25.692	-16.8233	-20.452	11.8854	15.912
29.3909	46.7742	-5.35752	-28.1732	-34.637	6.16919
-2.87942	-48.1994	26.7144	-31.3471	42.1934	-3.9476
-24.5964	8.57418	-22.2068	12.5233	-14.5924	4.62033
-27.221	30.813	31.5821	48.7762	-43.582	4.85894
-47.3601	-33.9778	-8.83663	-44.4151	-14.2994	-3.04008
46.4568	-2.83364	37.2738	16.7592	-0.657674	-3.0635
-22.9057	-48.5626	3.21512	-19.3533	28.5363	15.2769
-41.1008	-48.0712	-48.1201	-29.2779	40.6705	15.2567
-46.3042	-10.8661	-20.0888	4.36567	26.5313	-3.04313
-34.228	3.8316	-46.6796	-29.1589	-0.639363	12.6624
-16.6066	33.9991	-10.3351	3.48674	-40.2768	16.6139
27.3644	-22.9331	35.0826	-5.3148	-0.169378	-3.40406
27.8008	-22.1091	-17.0003	-20.6107	-28.5852	7.25178
-47.3235	-15.9017	-27.4316	-16.1	-5.16526	8.44475
-48.1841	-12.1723	-20.0461	-10.0177	-9.92309	-2.05647
-18.9688	39.0927	8.22321	12.6576	-11.3727	6.2768
-31.3623	27.6238	35.2016	-35.8913	-43.2249	-1.14959
-12.3951	-22.4204	-16.5212	18.7368	-37.167	1.57871
4.71358	35.2199	-10.7074	-1.75939	-15.9902	-4.11949
-39.4894	-35.3145	-4.20392	-12.4714	-40.7529	17.4272
47.0458	-6.31886	16.9881	27.4926	-5.4857	8.24575
28.457	-20.2445	42.0194	30.1447	20.8579	17.5227
-6.05945	-42.468	12.7094	-24.1386	-49.295	17.8453
32.2352	22.5547	37.64	11.9434	47.2991	5.52735
-34.3837	-10.0116	-28.5913	35.9432	48.7304	11.6799
42.935	-42.5138	-12.3066	29.3359	-3.93536	-3.50633
5.64135	43.469	-7.24662	19.2526	-21.2455	-2.46218
47.0885	-39.9014	41.3968	-36.578	-31.1151	-4.08934
-20.0125	-12.2211	20.3635	-33.0012	7.17338	10.9487
-43.2981	17.04	1.96692	21.1997	-24.0226	15.1286
20.6503	-29.693	-11.7573	29.9524	-20.4276	17.0798
-27.3705	19.2129	-2.3545	-28.5699	-18.038	1.00915
27.3034	-7.33512	45.8892	27.8954	38.0459	14.2916
45.4894	40.2707	-37.8353	-44.9461	18.7643	13.7403
-3.81939	21.334	34.5485	-3.77667	-44.7691	15.2461
-47.8973	-28.2159	35.8943	-38.0367	15.0349	13.2893
-47.4548	28.1365	-47.8362	32.1284	-27.2301	-2.93541
49.2492	-45.3917	-5.96179	-20.5161	-48.8403	16.7269
-15.5416	-7.54265	36.1538	-22.0939	-43.6613	-2.77703
-6.69118	-34.4417	49.4751	-4.69527	16.4083	4.84711
-26.6533	3.65154	-26.2413	37.1761	5.36973	10.2006
36.5474	-47.5249	-23.9402	41.9218	32.3023	8.65604
-46.1364	-8.72066	-17.9556	22.747	45.5748	-3.10854
40.4904	20.9799	-32.4671	-37.4355	27.047	1.25753
-26.101	-4.59151	45.8098	-3.54472	49.0753	17.579
-2.76955	25.689	-1.37181	23.5649	11.4032	-3.47737
28.2647	-18.392	24.5781	-7.71966	32.5098	11.2644
32.3511	-30.3766	2.22633	-43.35	30.1965	7.6636
-31.4234	17.925	1.74718	28.6798	40.7773	17.6552
-8.42463	30.5872	31.2616	-49.7223	-42.4131	17.5779
10.1032	-23.3421	12.447	25.4234	-4.64644	1.43865
-0.654622	-25.1244	49.1913	-16.7409	-19.1153	2.01221
25.9484	14.6016	14.1682	-42.3032	33.9595	5.49408
33.9839	49.4079	0.93234	-29.8883	-10.1306	-3.71391
2.93741	33.9747	18.3889	17.8884	-44.7569	12.5149
3.3311	25.4448	-30.4926	27.5445	-31.5668	-3.90324
-6.29444	45.3124	44.5128	26.0094	-29.2688	17.6181
39.3826	-36.4132	34.6553	38.0062	-14.5314	-4.12893
-1.00253	-44.763	-47.7721	45.5229	18.6666	12.7958
-27.2698	42.3399	31.2342	42.056	15.1112	13.1829
15.2608	-0.785852	17.1438	34.9757	-26.4031	1.80876
10.4389	4.61592	-30.5414	-1.62511	-5.43992	16.8885
47.4059	44.1191	-0.0900296	9.73083	-46.292	-0.588007
36.346	-10.0024	38.5739	-28.3776	-35.9767	-2.80786
-21.4835	10.8814	-16.5242	14.98	47.5524	2.78768
-6.26087	-1.96387	-17.1224	6.18763	39.6146	-1.98292
-31.3166	25.2037	-20.8945	33.108	15.7002	12.1157
8.90683	32.0856	26.9463	-19.2526	-40.585	16.8482
-12.4744	7.86615	-8.24458	-21.4438	33.1751	2.4215
-16.9942	-33.7672	47.0519	-22.9026	27.4163	-2.46691
31.2098	-22.7744	-47.8973	-16.6402	-12.1113	8.73645
31.518	22.6798	-48.0499	-0.825526	-27.5536	-4.1046
-2.40028	-32.1528	28.1457	-40.3531	1.33213	16.2572
-2.46132	5.65661	-40.4019	7.35038	-48.0926	12.8921
-44.8546	-16.332	-13.5212	-46.3103	-47.1892	-0.878444
20.1102	-26.5893	-49.5941	-48.7518	-24.3675	-4.10753
4.52132	13.4602	44.7111	-7.84478	30.0806	0.189159
13.9637	4.05744	-45.6145	-45.999	15.9871	17.7182
-40.3958	-46.1394	4.29243	-22.2282	-40.0845	13.5077
25.0206	-12.7674	1.60985	-15.3005	19.0176	17.8073
28.5211	22.9514	39.9472	30.8222	-45.5687	-1.88584
-20.5771	13.4083	45.2727	16.1489	-49.6551	-1.13629
18.5507	17.7175	10.3778	7.36564	5.12253	8.62169
-45.1689	-0.621052	-33.1263	-35.5708	11.2506	16.2093
-16.4571	-15.2089	7.48161	-32.3298	29.6136	12.553
-15.6484	44.1008	6.01062	7.72881	-42.4497	6.40067
41.1344	47.2411	40.3439	30.8161	-12.093	17.566
-32.4091	16.216	35.5739	47.0061	-41.348	-0.491607
-27.4529	-25.6584	18.5476	47.0641	-1.59764	16.6238
22.9331	-3.93841	39.404	-37.4294	-40.5911	3.18571
42.0743	7.89361	18.9383	-39.5566	-38.4274	13.2752
-17.4429	-7.46635	-44.3175	1.42064	-34.5698	7.77444
-0.630207	-19.277	-46.1119	32.4763	3.19987	4.2678
19.3747	-7.58843	38.8363	-37.7132	-24.221	8.41372
17.6931	-7.00552	-30.6146	-32.9432	42.2819	-1.70996
15.5477	37.9574	-22.9209	-8.22932	48.1384	1.63816
37.8414	-38.0062	-49.3133	28.2281	33.4559	-4.1092
48.1445	31.283	-4.68001	27.6421	12.9749	2.57317
-6.76748	44.2289	-35.6716	-10.3931	-7.48161	0.269324
-8.9404	-6.91397	-14.3727	-12.5324	-32.4793	3.64523
48.7274	-43.1974	-19.8233	9.16013	49.0722	-4.12995
26.2658	21.4194	-46.8291	-35.9798	-10.1489	17.1376
-42.8831	11.4307	-41.0001	-1.80212	44.5982	2.99919
34.2921	-34.0144	-43.7864	16.6311	30.8863	-4.05462
-14.8366	30.575	21.5171	-38.5342	-29.5953	17.7702
5.80615	17.2109	-32.5556	1.63121	-20.3024	8.38564
47.7142	-45.2544	-2.76955	38.5372	-20.1956	8.504
-3.86212	-30.3613	2.86721	28.2495	-31.9269	4.26935
-22.7897	-15.5904	47.6012	-12.1967	-24.5079	15.9691
44.6989	18.7429	-33.7611	21.0471	-3.88958	14.9606
8.27204	42.3063	30.9442	35.9401	28.872	1.98054
14.3422	-48.9807	-45.9502	-21.2394	34.2189	4.48516
36.0866	4.82955	-11.5986	-20.2597	-4.86618	17.7158
-16.0146	-47.4731	-28.9575	4.74715	0.895718	14.365
-24.3156	46.5056	43.762	-12.9414	9.33103	17.8352
-36.0988	-47.6226	31.3044	8.69625	42.3643	16.6029
-31.2189	-17.5985	-12.5233	10.7562	46.4476	-3.03617
9.66979	-1.47252	-21.8284	5.22019	-37.7956	-2.83466
18.6087	-7.91498	19.3228	17.3971	-34.582	14.6301
-0.151067	-4.60982	-40.7071	24.9413	-20.8853	17.8666
43.6735	-22.4967	17.272	-47.1587	-4.46944	-3.17075
27.2118	-20.9464	-45.5016	-29.6564	40.9543	2.85782
-9.34629	-40.9268	44.9553	32.7937	26.1498	-3.72177
45.5412	28.7713	-14.5253	-45.6694	6.39515	15.1456
-2.32093	-38.757	-31.1975	-30.1172	-10.152	-1.43576
26.8944	-24.7276	-49.4568	16.5761	33.7214	-2.64605
14.2506	-6.28224	-8.67489	42.9685	47.1679	15.0176
29.5953	30.0073	37.4142	-15.8589	2.48573	6.98424
25.7073	9.70641	-18.5598	-9.09604	-49.0448	16.7905
-31.8964	-13.1916	-15.9169	-9.3646	-49.8047	13.623
-39.2331	30.5841	-41.3053	-14.7267	-47.9736	14.8254
24.5659	1.78381	-4.05438	-44.9004	45.4283	17.0946
42.9014	-20.3452	28.2983	16.3411	-31.7621	17.8229
-39.3094	0.169378	-2.61086	10.2954	-46.6704	16.7887
42.584	-21.1142	30.4071	26.7449	38.5006	5.4627
-9.48057	-46.1943	12.2913	22.6066	-8.05841	-3.88646
-39.6146	43.8047	22.9392	-39.5779	-15.8071	1.58029
-28.4722	-18.4103	41.2198	24.8833	40.2982	4.81026
-17.3421	-23.7815	24.1874	-27.3888	-34.463	-2.20975
-23.4031	10.5701	47.2045	-48.3154	-45.0194	-2.77225
-34.8659	13.7593	-37.0052	-17.159	11.9984	11.0846
34.3806	-40.0998	-11.2995	-13.8539	-7.57622	5.07872
-22.6859	-37.2158	-18.0074	-40.6156	-13.4358	4.3973
-16.2618	35.7204	-39.639	-38.583	33.047	-1.28368
44.5219	28.8232	-23.6686	12.7705	-24.1081	16.226
-8.7756	15.0655	32.2321	-29.9036	-27.8436	0.844872
17.7633	-20.748	-11.1133	-39.3796	44.6287	-3.63749
41.6288	13.6799	28.045	-15.6545	-5.63524	2.81677
46.2401	38.7082	-14.6626	18.4194	15.0472	5.50343
43.1578	38.0062	-33.5353	40.4447	-4.74105	-3.96644
-13.9332	41.3877	-38.3053	-16.4815	-4.87228	-3.94607
3.05338	-20.9037	17.2597	-43.4111	-30.9015	7.33044
14.2323	-41.6684	-44.94	25.2068	41.5372	3.68232
38.9584	-22.6585	10.6342	-5.73901	-43.701	-1.17868
-8.84884	-5.45518	-2.0188	-15.5385	-28.3044	3.96177
8.77255	34.7713	-5.54064	4.23444	-47.3235	13.1497
-8.83053	22.8263	40.7224	35.6929	-6.95975	0.223798
-20.4947	38.6807	-26.8303	-19.4967	35.6014	1.01398
-39.5566	1.1948	26.0094	-18.3706	-39.1293	17.869
25.9728	48.6938	-3.06558	41.6349	-26.6137	16.7732
28.1793	20.8304	0.263985	-45.6023	-29.1162	7.97911
-33.8557	-47.9614	11.8915	32.0124	-34.2433	-0.169696
-47.1435	-35.4366	46.3164	-7.21	1.18259	-4.08054
13.5517	-29.2016	45.0346	47.2472	27.34	10.8377
-7.55791	34.2647	-12.4042	-29.3664	4.0788	8.8752
-28.9239	-26.8883	-7.19169	1.59154	-14.1499	14.9232
8.623	41.5311	5.49791	-23.5557	-27.7459	9.78215
17.2201	-39.9075	23.3238	32.6472	33.9595	6.66383
13.2313	-37.3562	-7.89972	2.44301	29.931	-2.83104
-41.9889	33.8832	0.669881	42.8526	-38.5311	4.14463
1.71361	47.9125	-7.13675	4.38398	-10.3687	9.62264
47.6531	-37.2768	8.83358	-29.6808	15.0899	13.777
-42.9106	-39.877	40.051	-45.1689	31.9086	12.2445
31.0816	8.32392	4.4145	26.3756	-1.29856	-3.61143
10.4114	9.27	0.532548	43.8353	-29.1864	-0.797347
44.7569	31.6858	-25.5303	-4.12458	-49.1211	-2.96454
-27.3034	-36.6848	23.5893	-4.63729	25.3502	14.2916
40.228	8.75729	30.6177	31.8598	30.1691	-3.89366
-28.341	-39.6756	37.6797	-22.7042	-11.7176	12.4124
-18.8101	28.7225	45.7945	-49.7131	15.5202	5.59696
-3.88348	38.1069	-27.1416	0.257881	31.634	-1.78265
21.1692	-21.5201	48.0712	6.88345	1.27415	13.2473
34.8476	46.1425	39.465	38.1924	-24.9962	17.8412
8.2873	-0.895718	39.1812	-22.1854	46.0173	16.949
-42.993	23.4947	36.9259	-25.8599	31.4661	17.054
-1.96387	-3.68511	16.625	32.8791	34.7713	4.50651
-19.4021	28.1976	-38.6593	-9.5172	-1.85705	-2.6001
-2.52846	-40.1273	-40.3867	45.1964	47.0794	-2.00655
-23.5588	0.654622	-10.9027	-3.46538	37.8994	11.6364
26.8456	-41.2778	3.4135	-11.0431	1.75329	4.40117
20.2689	48.4649	-0.663778	30.3308	-33.4742	9.99955
-19.7043	-7.81426	-13.86	-2.23243	-14.7206	11.2092
-3.06253	-34.6828	22.3228	-1.76855	-20.3146	17.2834
7.91192	-44.9675	19.5853	-45.7732	-22.7409	16.0792
41.6929	-45.4039	26.9127	37.9666	-12.4378	2.07456
40.2707	-21.6208	23.1498	18.1265	-24.4163	-3.97053
35.3603	31.5882	-49.8047	20.6961	35.6197	16.1883
45.3398	1.50609	-19.335	39.1995	8.5284	13.3478
16.8813	39.4284	-10.9088	-42.1262	39.1568	7.45731
-40.466	-25.5821	45.5931	2.9313	13.4053	7.50105
-0.709555	45.3246	-20.6778	-38.4304	10.4663	-2.45707
-18.3126	49.7955	43.6796	-13.0879	-25.9026	-1.89738
37.2219	-2.22022	44.3968	35.4427	-27.6818	15.2867
-26.4183	-41.7386	16.2923	23.5313	-44.7417	-2.75901
-42.5077	35.2443	-31.4753	-40.5393	-6.84683	-4.09431
-14.0034	35.4213	24.1478	34.4325	-38.1558	10.7432
-8.14081	-46.1455	-4.71969	-11.858	10.0635	11.1903
37.0663	44.9034	3.43181	-14.0278	1.21921	-2.40219
5.11643	-20.1834	40.6461	21.0959	-12.2364	14.8877
23.2047	-18.0319	46.1119	-24.6941	44.0947	2.65285
-45.114	-37.7956	-2.32398	39.4528	-41.8088	-4.0821
-46.0967	8.56197	-23.629	-43.936	-17.7786	3.69071
14.2384	18.1234	-37.5301	43.9909	-41.9614	-3.18044
-16.8142	26.516	28.2769	13.6433	-22.0725	17.6757
-3.0961	35.4762	-9.75829	-6.45009	-6.34938	13.2747
-25.2464	2.79702	7.89361	-34.8903	5.39415	-4.11628
10.4053	-17.2262	-41.5098	37.759	-24.0165	0.708787
-2.55287	-18.0013	-40.6003	-49.6216	8.80612	13.634
-13.3412	2.04932	33.9869	-20.9983	46.0387	-0.762515
14.9831	19.0451	-38.9584	-38.0947	-39.4864	-3.32068
-34.2677	-16.9698	-25.9789	-2.8428	15.1723	-4.02713
21.6727	2.13172	-33.8954	-7.55181	5.64135	11.7441
-1.67394	46.6735	2.8367	39.4894	37.8872	-1.91911
-3.70342	-25.7225	-11.3483	26.69	40.7254	-3.54231
49.295	16.2374	-46.6033	30.0439	-20.5649	-2.82169
12.1845	-35.5403	26.1376	25.3838	5.43077	-3.90388
-9.90783	37.228	15.8498	-0.276193	-0.621052	12.3946
-34.9086	-31.6004	23.6778	12.5874	-19.3777	1.63154
25.2983	35.7112	48.8372	-6.69118	7.51213	14.9383
-25.4906	37.2341	30.3278	40.0418	-4.39009	15.7818
-30.3674	-9.23643	-48.3795	-15.276	23.1071	5.44104
-9.26695	1.98218	-11.5101	30.2637	-35.1222	5.60703
39.7794	-46.8108	25.5486	39.9838	44.29	11.9838
12.1143	45.6572	46.2432	-45.941	12.1906	7.92469
12.157	-18.096	35.5464	20.4917	-25.5333	-4.09499
-3.20292	-5.03708	1.24668	41.3236	10.4785	10.858
-13.6128	3.98724	-21.1783	30.5445	19.2984	2.12635
-46.5514	3.22733	-13.213	18.6422	-18.1265	14.2865
46.5941	46.765	40.5759	-5.71459	23.3757	9.14972
28.4692	-3.02591	7.42668	-23.8395	-24.3095	11.53
-8.10419	-47.0458	28.5974	11.6749	23.0277	-3.97787
-14.5039	23.69	36.7458	-48.6541	-13.7776	14.4055
-24.4316	-14.4948	-7.9516	2.58034	12.8742	12.9312
9.21201	29.8883	14.7267	41.8332	-1.01474	-3.73105
12.0563	-30.5933	7.22526	15.4622	21.7399	-3.94133
-28.1945	-20.6961	40.5087	-14.5466	-23.9738	16.3351
44.8241	16.6463	17.2842	-35.1527	30.2942	-3.42539
-10.2191	-46.8108	-40.64	35.5861	20.8945	17.8685
-21.5567	49.0967	6.01672	-17.7114	1.38707	9.34349
-16.6952	21.0349	4.03607	-23.4245	13.9851	-0.668857
27.6208	-13.7562	30.4895	31.2952	-3.43791	-3.62819
42.7793	-7.1276	-18.0288	29.6869	-7.96075	-2.90474
-13.1031	11.391	-3.80413	-39.5657	-18.7704	3.89009
19.866	26.2505	14.1987	-42.8831	-26.1498	7.57482
39.8679	-14.8885	-6.33717	-37.3592	39.3277	3.79043
5.83361	24.3889	41.2107	43.17	20.4093	-3.34601
-31.8171	49.7894	-10.0909	-14.4032	-12.1632	14.473
-49.1424	-10.3748	28.6431	-20.8121	-25.8782	-4.10998
-48.5046	-22.8721	44.1099	10.1276	-34.5363	9.51215
26.5252	-49.646	43.1272	-33.8954	-38.9767	17.6897
31.5119	-36.1507	-43.1272	-6.61794	30.0409	-3.29972
-47.2381	22.7897	39.2697	36.6634	-25.5425	9.8692
9.7705	-8.14386	29.1437	-26.1834	-1.3535	5.50594
12.2028	-36.3887	14.5497	-47.9369	1.10019	16.8502
21.5354	-49.2767	-37.6583	-32.0276	-34.4966	-3.57956
-28.0358	-21.569	-37.5088	6.91702	12.8803	17.453
40.1212	-15.5171	38.7051	-32.6258	-2.43385	-2.05042
37.8262	36.227	-1.51219	44.3236	43.8536	15.3664
-20.5588	-15.6514	41.9584	-19.9789	-0.477615	14.8576
-9.11435	-35.5953	-40.6491	2.95877	11.9404	7.81836
40.1578	16.335	-23.6198	-32.638	20.4459	16.1759
14.8885	25.1366	-0.236518	-48.4741	44.0458	-2.65604
48.7854	-39.5047	-20.8274	16.9271	6.64541	1.10434
25.5608	-36.4711	38.6746	-23.4977	31.9758	8.91971
32.4641	-41.0428	-40.4111	-24.7002	-48.526	13.1552
-25.3258	35.0063	-41.0733	38.3816	-1.54576	-0.649387
16.6402	35.7387	0.798059	-41.3602	15.8223	17.2729
32.7631	24.6666	46.3164	-37.3287	-0.498978	1.96135
-8.18964	-24.9809	-10.5396	-29.5251	-45.2269	17.2759
-31.1792	28.9178	-17.3299	46.9817	44.2991	6.21961
30.7855	38.4945	-43.6216	2.0951	49.5972	2.58632
-45.1476	40.6949	-6.29139	6.90481	-11.0004	-4.01768
12.392	-20.9555	-18.9474	-18.2424	-28.4875	4.24536
40.4538	27.575	8.75729	14.4734	-31.1792	6.44543
-16.5822	-19.7134	-3.04422	-12.627	-41.9309	4.40984
-19.5639	-20.9433	28.7744	-35.2779	-13.9058	-0.415883
30.752	31.1823	-5.4033	-43.5453	25.8568	17.7227
-31.106	-12.4378	33.6787	2.59865	-16.8508	17.6121
2.16529	45.291	18.8864	28.7866	38.2107	2.29222
48.9624	-19.5456	2.31788	14.9861	10.3137	16.0689
-30.0256	-32.9005	-41.7112	-45.6511	-44.7233	0.366878
41.1893	-0.630207	-18.8711	4.78378	-36.5017	1.36824
38.8943	-13.6586	-11.6962	3.94452	-20.8975	-1.33064
-22.6188	-8.68709	33.1111	-22.7744	25.573	9.16613
20.8151	17.1407	23.3451	45.1048	30.9381	-1.9328
-46.5392	-4.2436	39.4162	46.3958	12.9139	-3.04958
-2.97098	5.52843	11.8976	3.96893	23.8395	11.8255
37.051	45.6999	24.6727	-26.2719	16.4266	6.99252
25.3349	17.8549	41.8821	37.051	-16.2709	16.1292
-4.67696	11.0797	45.9349	43.7895	46.6185	4.80111
-12.0472	47.4487	-30.4193	-2.04627	-11.3636	17.071
-41.1222	-37.7621	36.9869	26.9555	-41.6807	7.20524
-21.2699	-30.9626	8.29035	15.6087	1.59154	3.00406
20.3696	-17.7633	46.8688	37.7804	-45.8434	1.2337
-42.8495	-16.6799	-25.2831	14.8091	29.7632	6.70808
-5.01267	-28.2678	-33.8191	32.934	-40.1181	16.8834
14.9495	39.4284	-45.2788	19.3564	13.7684	-4.05198
-44.0214	31.8506	10.1733	-32.8852	41.3968	0.294908
-29.3023	14.0065	-22.512	-4.37483	-1.00253	13.9708
14.9007	41.0398	35.3725	1.2833	5.40635	16.8867
-8.30256	-25.8934	41.2656	31.9361	27.5689	-3.38707
-44.5433	24.2485	20.0339	-2.33924	5.51012	1.05625
2.70241	-29.8669	-22.9179	19.6677	-21.8528	4.12373
-35.5403	8.8702	49.7436	2.4247	-24.3278	7.44991
40.5087	6.84683	31.5027	17.922	33.3216	17.819
45.7244	34.994	30.871	-27.163	46.1638	12.2901
14.4002	37.402	-41.7417	-42.9044	33.3186	17.1903
-34.4783	-0.852992	19.0329	12.6606	-24.7917	0.412959
-2.53456	30.4224	-5.95874	-19.2831	43.1059	5.87518
-26.4122	24.4652	9.05637	1.00253	-34.1151	14.7961
-34.579	-14.8122	17.9922	-48.3734	-20.4886	12.8761
-15.3615	27.4987	0.508133	-2.25684	44.1099	11.7491
-19.7806	28.0633	20.632	-29.2962	-21.102	12.8514
3.8377	-43.8139	40.4477	45.3368	-37.1242	17.5451
47.9553	26.6472	-2.2599	-13.8447	-3.77056	-1.02458
48.7884	-33.4437	-34.4234	25.5333	-17.4368	-2.53741
26.9127	19.1855	1.53661	21.6514	-24.2363	12.2377
-27.8466	-49.5117	31.8598	31.9239	-30.7184	15.9865
-15.6545	-11.6718	-12.9688	34.518	-15.3432	-2.71376
36.3033	-14.333	43.1639	48.3734	-33.7886	17.6024
-37.3562	22.4662	48.7152	43.6094	15.6941	-3.39716
46.0784	14.1774	-15.3829	41.6044	38.1375	17.6456
-21.1631	17.5283	13.9607	-47.4731	7.07572	4.26443
21.1203	30.6421	42.9563	45.8312	-19.5883	9.3925
9.1174	-10.5243	7.52129	-49.6307	-42.2452	15.269
-2.91299	36.7702	-31.7042	1.24973	32.0338	-3.43329
-36.0012	5.43382	-11.7939	11.3971	-0.859096	9.76027
-1.51524	-40.8383	11.6749	-31.5851	-48.3856	17.8678
3.03201	11.8946	47.4883	49.6155	-19.8538	16.7048
36.9411	-6.01978	-27.2179	40.0754	16.6982	13.8136
32.5495	-45.761	12.2303	26.635	-4.38704	14.003
-29.7967	-2.50404	25.4723	-27.1111	3.92315	-2.9286
38.9462	-44.4761	-27.1783	-26.1345	-0.221259	2.17825
21.395	49.0631	-33.2118	26.6137	12.566	6.23737
-4.89669	-33.694	26.2597	-14.3941	-39.7794	15.6125
17.6199	34.0907	-28.4326	-10.1856	18.9505	-3.15507
2.13477	24.163	43.289	-19.573	-14.9648	10.6172
-25.5638	-7.40837	40.9207	-48.0285	7.48161	1.20313
-45.4283	-16.4632	2.69021	26.8548	-39.7855	-3.24875
40.3775	15.746	22.3075	13.9332	27.1569	17.4499
7.1276	6.48366	46.0204	-1.65258	27.3278	1.32653
36.1568	11.3971	-36.5413	-24.9748	-16.3198	11.104
37.7682	-44.9492	-44.4884	-25.7347	-23.69	13.7259
-10.8325	-38.0642	-45.3124	-41.9523	8.72982	2.31401
7.5457	9.06552	8.98923	-49.3835	-12.9627	-0.95175
-12.6514	27.1813	26.9646	-4.88144	-37.8933	14.6679
-25.1671	-38.6532	-19.5791	-20.7053	-11.4277	-3.61972
-29.4855	-37.1029	18.5415	-39.0011	32.1833	4.398
-7.17032	28.6706	-3.35246	29.6533	-20.4642	10.0069
-45.9593	-4.48775	13.7867	-32.046	17.3116	16.2077
-32.7906	-27.0226	-8.80917	-25.7134	28.9331	11.0718
-48.2299	-22.8294	6.46535	-9.66063	8.74813	0.132044
37.5301	-33.1019	-21.5323	-45.7427	16.8264	0.540014
44.995	5.80004	-41.29	30.2667	-34.106	-3.61638
34.64	-28.048	-32.0063	-9.93835	40.9024	8.43472
44.4365	-5.85192	28.6493	30.4132	-9.26389	-4.10048
18.7399	40.3592	10.9149	-13.8722	-29.4946	13.5655
25.341	-27.1722	36.7336	48.8952	-18.2089	-3.27225
-18.0532	13.976	-16.7623	40.8994	37.1639	-3.91555
-6.10523	-22.692	45.6877	-3.64849	-8.03705	13.7163
-32.6624	-10.5274	23.5557	34.0693	-28.3685	4.72773
-20.5008	-39.4162	-45.7945	-40.0784	41.3785	-4.09013
-23.8548	-40.408	20.5679	30.0104	-4.36872	12.9641
-46.2279	-46.2767	-37.463	-35.2748	-41.644	0.439143
-31.3654	39.0347	49.884	24.0257	13.1245	6.4155
-33.5444	28.8781	-28.6065	13.4571	-48.3825	17.2203
-25.4906	-47.5707	-47.3388	-21.3431	-15.3981	15.7818
-27.0531	-34.5088	36.7519	-38.6105	-33.0988	17.8441
-21.9474	13.6372	-6.52028	-36.9472	-29.6655	13.4629
20.5649	43.4629	34.6278	-10.3046	-35.6716	9.45093
-5.70238	-27.3736	-6.54469	32.0246	-42.3643	-0.518645
-26.6167	48.703	4.05133	-2.81533	-18.9779	15.2696
-32.5251	-38.8516	-29.812	-24.6178	5.4033	-0.389063
0.9476	40.2707	46.1333	1.93945	29.7174	17.7754
-35.3694	43.585	-9.63927	44.9644	8.81222	-1.26855
46.9481	-44.4334	-25.5547	-7.87835	40.5332	13.1758
-32.1009	-12.7216	16.8386	38.6441	-28.9697	-2.17451
42.7213	-15.6545	49.6857	-47.8973	-7.72576	6.80005
-48.7091	20.1651	-27.7917	0.773644	28.9148	-3.93317
49.234	-14.6565	1.97913	-21.334	14.2903	10.1831
23.9708	-45.587	7.24357	-1.56407	-20.7053	16.5575
13.0177	14.153	-39.7824	-45.584	-17.7877	-1.57368
-5.04624	36.4559	18.4347	-33.9228	-46.7284	14.0664
18.6453	39.6695	-18.7948	24.7581	-6.33412	6.0897
26.0857	47.8576	-33.9717	-10.6616	-48.8861	12.0721
25.103	11.8488	15.4988	-7.09403	5.50096	2.11128
-46.4721	41.2229	-34.8018	34.991	41.7966	3.78655
-1.23447	-32.0795	-26.4153	-32.8516	-45.0529	12.4854
35.6563	-37.463	20.9311	40.4843	12.035	-3.19341
13.5487	-9.8468	-22.0176	28.2983	-14.3117	14.6177
-10.7562	-0.798059	14.0339	-34.3593	-18.1539	17.8597
-7.82647	18.2852	16.8752	-4.23139	-31.1579	-0.0910836
-30.871	13.3992	-15.7826	-6.16321	49.8718	17.5933
23.7144	36.4711	-34.991	19.9423	-39.4223	17.868
-8.93735	-13.6677	-41.3205	-37.7773	-45.3551	-3.70386
23.8365	-39.9564	20.6259	-20.3543	-14.861	9.35518
-43.524	22.5028	3.81024	13.2923	-0.0412	3.50971
18.6026	4.82955	35.4396	-21.5751	-13.0451	-2.74549
-26.9189	-42.9624	-4.326	5.67492	-44.2869	-3.18491
42.1903	-7.14896	0.984222	-24.9168	-29.2749	-4.1289
39.6786	-13.9637	-25.2159	12.7003	-26.4824	-2.95631
-43.8047	-3.67901	10.8509	14.449	-43.6216	8.00965
39.5505	11.7267	34.3867	-13.8966	10.0818	17.5597
36.0591	8.48872	-42.1598	6.67592	29.0216	0.183187
26.8761	-25.6676	-48.175	-19.0115	-5.16526	5.22657
40.4569	18.6331	-40.5606	-0.361644	-24.6849	-4.12946
-42.9258	42.6023	-27.929	40.1151	-27.163	10.5033
-4.49995	20.8213	47.5097	-38.2046	-21.0044	13.5269
-32.1558	-31.9971	-46.7101	32.4671	-37.17	0.842303
-0.923185	-34.6919	20.745	4.88754	12.5813	15.9821
24.7185	-14.0675	49.6002	46.1241	-44.3449	16.8004
-5.27512	29.5251	-45.999	-10.7929	21.8863	16.1745
-33.6543	-16.6433	-2.49489	-39.5566	2.69631	15.4922
-8.90072	5.36058	-0.694296	31.8598	-32.6655	-1.97763
-17.452	-41.1405	-46.5392	-19.1824	-30.0867	-1.3472
25.2251	33.2392	12.1326	42.3673	-26.2749	-3.97071
-4.96384	-9.83154	-38.0917	22.3075	23.1773	6.02384
-2.4369	23.8517	5.40025	3.28532	-39.3094	0.5313
49.3011	8.9465	-20.2811	-10.1215	27.0684	9.32592
-42.8129	-42.2544	-14.5924	-41.8851	-8.18049	11.8104
28.5363	-25.0206	5.66576	34.1639	45.1567	-4.00313
-1.74108	4.09711	-29.0277	27.6696	4.09711	16.7279
29.7601	-45.5046	25.4479	-23.9219	-13.1703	2.2411
-42.5871	14.8274	-47.9827	11.3208	-26.7113	-0.971399
-39.7214	-46.9726	46.3958	3.1663	17.1285	15.2529
-12.2211	-7.93023	18.8925	4.04828	47.5707	-0.0226849
-17.5008	43.8658	23.3695	-42.1323	-6.12964	14.2885
41.7447	-42.6023	1.89673	36.1324	-46.173	-1.68143
18.804	-18.0685	31.6095	-24.3187	-16.7501	11.287
33.9106	33.6818	13.6372	-17.6138	-39.0225	16.7255
-11.4032	11.8	-14.7023	1.64342	-6.40126	6.68512
-9.78881	46.5636	-1.92724	-45.5473	-15.2547	2.47493
49.0448	-19.7501	-4.47249	29.3939	19.5181	17.7131
31.5546	25.5089	-28.4356	45.2971	-48.5748	8.85084
11.9434	-38.9859	-30.0592	-19.277	-32.3328	-1.97499
3.02896	-3.79498	5.38499	2.29347	16.4876	17.757
-25.6859	4.05744	41.8394	-12.5446	3.7553	-0.92065
-44.7111	-30.3491	-41.1222	26.6411	-30.0897	1.05736
-8.21711	47.0519	40.8048	-35.7692	-20.159	-3.17766
25.4784	10.7471	39.7122	-5.45518	-33.282	-3.91412
4.57625	-15.3371	43.0784	-17.1102	35.0215	4.9635
-36.3277	-26.6869	-44.5952	32.696	10.3534	15.0398
-41.879	-5.39109	29.6991	-11.0034	-27.1783	9.23171
19.9149	-18.3065	40.8506	18.9138	1.08493	-3.56687
6.60878	-19.4418	-2.7543	-48.7518	-31.9727	13.8094
-41.5708	-16.2954	12.3218	-18.5385	-45.8556	4.18458
10.5823	23.4245	-28.4112	17.5466	6.71255	-0.460399
12.9383	-41.406	22.1213	-0.4532	4.81124	6.59253
1.73193	46.7895	32.2474	-20.2445	-21.7521	17.7638
-48.3459	-1.03916	-18.0471	25.7775	-36.6726	14.7865
-48.6328	11.8763	26.3329	35.4183	-20.3452	-3.37036
-4.10321	-39.9655	-0.120548	21.0135	-26.751	-4.1204
6.68508	-25.222	-1.16733	-8.98007	23.3146	8.79942
44.1496	45.642	47.766	-24.16	-24.4804	-1.13932
12.9902	-23.632	-47.055	-9.21201	21.3706	0.0998589
6.82546	40.3073	-43.9756	-46.7132	-0.526444	15.5122
-16.7043	5.85192	42.6298	-10.5823	16.3045	-3.45674
-31.9971	-36.5535	32.6777	-13.2282	3.74004	2.0542
-28.7164	-5.29038	-47.9369	29.6686	0.144963	12.7878
-28.0297	-22.6463	36.6604	-31.7133	-12.9017	-4.08786
12.569	-28.5485	-4.10321	48.3276	-23.4031	15.4147
-3.4196	-12.1784	13.8203	26.8303	-5.77563	17.8313
-15.5446	-48.4985	42.1628	29.6777	33.9259	14.6511
35.0093	-2.3545	39.9655	-11.3117	-33.5994	9.161
-41.1924	-36.7061	-20.3482	-33.7245	-26.1223	9.72031
-25.0175	-29.0124	21.8711	-8.06452	45.3978	-2.84991
48.703	33.8008	-14.7938	-14.3696	46.1455	-4.0813
-47.9492	3.57219	-3.49284	-40.4477	41.8882	11.9868
39.407	-13.5151	-43.2554	-29.7998	30.9198	3.25701
-25.8141	32.1253	-46.9359	-17.9037	41.0672	8.01995
11.0675	-44.998	27.3461	49.9634	-43.1089	17.3878
-19.3472	19.0237	-4.96689	-16.5426	49.4354	8.20211
-34.0907	-1.19785	26.5557	-6.15406	0.813318	0.207309
21.8863	-22.7683	-27.9534	5.37584	1.04526	-0.104394
30.1477	35.284	-29.751	-18.8223	-49.9298	11.1256
40.8383	18.7338	-43.1211	9.70641	-48.8708	1.32866
-27.9748	-10.7898	1.89673	9.54772	-15.801	9.55311
13.274	-20.6076	33.6665	25.0237	2.23853	1.78267
25.2709	16.4998	38.757	3.44401	7.14286	5.92662
-23.6534	-42.935	12.1754	18.2882	45.9349	11.139
-5.85498	-1.20396	-41.1954	41.3968	2.19581	17.4967
-45.2116	-40.0418	1.82348	15.389	-26.6076	15.0882
4.78378	39.877	-39.5749	30.4163	48.114	17.6896
-5.79089	-38.1802	-19.1092	-10.8325	24.2607	-3.72883
20.0308	37.1578	-0.227363	38.0337	-9.42259	13.3486
44.0153	-38.6074	-6.4684	42.2727	16.5822	11.6563
14.0584	-35.5464	22.6341	-43.524	-29.6411	13.8981
10.741	8.7054	11.9343	-2.42775	44.6806	16.0565
-28.695	-2.52541	21.0929	33.0927	30.9198	16.7626
38.8272	-47.7172	26.3054	33.2789	-41.3999	-0.548627
-6.1388	-45.4863	22.8141	-31.5394	25.9392	10.2512
-17.8732	42.1018	-16.6707	25.8507	-39.2422	17.5507
35.3603	23.3146	24.926	-28.518	-15.7704	16.1883
18.9444	-44.7386	-3.04422	-46.1364	-14.6535	-3.68672
-10.3137	14.0675	-22.4754	-18.9901	27.9901	-2.94485
47.702	-42.2575	16.7135	32.5953	-23.7327	2.7388
12.2669	30.3186	-33.2606	29.6319	42.7824	17.3576
-7.0452	38.3572	-30.0012	-45.3215	-37.6675	-1.22
2.68715	-3.48979	5.88855	48.706	26.8853	1.73418
-35.9828	12.9414	9.16623	-30.4102	-43.2005	16.0427
-7.60979	35.9004	-21.2912	7.75933	-34.2952	16.5085
-46.0021	-39.5352	3.7431	5.77258	-5.52538	6.49961
22.8599	-32.342	-46.8932	-41.9309	46.6979	13.8007
-42.0713	-20.0522	35.5647	-12.7552	-24.0135	10.2479
30.2881	0.0930815	-40.2982	22.3899	14.037	1.54015
37.2127	11.565	-7.81732	-16.5975	28.2434	15.3098
35.052	-49.8352	-30.3858	-47.4242	22.6798	9.45781
-23.3421	8.14386	24.5781	19.1275	24.3919	-4.01269
30.4956	30.6269	-27.4834	-22.8416	-49.2492	17.5051
-17.9769	38.2473	-49.1394	24.9718	49.3408	17.2616
38.4579	27.5597	11.5314	-6.19678	30.3186	11.7863
-36.8709	10.6128	-38.58	-13.7837	-40.7804	15.69
10.8722	-44.6074	38.9737	40.0632	21.5049	11.056
-47.5066	-4.75021	24.7978	17.7511	-21.0044	1.12199
-29.7906	35.9371	-21.9718	11.8152	46.6338	4.90876
34.579	40.7682	20.4642	11.5284	23.0064	12.8761
-40.8811	15.4592	-26.5465	5.30564	-18.3615	-2.90893
18.7765	13.5853	46.588	37.0449	22.0359	1.06638
-26.2871	21.5079	-48.7701	47.9766	34.3104	17.7525
-7.37175	-25.3594	-19.1092	-14.2994	9.32798	17.6295
48.0712	-18.3645	45.5779	-32.2016	-14.8824	-4.10629
-47.1892	25.8904	22.8538	-0.65157	-30.1965	17.4429
2.31483	-7.93939	-45.703	43.2249	-10.6647	5.28616
42.9411	-35.5403	28.457	-25.8293	3.7431	3.92724
25.3868	47.8912	12.5629	-11.4643	0.993377	15.7356
41.4579	39.642	-22.8721	46.2401	11.1316	-4.09695
-1.05747	40.5271	-6.73696	-24.9992	42.7091	-0.178162
-47.4761	-20.867	-3.48369	6.60573	-21.9565	5.02722
43.3226	4.57625	11.9922	-21.1509	-26.9768	9.66251
-29.9402	-1.17954	27.3034	24.4743	-45.587	12.4267
42.3795	-31.2983	-1.68004	-4.05438	-43.1181	-2.20455
22.9331	-2.71462	49.4385	39.169	-34.0541	3.18571
44.1343	44.7081	-44.4945	-18.2028	-11.8793	17.7853
-20.278	24.7215	25.7805	-21.9352	13.9424	9.35188
0.721763	-10.6677	30.1294	-22.5547	7.57927	-3.15984
7.32597	-31.5455	-38.4793	30.2545	-1.63732	-3.14718
-33.2209	6.33717	14.1285	-21.3004	-30.8466	-3.5104
-48.7213	-23.571	40.4416	17.8762	-36.3613	-4.01622
-17.275	34.5973	-33.2118	11.2262	-8.44905	12.8328
49.6704	8.05841	-5.44603	20.3452	26.3604	-4.0756
-9.46837	4.24055	35.7967	-0.968963	-42.1598	6.92225
19.1946	21.7154	4.56099	-15.6423	11.2873	-1.70572
27.6055	49.2126	37.109	-27.9534	-49.0356	4.33487
-25.9087	41.818	27.1081	-43.4233	9.9353	10.6036
-18.862	-46.0875	-14.2384	-38.2839	3.29142	11.0407
-31.5699	-41.1466	13.7959	-30.8832	-3.62407	3.19155
23.9433	-3.81939	15.7796	-5.32395	-44.9858	0.942257
2.57118	-34.8415	38.7387	-47.3296	0.758385	-3.3698
-44.8637	41.1527	-49.5361	26.0613	21.8131	17.7427
17.4856	-19.9301	-1.64342	10.8631	-35.2474	6.75142
-1.67394	-46.588	46.0906	-31.7652	29.3603	-1.91911
29.0735	33.3522	2.1897	24.8283	-3.04422	17.837
27.9626	40.1944	-4.49995	-19.7104	43.6735	11.8432
40.6522	17.2018	48.5168	31.402	23.1101	-2.89742
-35.6655	29.2444	5.8153	1.04526	-25.9392	7.48884
28.2556	47.8729	-13.2862	-5.76647	-1.89978	17.1775
-38.5281	33.6848	18.3065	45.996	12.3585	13.7076
32.6991	-39.7824	21.5476	27.3095	26.4855	3.18695
-27.4957	-24.9504	-18.1173	-40.8628	-39.3735	-2.39981
26.8548	-45.2971	25.6829	-3.21512	38.5464	-4.12994
-23.4886	37.4722	-13.7745	26.4641	-47.9614	5.90456
-30.9778	-10.7685	8.25678	-17.1194	1.93335	1.07353
-48.1201	23.0613	-30.5445	31.4783	48.764	-3.07037
15.9291	20.2048	-48.4741	-9.32493	27.1569	14.8669
46.1241	-16.5639	0.538652	-22.8935	-31.2098	15.4957
-35.5403	10.5579	-12.8315	19.9973	-38.5891	7.44991
-16.1672	27.4743	-38.934	25.1061	13.4846	-4.05442
31.9971	0.0900296	-48.7457	2.44606	-28.341	2.0542
35.0764	-36.5444	-22.9392	26.0857	1.24363	12.5628
-16.158	37.5759	44.586	-49.4873	7.07266	6.01788
-1.32298	37.0388	41.3816	43.2798	23.2109	1.24081
-14.7176	-32.7692	45.5443	2.15308	15.6545	3.33306
1.28636	-12.3829	-15.9658	23.2353	-13.744	-3.57647
7.42973	6.87735	-11.4612	46.8627	-17.9495	16.8275
35.8058	-22.8233	-46.6979	49.7284	-40.5545	-0.325639
-36.8374	13.8844	44.6135	48.2452	-33.5383	3.50645
24.7948	-40.1914	27.81	45.4527	-44.705	0.27067
4.38093	-29.5679	34.8567	-3.63018	-30.108	6.97781
-42.0988	-30.1508	-49.0509	-27.81	18.7033	14.1381
-13.1153	-6.08997	-16.0237	-7.20389	41.9187	17.2951
-20.1224	23.8334	27.0257	36.6543	27.047	-3.73609
17.3116	-45.6694	-6.60268	-44.937	-4.25886	17.6282
-40.1059	-30.8191	5.17747	48.3337	-12.7308	-0.153289
49.7864	20.7053	-6.77358	-12.2669	14.2262	-4.08043
15.9902	-16.8661	-34.0938	10.4297	11.9739	-3.63003
11.153	24.7765	32.6106	-33.5353	32.4091	-0.420953
-36.7458	41.0886	-22.7073	-32.8516	29.4488	14.8914
15.0533	-13.5975	0.901822	-17.3544	-20.983	16.1415
-36.9137	47.3205	-32.7235	-6.50807	-5.57421	13.1056
-10.6311	-48.114	-49.4476	-38.934	-35.5647	-2.12169
36.2758	-35.0764	26.513	9.0289	-20.0888	15.8711
1.18259	17.98	28.6493	-45.1872	27.7245	15.8938
27.0013	8.51009	-24.102	38.1191	7.8753	11.24
30.6848	12.0472	30.4651	2.1012	13.3168	5.72019
30.932	-14.6168	-33.1141	37.5515	-19.2282	7.70025
33.2667	35.9218	-22.2343	-37.878	-48.6053	16.1109
-9.52635	0.746178	-7.16727	-18.395	-31.0236	10.6622
49.4537	19.274	9.03195	-6.79189	-23.0522	15.8982
-22.9911	-7.34733	39.2087	46.1974	-46.0082	7.79476
-11.7908	31.0327	-38.7661	-40.585	-45.8953	9.28685
-14.507	45.4985	-48.6389	-19.0237	-13.9882	16.2742
32.7723	26.3756	35.4976	13.6708	-13.506	6.22634
24.0501	-40.9299	13.6341	13.0207	49.8169	17.8531
12.0441	25.045	-15.5934	-31.0266	4.01776	-2.42978
-47.47	36.4498	-24.8253	0.965911	7.40837	7.768
-42.5047	-13.5701	49.6918	-3.22123	33.7306	-4.02578
-28.225	10.3168	-11.4399	-33.4864	-38.2626	16.6206
37.402	30.6543	27.4346	45.7152	0.306711	7.72399
-47.6897	-33.343	9.37681	-16.5304	25.8843	-3.48807
40.2493	15.2608	-42.8587	17.0095	-27.9717	17.086
-20.3726	-40.6888	1.4359	15.6728	48.7518	3.97005
-20.6595	-23.4489	32.577	27.7276	-15.9902	-3.70334
45.7732	-48.7823	-35.0337	-23.4367	3.90179	17.5673
23.5557	45.4802	29.3878	1.6068	44.1252	17.7333
-3.96283	-19.0512	17.101	47.4792	-44.5738	-1.60148
37.6034	13.1855	49.5453	12.8224	-29.0674	11.6792
7.78375	48.5717	-32.5312	-48.7945	36.0469	0.727154
-48.7426	12.7979	7.58843	32.2077	39.7214	-1.5884
-1.97913	-44.2595	9.2822	44.882	-29.5343	16.5186
-16.5639	-35.2565	41.9401	-48.3642	34.7987	0.289248
-9.69115	33.5505	-49.7742	-16.213	13.921	1.39734
36.3033	-34.8415	37.6095	-47.8729	36.1476	17.6024
-18.2211	-39.4314	0.910978	28.4112	14.3605	13.7741
-40.878	43.1059	7.98212	-1.99744	18.6453	17.6743
0.572222	25.3441	-16.9149	32.5861	9.21201	9.22897
-25.985	35.3633	14.6535	44.9461	25.1122	-4.09547
-5.11948	34.6095	-21.1875	-25.454	-3.22123	-1.86281
-31.6736	-10.7196	18.6056	7.14896	2.75124	14.3929
9.92309	23.4214	-22.9575	-13.6738	40.5545	0.677078
4.05438	-32.2169	-34.3959	-0.0228889	-21.2607	2.7563
-49.3164	-1.42979	48.4649	13.976	34.3074	13.8749
-14.629	-41.9218	26.0521	22.3777	7.05435	-4.02984
-41.0245	-45.3673	-44.4914	12.9261	39.8007	17.8167
-25.9331	39.8251	47.1862	30.3186	-42.0164	11.7479
15.6056	-44.586	44.409	-37.1456	-30.8557	7.66164
-38.3908	11.5009	46.1333	40.8506	-43.6827	-0.907318
-25.3441	-15.453	32.7784	-13.4541	-16.6677	10.0764
8.28425	-31.2983	-11.9587	-40.9604	16.5395	9.53037
9.85595	-49.3988	-38.0581	-9.79492	-20.5527	1.99487
-43.0174	36.578	-32.7998	-0.892666	-13.8936	11.0768
-35.2138	-3.83465	-9.64843	21.1142	4.04218	-2.64296
34.0693	44.2442	-47.055	39.169	3.39824	17.8617
12.2974	20.0613	25.7622	-25.4448	21.8467	17.1309
-25.1152	-46.7498	-10.9516	-31.0877	17.6809	7.06369
5.87024	-10.8417	-8.23542	-11.6108	49.5758	8.17332
-30.3644	-21.7612	-42.8648	23.0735	17.1499	-3.44801
10.0055	3.96893	-38.9248	-47.0061	-3.15409	-2.5048
28.4875	27.9138	44.7935	4.11542	-20.0095	-3.49631
-10.4022	2.73293	26.4824	48.7487	2.53456	9.98475
26.0308	11.0767	9.01975	46.9115	15.1875	-2.202
-16.7898	-45.5199	-17.037	15.7064	-22.2953	11.7515
16.6341	-41.7814	8.87631	29.0643	6.86819	15.1153
43.8444	15.2516	23.5252	-27.2332	28.1915	5.24858
26.4489	-33.8343	9.29746	45.7335	30.8954	10.6905
-33.8282	15.5232	-30.5475	49.1424	-6.61184	8.16291
37.4264	44.8485	44.3724	9.28831	-12.4897	9.15118
-6.36464	23.7327	25.4814	-18.2302	-34.6553	1.79287
-3.88958	-7.10929	-15.3249	-35.1436	1.98828	4.29221
-25.2892	2.78481	34.0724	-19.042	6.28529	1.01238
17.6229	15.7643	-7.37785	-4.98215	-1.57018	12.6959
-22.161	-43.6338	-36.5505	-14.5589	26.0277	-3.61804
25.753	-11.3666	-15.7369	-16.8081	-36.9045	2.96089
40.9146	-37.9604	-36.6298	29.8456	-24.7581	-2.51771
-14.0004	18.6666	-41.5738	-21.8314	-5.02182	6.30414
-12.9078	21.1631	23.6106	44.6165	19.5608	0.954269
-38.1405	40.5454	16.7837	14.0553	5.74511	1.37303
45.7274	33.9015	35.1955	13.3198	44.6013	10.5571
-31.225	47.2289	-6.17542	-46.5514	-9.45006	15.2906
38.6837	43.8505	46.0234	37.4233	-33.3094	0.513767
26.809	-22.3624	-43.2554	-0.798059	-41.174	5.30171
-9.99023	3.13578	-16.8508	16.7226	49.8077	2.04531
35.2199	16.7409	33.6634	24.1722	1.61901	-3.6265
-46.0509	-1.84179	46.2523	-43.1547	19.3838	12.4995
21.9962	-26.0979	-2.31788	-38.3999	-7.26798	8.38988
-5.30564	-39.288	23.0674	-23.5954	-19.7043	13.8323
-28.4112	-45.2116	-13.9607	43.4355	-13.2954	5.16818
-46.1516	-18.3828	0.508133	17.864	-48.1201	5.52432
17.1072	-7.02689	-19.4266	32.6685	0.196844	16.3329
-29.3298	-43.3714	6.95669	-19.6615	-9.83459	-0.80927
11.5284	22.6218	30.755	31.2738	-42.5626	17.5492
38.3145	39.9869	-15.1448	2.29041	38.7112	9.40032
-21.3431	15.0502	-24.4011	19.4876	-42.9289	-4.0069
49.0234	-28.2952	20.1346	39.2239	-2.62001	1.05994
0.999481	32.7662	28.8842	-41.5922	-10.21	13.397
-34.9757	-6.57826	9.16623	19.4357	-14.7938	2.47894
40.8902	36.6787	45.3337	27.7398	16.0909	-2.37262
12.2364	-13.5548	-12.8498	31.2098	-37.9574	7.89854
25.9545	-21.3919	-3.37382	37.228	13.6402	-3.79081
-6.77053	-32.4335	36.4162	10.6952	26.2047	14.3855
-27.81	-16.0268	-32.4915	5.90686	36.7458	10.847
17.0339	-24.9016	2.11646	-26.5801	-15.5873	7.90626
-19.216	41.464	46.53	10.6159	8.7756	10.8295
8.20795	-17.3849	27.9565	-23.7663	-41.4762	3.36427
40.1639	29.9951	45.4955	26.3787	4.45723	16.7081
49.3866	3.01675	49.0936	23.3116	13.2588	17.7655
5.75121	-9.16318	49.2065	-20.7389	-14.5131	15.5824
-7.96991	3.5081	5.3972	-48.1475	22.8751	-3.93202
28.4021	-43.2188	-15.453	-30.8954	42.1049	8.3169
2.4308	-44.5067	28.106	-36.932	5.20798	-3.96685
-28.5424	43.4874	18.7216	-41.937	-22.1671	-0.269793
-43.7407	4.42061	-30.282	14.1682	0.767541	1.6909
8.21711	-47.1831	-37.9299	23.4336	-32.9371	-3.17766
17.8335	-23.8517	-47.5097	-29.8822	25.6737	2.98367
38.5372	-3.14798	-25.3044	2.27821	27.7276	9.1834
2.14393	-49.4079	-31.7927	42.2514	42.1506	1.01509
18.3157	-13.6006	-30.108	-26.3115	-3.10526	14.0508
-18.7551	43.0143	33.1263	26.9127	32.0368	-0.567294
-29.3512	2.58034	-15.685	-6.01367	-12.0167	15.2248
24.0104	-49.3072	49.9084	13.8325	-10.7349	15.9444
-44.3632	45.6603	-43.2463	-15.7704	-43.2371	17.4684
12.5263	-39.5657	15.215	-26.9066	29.6472	1.54807
28.9331	-4.326	37.344	29.5709	22.4418	1.56229
21.4316	-17.1896	0.141911	-35.7967	12.4683	8.40918
30.4559	-14.2232	49.1516	49.4751	-8.22932	12.6737
41.2809	-5.06149	-16.7776	-46.8535	41.3358	5.76835
26.0063	44.9553	-42.7396	-1.22532	31.2433	0.483387
35.815	47.1892	-5.22324	-14.0736	23.574	12.3431
-11.1744	-25.9239	-21.4499	24.6452	37.2677	-3.45228
8.37275	33.1355	-0.376904	-37.2768	-19.0085	-2.16751
-32.2993	40.405	1.6892	-3.9964	-20.5252	-1.24002
-22.982	48.8708	-35.165	-2.49184	-17.6565	-3.83735
-44.3999	-26.4214	-6.74001	2.78481	-49.6948	17.0932
-15.9261	-10.1489	-6.9628	46.6796	-28.0938	9.81409
-39.4284	-16.8966	-44.8576	-45.5473	-42.7549	15.2213
-44.3571	-36.6756	12.0869	-40.875	-38.1924	-2.76117
1.01474	-44.3449	-17.0797	-46.3225	-44.6135	10.1157
43.4111	44.5677	-38.5891	-47.9766	0.425733	10.0281
13.3961	-6.72475	-32.6441	43.7407	49.3072	5.93842
-13.3869	-11.7817	-33.7764	-36.4345	-12.0472	-2.20572
-15.9383	-17.5863	-6.13269	-9.68505	7.51823	15.9162
-10.6433	34.2799	5.88549	-11.1164	45.6236	-0.454032
10.6922	2.15003	40.1852	21.6178	42.407	-3.62056
-20.3452	34.4508	24.3034	-19.5273	19.4784	-2.32008
-24.2332	49.4446	-36.578	-21.4652	25.8415	-2.05746
-35.4671	-19.0085	-39.0866	2.55898	-24.4743	-3.97087
-13.506	43.2432	16.3045	-19.573	48.4375	15.1137
-17.6565	-40.4538	-37.0144	-17.9617	-16.7959	15.6957
15.4317	29.5129	-48.764	-44.5647	0.871303	-1.25803
41.9919	-18.1722	36.3338	9.88952	-49.3774	4.41815
-23.6137	8.65963	-27.2362	-21.1051	-28.457	2.40376
-8.72066	-3.39213	-35.6929	28.28	30.7917	13.6082
3.02591	7.90277	-4.13984	-27.7886	28.4814	14.9172
35.699	40.0266	36.9472	2.95572	25.1762	2.87108
-23.9616	-13.9332	-27.4194	-0.0869778	-2.71157	16.6701
-2.91299	-18.1784	45.5077	39.9838	32.3298	-3.43329
-19.1427	49.939	-25.3838	27.0287	-26.2047	10.2727
21.4347	-35.1711	-24.7185	-26.6717	-12.9688	16.9006
-15.7399	41.9736	-22.5669	24.9016	32.0307	15.6213
-21.2088	33.8069	33.6024	37.5057	-27.4926	-0.0349997
7.59148	-8.61995	-5.08591	3.55693	18.0776	-3.03349
8.60469	18.5018	43.1364	-40.0815	26.5282	15.6678
-41.2168	-33.1202	-25.3807	-34.5698	-29.4061	3.27242
13.2832	-12.2211	-24.6788	-26.516	-35.0612	15.7392
-22.1915	-7.7044	-4.85092	-19.1916	-8.27815	-0.117341
-46.3103	38.4793	-42.465	-26.3939	-24.8619	-1.55034
-37.1303	48.0346	21.4316	42.6756	20.4306	16.5561
15.3859	37.7773	22.9972	37.6553	-49.7497	15.8942
-9.83154	45.0407	-16.7196	29.8639	46.5789	-4.10793
-44.0855	12.8834	46.7406	1.74718	4.44807	17.8523
30.8344	-14.7237	-40.0235	-44.6745	-39.7122	3.18903
-25.7225	-10.036	-12.9261	-38.1863	-6.37074	15.9065
17.3482	-23.0674	-8.74813	-36.8374	-29.4336	16.9549
25.7622	37.4722	-8.10724	45.6725	26.1254	1.03929
30.6482	15.7277	5.69933	26.6533	-38.3602	-0.881414
1.7655	-19.7531	-4.16425	3.1663	47.354	1.4346
-19.1397	38.3328	-26.6778	-48.059	-2.11951	17.1002
-33.0378	32.1436	-10.0177	-5.6505	-16.5273	1.36081
-48.233	-37.1273	-37.3928	-28.7591	-49.115	13.176
-41.8516	-40.7743	-47.0244	34.0541	-5.96179	-2.08186
-16.1214	16.6402	26.5099	-22.5272	17.7694	1.54079
-37.402	45.1567	-46.292	-12.7277	-24.752	7.72399
-3.7492	-24.3156	-31.5973	-27.8863	40.5301	-0.0319611
-28.7866	-2.29957	33.6756	16.3045	36.1538	13.5921
5.19578	-33.0653	-38.8028	31.7011	35.0948	-2.12211
5.93432	23.1559	13.8813	-30.2393	2.26905	-4.00796
1.31077	-26.5923	22.6341	8.82443	7.39616	-2.36463
14.0309	15.7521	9.74609	-11.7573	47.4364	-3.27775
7.42973	-0.154118	0.0717185	32.9402	-14.2079	16.8275
-33.4376	-24.8466	39.9899	-6.26698	-22.4387	0.0198176
-28.515	-38.3633	0.944548	27.1355	46.0845	-3.89984
-42.8343	-11.3575	44.5128	42.5474	-48.1384	16.9747
-37.3623	17.2201	33.5108	-27.7825	-39.697	13.3249
32.5922	8.58638	44.5647	-32.8455	-9.42869	1.4545
48.4527	35.3114	8.6108	-9.05942	-24.3095	14.6445
-39.0683	32.5617	48.0682	23.0247	45.7915	14.8909
48.413	36.343	9.53246	-44.0825	38.1649	-1.72041
19.3686	-34.4691	-13.0512	5.21104	-33.8954	14.1719
-3.30973	34.2311	-23.5405	7.03299	28.0389	4.76157
23.3024	23.3787	33.4681	18.4805	28.8659	17.7976
17.6138	-6.81021	-13.5517	-39.6695	-13.1642	17.6969
-14.5314	37.2951	42.1171	-13.6311	8.64742	13.5535
33.0866	-33.2331	-47.7172	-36.6451	-4.59151	16.6681
49.0967	-48.4558	-35.4457	-18.2272	-40.64	8.20761
-5.11948	-34.5363	26.3298	-36.2575	27.9534	-1.86281
46.5392	-14.5955	-49.881	-33.5322	-27.3858	-3.04958
-21.3919	-32.6533	-9.12656	-28.6676	-33.9747	-3.28996
-43.8902	-33.7489	36.0012	-47.8149	-0.444044	-0.829844
3.00455	5.94043	-42.584	-28.3013	24.0257	9.59703
27.5781	47.2045	11.8946	-46.0936	49.2492	15.6741
-39.8343	3.32499	-4.13984	-47.0397	25.3349	1.17418
-16.216	11.9617	-23.8121	9.25169	-33.2362	4.17187
-27.6879	26.812	-16.3747	1.05136	-11.1774	3.76039
44.3693	-45.8953	46.9024	-0.871303	10.7166	-4.06402
40.8078	-3.05033	16.3808	-36.7855	-48.7823	7.71725
19.985	10.4419	13.6006	36.1354	-44.3327	15.2721
36.1934	25.6188	-30.8069	38.403	-25.5181	-0.735673
-45.4009	40.7071	-21.6391	1.45726	2.06153	14.7692
6.33717	-22.0573	-48.2208	-11.5375	-18.6941	13.2965
11.6413	-8.53755	-2.72683	20.7297	47.5616	0.201885
-34.1395	-6.56606	-23.2902	38.6196	38.5281	12.0089
-30.636	-27.1874	-38.3602	-13.5426	21.6453	10.7128
-13.4602	32.4	-32.5343	11.4643	-19.5425	12.9756
-25.2312	25.2098	12.0075	-27.4346	-27.8924	17.0342
47.5463	-4.13678	-13.448	-21.0074	43.8597	3.00286
-34.3928	-27.4468	21.4103	-43.0784	-19.335	-3.5197
39.0683	-36.4132	-25.0298	-16.4083	-13.4144	14.8909
-30.4895	-40.3928	-21.0959	-16.3503	37.3257	-3.58974
-44.8759	-32.4488	-24.1111	34.6858	-5.07675	11.4269
-9.79186	-31.3074	13.2344	-29.3847	-17.568	1.86231
-25.8415	30.2881	-20.5557	-5.07675	-37.0937	17.8094
-44.1252	15.6606	-18.099	11.4002	-6.72781	-3.09245
21.456	10.7746	-14.5863	-8.90072	-36.8954	17.8113
-3.7492	-49.7589	-24.8039	47.9125	11.9739	-0.0319611
48.3093	-21.6941	47.6226	-17.2018	34.7713	13.6362
-4.2436	43.8841	10.8966	11.7542	45.23	16.9631
-38.5861	38.7509	-48.1414	-41.2198	4.50606	-3.29714
2.19581	-48.4588	-14.8183	-37.5759	-23.3787	11.389
4.99741	30.7642	-0.553911	-30.5414	39.1873	-1.49344
16.8386	-4.96994	-37.8964	0.611896	-18.1295	12.3176
49.8505	-45.6603	34.4874	6.48671	23.2475	-2.98825
14.4734	46.9024	-10.5396	17.7816	-11.7969	7.17793
-9.37681	-47.1953	-23.5588	-30.5353	-34.8384	2.7838
4.09406	8.20185	-13.741	-28.283	34.1212	17.5647
7.51823	4.68001	13.6219	-21.9474	-16.6036	17.8679
4.21308	-17.0736	18.1753	-36.3582	27.4621	17.3027
23.7541	-43.643	-10.0482	-42.6023	13.0085	13.1509
34.3928	-30.5719	25.2983	49.1211	30.282	-3.5197
-1.80822	2.42775	-10.5945	8.64742	22.6493	10.479
-21.3004	26.693	-46.6369	-45.8708	-18.6819	-2.8782
45.8251	-39.4711	2.4308	36.6085	-49.3225	-0.535515
19.9301	43.939	28.1426	2.30873	-36.9015	0.0599367
-10.033	-45.7396	-41.1435	6.10218	-29.1131	15.5276
38.1649	-42.1751	-34.8323	1.72277	-6.38295	0.428008
31.399	-26.6808	44.8027	-0.508133	-4.66475	14.5994
-23.9402	35.1222	-13.7928	2.19581	34.3501	-1.12236
-15.9841	-12.801	-0.627155	12.8681	26.7724	12.5984
-41.4396	-17.3055	-18.1906	29.8242	19.9789	15.3906
-13.8752	10.2313	23.1437	20.0705	-1.77465	12.2236
-20.8274	-26.5648	-20.7236	46.0173	-7.40532	14.4718
-36.2026	13.3992	36.8191	14.2994	-4.56709	17.5037
-9.05637	-1.23142	8.97397	-22.9301	27.3644	4.36999
10.5426	15.4347	17.7084	-30.6421	-39.0011	0.17447
30.2271	-11.7176	-27.6788	29.3268	29.7296	-2.97533
-32.0643	24.0867	26.2932	8.81527	40.4477	-3.94417
18.0746	-12.7003	-35.7295	-43.4874	29.0063	-2.21663
-42.23	1.06357	27.4621	-5.75732	-38.3999	-4.04918
-10.4236	-33.9778	-46.0479	-6.81631	-48.059	10.233
39.8282	-46.8322	23.7297	5.62304	-46.823	7.93286
-41.1252	-37.5301	42.3185	22.8324	-4.70138	-3.03708
-36.6512	-29.6442	-36.7244	-49.5514	17.8579	17.6351
-1.2833	47.2716	-42.9136	24.633	-9.28526	-3.13841
-42.8465	1.23753	-23.574	-34.3928	-7.35954	-2.24908
-38.638	-44.9126	-23.8731	-49.3561	31.3227	-3.66362
-24.8131	40.1517	42.8465	30.2484	-33.1202	7.4138
-45.4466	-33.4742	-47.5463	38.6715	-30.5261	17.086
-5.59862	-39.4742	10.6677	-49.0173	-1.0239	16.8325
-25.3227	-41.0123	10.4297	-22.869	-38.4548	14.589
-38.0856	28.4509	-9.48057	-24.5079	-11.5741	10.0031
-48.1323	-12.6179	-44.3937	19.7439	-8.44295	17.6331
21.4896	31.4753	44.5158	-0.599689	33.7153	-2.67149
40.8536	18.2455	-47.5127	11.98	12.4226	9.04196
27.6147	22.6615	-4.88754	16.6585	-49.6948	-1.17335
-40.4782	36.2911	38.0123	-49.0234	-34.9269	5.68226
-8.31782	-28.4845	3.95367	-11.9495	49.8962	10.4921
-3.08695	-16.6524	16.1275	-32.1314	33.4468	13.2805
11.1591	-5.90991	28.872	28.4539	4.02081	17.8371
46.1241	-11.861	-17.1407	9.19065	30.3034	15.4957
21.8802	-33.2636	-29.5648	3.46232	45.1994	-3.58029
27.9748	14.4246	24.514	14.6016	47.3052	9.55311
-1.75634	-25.6096	-19.3106	42.6878	8.68099	7.95663
20.7083	6.68813	-23.7358	-46.1119	5.27512	0.976813
18.3981	-33.0287	38.052	-17.4215	1.23447	17.8471
-38.0703	-40.3134	-12.624	9.95361	-30.2301	12.0165
24.218	-40.4904	6.70644	8.97397	11.4032	-4.08882
4.09101	-6.97195	-25.6127	-11.7023	15.1204	9.3344
-48.5931	-24.9565	8.33308	40.7498	-37.9513	15.7177
46.3713	-12.8407	18.2516	10.4419	-10.0635	16.0598
-4.12152	-43.1547	-48.6023	43.9055	-37.7438	-3.29652
-3.4959	45.1476	37.2127	20.6168	20.8396	12.6194
31.1151	30.7123	0.944548	-47.7538	-44.9492	-0.928811
-1.66173	-2.09815	7.38701	15.0868	-48.5748	4.80211
10.329	41.1374	42.349	-40.6583	-8.08588	17.5734
-42.8617	-18.218	-30.4987	3.57524	13.1184	13.6852
-11.1866	-20.0491	8.26289	-1.01779	7.42363	11.7943
-32.4122	-1.25584	15.9627	45.3001	25.2129	3.47241
-0.953703	34.817	11.7054	10.4297	30.1233	17.8693
-38.7356	33.6482	-40.3409	-19.5578	-13.1886	17.7818
15.9932	-29.7479	-27.9534	-47.0275	-38.8333	7.39616
3.93536	-37.2219	7.18558	14.0339	14.6535	14.3299
-24.7673	-21.6147	47.5951	-46.057	-6.8804	14.6273
-49.5392	-44.8546	-43.0021	15.6056	-38.3145	9.06411
-35.4915	-37.5179	10.329	8.23847	39.935	-1.1876
-30.694	-44.3785	-20.0461	-12.6667	-16.6097	17.6184
12.6637	6.44704	28.4845	-42.3582	18.1082	14.7031
41.6746	-40.2463	-21.8192	37.8506	-34.875	13.1502
-38.9279	0.00457778	-27.4285	27.749	-29.3146	13.096
-14.8152	-44.3541	20.6839	-8.63216	46.7254	11.0136
34.0571	-4.96994	43.7223	-48.8037	-27.0562	15.8636
10.6647	32.1345	-16.6616	-25.5608	42.3246	5.95666
39.0927	25.6157	-48.6694	21.0105	13.4236	-1.94595
-43.997	46.2859	38.9035	-31.8903	17.0644	-2.43259
37.167	-4.1673	-46.704	-40.6278	19.1519	-3.70359
15.5263	20.1315	12.566	4.17341	9.67284	14.3444
41.0215	-13.0177	28.4356	17.9678	2.00049	4.39348
-40.8475	8.50703	2.2721	32.7631	44.1557	17.1781
36.7	23.0003	-9.98413	8.03095	-43.6735	8.08566
-24.1661	-40.2005	23.3757	7.48161	16.9454	1.45517
-5.63829	21.1966	-16.1	-45.2086	49.2279	6.615
42.1995	-8.35139	36.6695	36.0897	40.6003	8.46536
-49.8535	8.07672	-42.8495	43.6277	26.2108	7.24758
-26.9005	36.5444	19.7745	41.7386	33.871	0.99249
14.4032	-40.997	45.645	37.2494	19.3289	7.46879
17.9708	-9.32798	6.8865	-15.2699	33.4101	7.13476
5.72985	-11.2751	24.7703	-43.1883	4.34736	-3.8691
-11.8671	35.5098	13.5426	19.8843	26.7449	16.8743
36.8496	39.4345	8.14386	-2.83059	20.9403	15.938
-1.88147	7.97296	43.6583	22.6615	32.1039	1.20294
0.502029	46.8841	-22.2343	-49.2401	-42.3521	13.5794
40.9513	-15.6178	8.38801	20.4978	40.7498	7.94585
33.4529	-24.6147	-1.81738	7.77459	23.7114	4.84023
-44.2259	27.9229	32.5892	26.9097	-45.9105	15.1262
-13.216	-38.049	18.8162	44.8302	-4.13984	9.56178
48.8525	41.6868	47.5585	7.43278	-46.5087	5.03908
13.7989	-39.1842	15.7735	-26.6289	-48.3215	-2.13606
-42.0682	-17.7908	30.6177	20.6503	-2.14087	-3.49293
15.0655	-5.36668	-20.6717	-45.7854	-4.88449	0.25487
-31.7377	33.6909	15.569	-12.8315	15.5324	5.43813
-33.6756	-39.8373	28.4143	-40.8933	-43.4721	2.5449
-41.821	34.1304	25.6493	-43.1822	4.6617	10.0363
11.4399	-32.9188	41.5281	36.2148	21.6666	6.50611
36.0195	-6.89566	34.64	-18.0502	43.3805	7.6315
41.7295	-29.4061	46.7681	-23.6229	23.8517	-0.619821
-9.56908	-40.0662	4.97909	-24.6635	-0.7004	6.77851
17.7633	-45.0468	24.7826	43.6949	33.9534	-3.63749
-24.337	2.65358	46.5056	46.8963	-19.2923	0.602568
31.8873	-2.22327	-40.0479	-10.4724	15.5324	4.09817
-45.7854	-44.5952	48.1231	-12.8742	-49.3683	4.88186
-27.3858	-43.0052	39.3429	-23.5832	-8.88546	11.7683
-15.5538	-3.36467	20.1895	9.16623	-6.66066	8.00509
47.409	35.7082	-41.5128	-40.5271	1.41758	17.4118
32.2474	45.7121	9.69115	-12.0289	42.4436	16.6754
-38.7692	-42.1934	-39.4345	-29.1284	46.0692	17.2491
-33.4407	23.6381	-23.629	-42.6511	13.6189	14.0297
46.9481	-8.70846	23.0796	-10.1489	-16.6616	13.1758
30.7855	26.7449	7.92413	-44.586	-4.73189	2.58632
12.4653	49.3805	26.7815	19.1519	-48.7274	8.19
28.338	23.5099	-30.9931	-40.8719	-0.120548	3.79136
21.3919	44.2595	7.34428	-8.65963	-35.3359	-3.28996
-16.4602	15.9963	-15.4714	31.7835	29.8517	2.83696
-29.0185	27.0653	13.9058	-42.3887	-44.6623	17.8699
0.956755	21.6971	14.7755	35.4213	26.5221	17.8569
-13.9424	-16.921	-7.39006	29.7723	-31.5363	1.50587
9.61791	41.1557	-48.5931	46.4507	12.7979	7.91199
22.7622	25.5577	-10.0452	15.8498	18.5537	4.76166
6.33717	-5.8977	11.0065	-30.9198	-29.5892	13.2965
-15.9658	7.4572	42.9106	-26.3665	-42.5443	17.6559
-33.7733	44.5158	-10.0574	-19.4937	-24.9077	15.1828
2.02795	10.5792	2.55593	-33.343	25.5028	-2.15136
31.7988	5.58336	32.7174	-23.693	9.18149	16.4385
-46.2462	38.049	38.2931	6.66677	-41.1802	9.45763
-13.274	31.3135	18.4469	26.9341	44.1099	1.78267
-42.2147	-8.18659	2.58339	-32.3939	22.8599	-1.50334
29.1406	-24.8192	49.3835	18.8559	-2.92825	0.31731
-36.0042	24.0684	14.5833	21.0562	47.0183	-3.5476
44.6562	40.17	-6.62099	49.3957	-20.3177	4.13914
8.02179	-27.2271	-42.9228	34.8262	-39.4681	17.7892
3.78277	-28.7255	-47.9675	-14.803	33.9381	4.42682
-30.6635	-10.683	-12.2944	-43.0448	-12.2486	14.811
34.3532	-36.3094	-39.993	-7.20695	-45.0468	5.99723
-40.2707	3.22123	-45.4833	39.6512	-35.7814	-3.97053
9.53856	-10.3137	31.3532	18.7674	-6.94754	-0.39105
-10.7196	7.3748	-9.28526	3.93231	-3.81329	-2.63922
8.81832	-2.58034	18.099	48.7274	-27.4621	16.7717
22.9057	49.7162	-44.3876	-31.2677	17.5527	15.2769
14.7023	17.98	-2.63833	21.3858	23.2994	15.9275
-35.8791	46.4476	1.64037	29.9066	12.5385	-3.81795
-34.579	45.2055	18.2424	28.9239	-43.3378	12.8761
-3.4257	49.9847	-7.25883	38.2809	-18.0654	6.16603
-44.9797	38.9767	-18.6605	10.0085	-8.56502	12.895
-9.28526	-25.3716	-9.73693	-46.6979	48.1872	12.1229
20.0735	-40.8322	-45.4833	49.8352	11.9404	-3.69761
-44.9522	-33.3125	-28.8751	2.98318	32.2047	14.4802
39.2605	-23.339	10.5884	-45.0774	-20.0003	16.7073
-8.77865	-33.8862	-38.0093	23.9647	5.40941	-3.92671
-39.4925	42.3521	-30.9626	-18.5354	-10.6708	-1.36802
12.4836	6.23951	-25.0999	-49.6735	36.2209	-1.79827
22.8477	37.6125	-3.32194	-22.4784	6.51418	14.3215
18.0074	-0.996429	26.9127	28.4845	23.8884	12.9018
19.3136	-7.82952	34.0358	-36.3948	49.9786	16.752
-6.11133	18.276	31.1945	20.8701	-43.4507	0.0235658
15.4073	-48.9593	27.7978	35.754	-20.4031	-2.80774
47.8027	-14.6535	-27.8405	-14.4154	-42.9289	16.5458
-42.7305	12.8529	27.1264	42.5657	-32.4793	-3.48333
-9.30052	41.4151	35.3175	45.1048	2.33619	4.79169
37.6156	-39.3857	5.81835	-24.5872	-42.3795	9.27332
-31.7743	24.044	-34.2647	47.1587	31.579	7.62881
-2.29652	-25.0969	-34.6492	31.518	-40.4996	17.0182
29.0643	10.9424	-9.74609	37.5851	9.46532	4.74514
-6.83462	-28.8659	18.7277	-24.6422	25.5364	-0.569948
9.8468	17.1987	-30.0806	-29.4305	-7.29545	-1.62278
2.41249	49.7955	13.6402	47.644	-11.507	12.9525
28.927	-5.97095	-36.5108	38.8638	-22.7653	3.16604
-28.6462	3.23954	-10.976	-35.1741	-44.5341	-4.09725
26.8365	40.6156	-7.67693	-22.0603	-10.7807	17.196
29.8547	-2.03406	33.3064	29.1284	23.5893	-4.10903
-17.9342	-31.8964	14.3849	45.9288	39.523	-4.12973
45.9655	-40.759	-11.272	40.8994	-33.2636	-2.88347
-20.5741	8.96786	-47.1709	-32.1162	0.502029	12.7562
-33.8588	38.2656	-13.7959	-14.8366	2.87027	-3.28373
27.224	8.03705	-4.86618	21.7399	-1.29551	-3.96008
-13.9119	-46.7833	-38.406	-35.6594	-49.0539	7.95075
21.2119	26.3695	-5.57421	-4.52132	-40.7743	-1.22236
-30.4498	-23.0277	-39.8068	-17.8854	-12.5263	3.58909
-49.6216	-2.28431	-21.4469	24.4896	0.379955	17.7633
44.4548	8.48262	43.2127	-38.1558	-22.3319	0.0355978
44.4761	-37.1059	16.1245	-14.0156	-27.337	12.3784
19.1153	24.5018	31.5027	18.8986	47.8729	15.5706
-11.5986	31.6645	15.6758	47.2167	-22.9911	-3.32564
38.934	-24.4407	19.5456	12.862	46.4934	8.96137
-13.3564	47.6959	-43.9085	-2.00049	-4.27412	7.45083
7.93939	-22.0634	29.6167	-5.22019	-26.9768	14.0888
-35.8913	22.338	-23.5984	8.37886	38.6837	5.40284
-7.15812	-26.1956	14.6016	49.1302	0.926237	17.5061
-48.9776	19.3686	3.0839	1.64953	-41.0764	8.38876
-28.1121	-2.47963	20.3665	22.6768	42.9991	-0.826469
30.9076	-21.2973	-23.7266	-15.9352	39.0225	1.07593
49.6551	9.77966	47.8149	45.0102	-30.1172	-3.23903
44.8698	24.16	-35.6807	-12.5813	4.31379	-1.65398
-5.76952	-44.8271	-27.221	-8.93735	-44.3205	17.8592
-44.8698	-28.2769	42.4955	22.4052	-5.55284	-1.65398
27.7306	-24.5018	-48.2177	26.7815	-47.6959	17.3329
-11.9953	2.63222	-32.0551	-28.6889	32.5678	17.1633
-23.1162	-16.7318	25.3502	27.6757	48.2452	10.473
14.2109	-47.6135	22.3472	30.8191	-15.1326	-1.20668
30.755	-20.3024	-9.01669	-20.9952	10.5853	17.043
-4.93332	-44.5311	28.1854	11.8946	14.333	12.89
18.9138	1.67394	17.3482	-31.9391	3.91705	3.8577
38.7448	37.8994	-12.9017	-23.2078	13.9485	-3.67313
-20.5802	15.2211	-27.926	-23.9311	-11.6016	16.4519
-15.511	28.9758	-48.7121	4.88754	-31.0633	11.3657
-7.16422	-48.7365	0.798059	-17.8304	-15.2058	14.8129
-23.2994	31.6767	34.5729	-7.30155	-42.9289	6.05258
-19.9454	15.6789	-13.5395	17.0766	18.5751	3.75555
17.3971	10.9302	10.4816	-29.0796	-36.3674	10.8314
-40.5545	12.0045	-1.24973	-37.9543	-18.8162	-0.860106
7.78069	-7.27103	43.4385	25.3838	-24.8802	17.8024
-4.23444	4.4908	-24.34	-7.85394	36.6451	-0.506899
19.4693	-22.5578	-32.0826	2.08899	36.4589	17.638
11.7298	33.7245	25.4448	23.809	18.2363	16.7244
-13.9149	20.1102	-17.5893	21.0868	22.1976	5.23338
35.7692	-10.5853	-39.8068	-41.6746	-34.341	4.89502
-11.0065	-18.6178	-28.1213	-17.1041	-4.1551	4.43328
-11.5253	-42.3002	34.0358	26.9799	10.3748	-0.208467
39.2758	-31.9971	27.4621	-13.6616	25.4357	13.2228
28.4906	5.72985	22.5486	-46.8291	-12.0655	17.8671
44.116	23.0491	7.26493	-48.7335	0.148015	16.0041
48.2849	-42.7854	7.46941	-35.638	4.2497	6.2126
2.2599	-42.8739	-9.87426	15.4744	-35.0246	4.75589
-5.91906	-38.8241	-15.1265	24.1508	-30.6757	-0.8598
12.5019	-6.32191	27.5445	15.2089	-29.87	-3.94611
44.5189	-24.8497	-41.8332	25.5211	0.764489	9.82838
13.5975	-1.98218	10.1154	25.341	32.2962	16.7844
-17.9952	-14.2354	-27.9687	1.98523	-48.3276	-4.12916
16.5365	32.461	46.2676	-9.25169	37.637	-1.1912
-8.12555	-13.2008	-47.9095	-12.9872	-3.1724	1.58344
-47.2869	-8.10419	15.2852	-12.093	-5.04013	2.12212
-10.7746	39.5993	0.630207	-3.90484	-20.9586	2.25434
-42.9228	-12.389	16.2862	-23.1864	-16.5395	9.29463
-34.8231	-34.0114	22.8843	32.5495	37.4783	5.87587
46.0814	24.6513	2.10425	1.29551	45.941	-2.11798
24.7581	-18.1631	-15.3645	40.2066	-26.6411	6.53192
49.0631	22.2159	-25.2281	32.635	-32.3298	16.5915
21.0105	-17.3391	-8.35749	-43.9055	18.9596	-4.08815
20.4245	19.6493	39.7885	-10.0452	-34.344	8.19577
36.0652	-46.0814	-1.75634	-33.7184	25.1061	17.3797
11.9068	-44.6165	-17.7969	-26.6961	5.37584	-2.78099
-17.1499	9.99634	-41.998	-48.822	33.4315	11.0978
31.1823	-35.0673	-48.8464	-25.4631	-25.1854	-4.12898
-36.9564	-19.8599	-13.4327	34.9147	14.6657	17.216
-32.0063	-20.5832	33.4162	49.1546	-8.84579	17.4238
-19.7256	-30.7398	-21.865	39.3887	-4.14899	13.2907
44.232	-19.512	-26.6198	2.14393	6.18152	15.6438
35.1619	38.7722	-35.1588	0.273141	29.9677	0.936531
-47.7752	43.5545	-31.1731	24.5018	25.2525	-3.82016
-17.0827	-9.53551	-4.738	41.287	43.7864	4.49564
-0.89877	41.1374	-48.2208	-22.4693	-26.5313	12.4944
-22.6524	6.8041	-3.31584	37.759	-3.97504	12.7311
-14.1163	44.9461	-35.9798	21.4835	44.6348	14.0881
19.7775	16.9637	38.3633	42.8495	-49.3835	4.80988
31.7377	20.745	-30.3308	-14.0706	-34.6248	5.43813
40.3653	31.4325	-7.88751	12.4714	-17.9525	-0.188343
17.8365	17.4917	25.7439	44.5189	12.0685	0.893934
24.4652	32.1192	-45.3551	-39.5047	42.9167	15.284
-15.0533	-26.6564	-32.4458	48.0834	42.9624	16.1415
21.157	31.4447	15.92	16.6189	1.6892	4.9619
-13.7196	-40.8506	-27.5201	-48.9288	-33.6695	-3.6826
-2.88858	36.1873	-8.54366	-42.0896	-37.5088	5.75605
-15.2974	16.7837	-45.3673	-1.8601	-31.5332	11.0907
-11.1103	-18.4072	46.9939	-45.9868	-27.9138	16.1946
4.10627	-11.6657	27.749	-15.6545	-13.329	1.62272
23.4581	-48.5137	-6.79495	17.7267	-36.1599	2.65462
10.3565	34.5393	-34.1304	25.0298	43.7223	11.5668
-17.7053	-16.8538	-20.7358	-0.260933	47.3296	-2.28541
21.0166	-29.9402	4.1612	33.4773	-25.341	9.61436
41.8088	-15.9566	28.9727	21.2271	-12.4775	-4.03643
36.935	-38.6624	-32.3572	-32.0795	-13.7959	-1.70829
-6.11133	-26.3726	4.87838	13.1581	-8.04926	0.0235658
-34.4844	2.43385	6.49586	36.9381	6.54469	-2.10086
-1.52745	19.7958	16.3961	39.1873	0.187689	15.7396
-22.3624	-31.8323	-34.7957	6.44398	20.9677	13.7392
6.76443	-20.9922	-29.7967	32.3603	10.097	12.4522
19.9545	4.09406	31.7804	-5.31175	-40.7651	14.6353
-17.7084	-16.5212	-42.5291	-13.0543	41.7875	15.6305
4.65865	12.3432	14.977	36.2117	16.4876	0.824257
-0.468459	-38.6471	45.3337	28.1732	-4.02692	14.9688
31.6431	-6.69118	-5.38194	4.77462	-36.9381	4.77728
-21.1081	38.3663	-48.0987	46.9054	-29.3481	17.87
-23.5771	-31.7713	-5.11032	-29.6411	42.584	16.8756
-14.9495	-34.8628	-2.32398	45.8769	21.2119	-4.05198
13.271	-0.758385	-44.2045	-10.0513	-15.6056	-3.94345
35.3206	-45.0926	3.59661	11.4765	47.0733	17.5839
49.4415	4.25581	35.8364	-42.3307	-21.4682	17.1061
-1.41758	15.2974	10.2832	12.7308	24.7765	4.9465
35.6929	-3.88958	-17.6229	29.9524	-8.72677	-3.80546
-24.4011	26.4977	-14.0339	49.7314	45.9349	17.5824
2.80618	21.8497	-32.6258	-42.0621	49.5117	-3.00817
0.965911	-29.8242	35.522	39.462	21.0318	17.5744
-33.7886	0.788903	17.3177	-34.9025	5.20188	8.59154
-42.0499	-39.6359	-18.3554	-49.2584	39.114	5.89512
-46.4446	21.8955	-19.1488	-34.8476	19.4845	0.116628
12.4836	-17.5314	24.7246	-6.20289	-8.39717	-1.79827
-44.4853	24.5567	-13.1825	-13.2435	-7.85089	3.42791
14.1865	21.8589	-37.7834	46.8627	38.2107	-1.59246
-9.035	14.3635	-37.0113	19.2038	18.6453	2.13932
42.9777	-28.6859	24.4438	-25.7805	-23.3573	-1.74384
26.3543	19.512	23.4703	-19.6127	-4.02081	-3.68858
-38.0093	-39.874	23.6534	-30.0317	38.2656	16.912
7.89056	36.7489	3.12662	-3.35246	33.578	3.21294
33.9259	-41.3816	-20.0766	-37.9788	31.1487	1.83535
-32.8883	10.4022	33.3766	36.7397	-32.6411	7.21168
30.6604	-6.61489	42.993	43.8627	-46.9329	17.7195
-42.6695	-3.11441	27.2179	21.2302	38.2168	5.42994
-21.9779	-27.2027	36.4498	-20.1804	-38.0734	1.55133
-16.6189	-47.6226	-14.6992	-3.18155	-8.68404	-3.51732
-9.05026	-18.1234	-28.0297	-34.0754	-17.2842	17.8306
12.3157	5.82751	-38.287	-15.2608	-6.23341	-4.08245
31.9361	-27.0013	-20.8731	34.6339	10.8753	-0.49746
10.6647	5.38194	-49.9481	46.3012	-33.4651	5.95666
29.6442	-33.3369	33.1751	-18.8406	3.98114	14.2048
-42.7946	16.393	-19.5517	18.8467	-4.31379	17.8435
-12.1479	-3.03507	1.81738	-26.3573	0.141911	11.5348
41.345	-34.2494	-31.8323	24.9565	39.5749	1.23009
-40.5148	2.33619	34.3471	1.71361	24.1997	-2.18065
-11.4002	32.9768	37.6614	8.55281	-4.13068	15.0342
19.4418	-14.3513	45.7549	30.813	4.85702	16.5971
-30.9687	45.6694	-25.9606	-33.2423	47.0397	0.912172
5.07675	-38.1771	-33.4864	-24.9229	-10.7624	-3.29282
-46.0875	8.30256	40.2646	-12.1601	-21.8558	13.274
-32.1497	-12.2669	-1.46031	-7.59148	-30.9992	-3.36544
3.42265	41.1008	-45.3703	36.2728	-31.0785	14.0576
-44.6257	41.3877	1.49388	-45.9899	-13.8173	7.76579
5.78478	-7.2985	-37.4844	8.21406	15.2181	6.94228
-16.6341	-2.86721	-5.89465	-40.3867	30.0958	15.1153
-41.2168	-21.1814	-29.1437	-23.0552	46.2127	3.27242
23.4275	43.9299	-45.5412	-28.6493	31.4112	9.58194
0.437941	-48.4497	-43.8169	20.6687	-14.8122	15.9033
-11.6321	26.6411	4.27717	36.3338	-31.7408	16.7072
-30.7978	-16.8111	19.8294	36.9686	-34.1639	-0.0811183
3.94452	-31.2586	27.1752	-27.1477	-15.4164	-1.05318
18.0868	16.512	-40.6583	-38.1985	-24.2302	-0.740456
-22.808	-29.1711	-37.4325	20.3238	45.3581	7.66083
33.7153	-46.7589	-34.0022	-11.7359	-33.8313	11.2072
-30.6238	-14.1346	-2.51015	11.1316	-20.6961	5.44592
33.5688	-13.8295	-43.0631	-15.3584	-45.6877	13.3433
18.5415	-38.6563	10.8203	25.7622	49.7711	15.9467
44.4334	-9.20591	19.396	4.30158	-33.874	2.62508
-4.95773	23.0735	-29.2169	-46.1119	10.9577	8.98444
15.273	41.7325	-3.76751	24.8009	31.7896	-4.12651
-23.9555	-32.3145	9.31883	15.3768	12.4897	12.187
0.837733	-29.87	-10.9302	12.2822	-28.9544	1.96943
-45.9563	43.7407	-41.0733	9.50804	-27.5872	0.960088
-19.4693	-6.6332	10.2405	42.6511	-1.17954	17.638
12.6301	46.6491	1.02695	-29.696	10.0879	0.933713
-36.7153	-10.094	-10.1703	-14.5863	-41.5586	6.59851
-27.5201	43.6369	2.41859	23.159	-21.7826	11.3051
-14.4368	22.8446	-47.6745	32.0521	-38.052	1.06324
-5.72375	-6.51418	-29.4794	-24.2729	20.2628	8.53872
48.9319	-2.06763	30.4407	-9.1998	-3.23954	-4.12791
-14.3239	44.763	1.28941	46.53	-32.1345	5.44964
-21.865	38.0978	-4.96078	36.3521	-41.818	0.42006
-41.1588	-1.99438	-11.7054	-49.5148	45.529	5.47712
23.1346	29.4153	-38.6074	-41.3419	0.291452	-1.71574
-14.0065	14.4368	-29.5434	34.341	28.8293	14.5808
-8.97702	5.30564	-3.66985	-37.7956	-23.9982	-3.45225
-34.4691	-41.3877	-18.9627	-1.24973	-29.3085	9.51019
-10.4694	49.2981	10.3656	-11.568	-26.7052	-3.50368
2.86111	-12.3615	-14.9068	-29.2932	29.8914	17.3362
4.42061	-25.8477	-13.7043	31.8812	-39.0469	-2.18907
-9.34019	-42.4528	18.5018	11.8854	-30.2423	-1.28275
31.8171	39.3368	-16.5029	-42.5626	46.5636	14.473
5.68407	20.8579	31.6523	-21.4652	5.51012	2.28929
-44.5616	-38.1222	-22.4723	-35.3236	33.9045	10.7838
-14.6657	-49.6765	-42.3826	-1.3657	27.8619	0.118733
10.4602	20.5283	-39.3674	47.6928	-40.5576	17.8201
-29.7906	-44.5372	30.2026	15.041	-18.2516	4.90876
22.7775	11.7328	-47.7538	28.048	0.151067	17.6744
-39.3307	-27.4041	34.4539	-28.2373	-6.13575	16.2298
-32.6106	-48.5015	-37.3959	-43.4843	-9.46837	-4.07407
-1.00864	18.804	43.6766	6.52333	-15.5599	11.5058
-35.2748	-8.5345	29.2993	49.0997	-22.5455	13.6276
16.1702	17.5039	44.6257	-30.7398	29.2566	5.29575
41.8363	-6.4684	18.7216	6.55995	-9.90783	-0.532376
36.5902	41.1069	39.639	25.5303	20.2109	-3.83339
38.6135	47.5188	-35.8333	27.047	21.1509	4.10765
-23.1071	-13.332	2.85195	38.229	-31.0572	16.5424
-49.5911	-17.2353	12.6026	20.8579	17.3849	8.47501
-29.8761	16.335	20.2353	-36.4742	-29.0368	5.64321
-20.1865	-19.57	-14.8732	37.2799	-25.5516	-2.43166
-44.9553	-32.0643	22.2129	-40.3958	-40.405	-2.71476
34.5912	0.2884	34.4142	-21.4377	35.9828	7.02248
-44.1984	-14.8946	-14.0767	2.19275	-7.50603	-3.69052
-31.5302	-42.7427	18.6331	-32.3481	22.0725	-0.528295
1.60375	43.0082	3.74615	41.8455	-8.83969	6.62288
28.692	-19.2953	17.7114	16.9546	-29.7723	-1.95602
-37.9696	-32.1863	48.6267	36.4834	-42.2086	5.07496
-37.9757	26.4306	7.12455	-22.3594	-24.6941	0.859017
-36.4071	-21.9291	-22.9514	-38.3755	-12.8529	-1.76336
-48.5199	49.7803	-11.0462	-4.63729	-24.0379	7.43997
-30.2026	26.0674	-40.0967	-47.4303	35.7265	-4.06413
21.688	-49.1546	-27.7032	20.9372	-33.3308	-2.67562
12.6759	0.584429	-17.5314	-20.1987	-30.6513	-0.104753
-25.4357	31.8293	7.86004	-13.3534	28.6065	17.2744
20.8487	-19.4449	-30.1813	13.802	45.6969	15.5147
10.9851	24.7337	27.047	22.1915	-17.7786	-0.610059
-39.3735	15.2913	35.5098	10.6464	-37.4264	-4.12117
-29.3817	17.4581	26.6869	11.8213	-18.2272	17.6347
-45.6206	-36.4711	-17.9281	-42.2361	-21.1173	17.7625
-5.48265	-10.1001	-10.8539	48.4497	9.73388	-0.139257
27.3858	-37.3684	-35.8913	-27.456	-44.9248	11.7683
-5.33921	32.2748	46.5911	-16.5334	-0.48677	13.7763
22.8385	33.9412	21.044	-42.3582	26.7266	-0.167943
14.9983	17.0675	-0.193793	-34.0419	30.7947	5.08308
-22.7714	-27.3309	-40.6186	-1.74108	-19.7531	15.7133
1.45726	-2.80007	-0.810266	-26.4153	15.3035	-3.33263
27.4041	33.3918	-23.6015	-49.0722	7.25883	6.01441
-23.2139	-32.1711	0.267037	22.9423	34.9666	4.29991
-11.2323	17.6412	30.459	32.9066	35.229	2.21157
-47.8423	21.0135	31.4325	-28.5485	20.925	3.47078
-36.1293	11.0828	40.8506	-11.333	29.9097	1.82581
13.9485	2.92825	-30.517	48.9654	-15.8254	8.01508
-25.6676	16.2496	4.06964	-2.29347	2.07678	3.49582
13.3442	15.7491	21.923	47.1648	38.3541	7.0357
19.4784	-4.23139	6.67287	8.30256	-10.5884	17.3957
-28.9666	-47.5738	-23.8853	11.5589	5.37889	-3.68545
14.4215	-7.12149	-40.5423	47.7569	-12.9261	-0.727102
1.56102	-24.4407	6.81021	-13.5304	-22.2159	-1.00956
11.3544	42.9594	36.7	-16.689	29.4488	-3.00701
-25.3227	13.4236	47.8515	20.6595	39.7153	14.589
22.7927	44.7874	39.2941	1.7777	43.8475	-1.02634
-23.4947	9.68505	43.3744	12.508	34.9025	-0.344783
7.17643	35.403	-24.7002	-47.29	-33.3857	4.25497
24.1356	-9.06552	11.2812	21.5506	26.1895	8.91728
7.85089	20.4245	27.163	-27.8558	-4.13373	11.5303
35.9554	-29.8395	-10.5762	-39.9289	30.5506	7.90126
18.6941	-34.9544	15.0472	-16.4418	15.4225	-4.1186
-21.1081	47.5799	5.38194	-33.1141	48.0895	17.87
45.9624	-37.9574	32.3023	-26.8151	24.0349	12.4127
15.5812	-35.1405	26.6747	18.0807	45.8831	6.52571
8.72677	-25.454	-15.334	-30.401	4.81429	6.77294
-28.5363	-22.3624	21.7582	8.46431	20.1956	-4.00313
32.284	15.6606	-27.8191	35.9371	34.8964	2.82998
46.7803	-3.48369	6.14185	5.78784	-43.8169	-3.32175
2.25074	-13.5243	-26.0949	19.1855	27.0013	14.8878
23.5374	-28.8049	-25.2281	-0.669881	44.9492	16.7643
24.7795	-38.4671	-6.44093	7.47856	-24.8497	17.8395
-24.3736	18.3584	43.7773	-1.55492	16.4296	0.120752
42.233	-1.64037	-39.0591	35.5342	9.07468	2.8946
-6.48061	-16.0756	-45.3093	46.8596	15.6819	11.0444
47.0122	-31.7042	22.6432	-37.0449	8.08893	-3.76234
-3.90484	46.9634	44.3907	-32.0215	1.69836	-4.09657
-19.2099	-28.3471	-42.0652	42.5474	48.1445	17.6654
33.7001	-21.8467	-33.0531	7.46635	-4.94247	1.29797
-34.6553	23.7999	-15.0349	8.41853	17.5558	-3.83056
0.645466	22.9545	-17.9434	-45.6603	-44.3449	2.8565
46.3622	-7.21	40.4141	-40.7834	0.541704	13.6445
-14.9312	-49.1241	10.6708	-36.5017	46.8078	-0.731356
6.20594	45.8953	-14.3605	2.62001	-44.9248	17.6682
1.34129	-39.8068	15.0472	33.1568	-49.8718	8.70501
-22.5669	34.4203	-23.986	-24.1691	-34.2097	-0.401022
-12.0106	14.2567	-0.410474	-26.9768	48.938	0.205463
28.988	26.1681	-9.45006	-24.1325	-4.21308	-1.07274
24.5842	-25.9392	-36.5169	-4.74105	8.93124	7.87702
-36.4498	-5.02792	18.3218	35.0215	-44.113	14.8375
36.7946	44.3449	-21.5323	33.0653	-33.5139	9.33711
20.2567	9.86511	-0.810266	-25.9117	18.7674	-4.12152
32.6075	29.461	27.8253	3.80718	-0.904874	2.59927
-15.8864	44.6745	-18.6789	-29.165	-9.41038	-3.47081
-43.5545	-36.4559	38.1436	46.939	12.0014	17.8409
24.8589	-34.9788	49.6796	6.19373	-22.6005	4.66206
-25.1366	-0.81637	-23.748	44.5189	42.6115	10.5365
-14.2842	-43.8871	-39.819	8.97092	9.2761	3.94277
29.4275	-27.4773	-17.6687	36.346	-28.2067	-1.91422
-20.4123	44.0062	46.6796	22.9057	-24.5659	1.08022
22.4021	-26.7449	-20.8213	34.7285	-48.2208	7.13543
-11.4734	47.5311	13.9149	-18.7857	40.0723	17.4429
-49.0936	-2.86416	49.3377	-11.214	26.1986	12.6035
-35.0063	-9.4348	-47.2533	5.14389	14.2872	3.12817
-11.6108	9.86816	18.9138	6.84683	41.345	15.1764
-37.5515	16.8935	-24.3919	-42.703	16.7928	4.84913
40.3928	-33.9656	41.7295	-19.0451	41.8424	17.4638
41.0031	-4.49995	33.8221	-9.87732	27.2973	17.5944
-12.096	-31.457	-47.3296	31.8537	20.4733	-4.12851
-36.4132	-5.04929	5.80309	47.2625	-15.624	1.77855
-12.0869	-15.45	-32.8089	-31.2372	-35.8486	14.9729
-18.0868	-45.9075	-0.599689	13.2466	-33.4956	-0.740456
40.0723	16.1641	-42.9777	-1.53966	17.803	-1.739
-28.2739	-4.66475	-45.3459	-22.57	-16.5761	-3.41542
-37.0571	20.5008	43.6125	-15.4653	-11.8274	11.6812
-23.5099	28.4356	28.1121	-6.03809	-42.4131	-3.7826
-34.2524	46.4537	31.8934	13.5731	42.5657	0.380426
19.3838	-10.1215	48.5321	-6.83157	-45.5535	-0.0307581
-35.9035	-32.4702	-28.4539	32.1223	35.8119	17.6436
8.67489	-32.2535	19.2251	43.6949	-11.3971	10.9185
-16.1763	3.57524	-7.71355	39.642	34.9818	9.22578
-46.8932	-12.7796	-33.3705	-8.48872	-47.5097	1.24968
37.8109	1.62511	27.2057	20.4398	17.6687	8.25384
-15.4195	-10.1733	-39.2209	23.9463	48.1323	-2.40563
-40.7254	-49.5361	25.8232	34.579	9.07468	17.6914
17.6199	42.8953	23.2597	36.7946	12.7277	-3.15507
44.0703	-3.61492	-20.9342	26.1345	7.57317	1.38357
21.4652	-23.2139	-45.0529	32.7479	-21.5415	-3.78831
6.10828	-27.4987	44.1954	9.81323	40.933	6.88369
3.43486	-21.041	21.4316	-37.5759	-42.3795	-0.554056
-2.66274	12.7674	-18.749	25.9606	7.91498	5.0977
-35.8547	-11.8763	-8.76339	47.5372	-40.5698	17.5361
-1.69225	-42.8556	6.73696	-27.8314	5.65966	-2.88713
48.5839	41.348	-6.66677	11.919	-13.625	4.61863
-39.1903	28.8049	46.7681	-10.4724	33.9381	15.7771
44.6806	44.3571	8.15912	2.60781	-11.4032	14.6232
-8.07978	40.2097	44.1588	-34.8811	16.0482	17.4278
35.052	-27.0013	-6.62404	22.3014	37.1761	9.45781
22.1213	25.0298	-46.2218	-26.989	-4.89669	-2.33247
-49.2584	-15.7674	34.0388	29.2749	-26.7541	-2.02521
11.4032	-40.6796	-39.3979	-24.8924	-33.8588	6.68512
-29.4122	30.9931	-40.6308	3.03201	-37.0449	17.8471
28.576	-8.81832	-11.9892	4.46333	1.64037	12.8449
18.4988	48.7548	47.4944	36.8221	0.0228889	2.50561
3.32804	5.26902	42.1628	18.511	32.8242	-2.61845
-3.51726	25.6951	7.52434	13.5426	11.2293	16.8447
10.152	-30.1782	-25.6218	1.3535	-25.576	17.4706
15.4439	-4.97299	48.3245	-37.5698	-2.33924	1.02819
10.6311	11.7969	49.9573	-25.0847	38.5098	-2.12169
11.9312	10.1428	-23.1712	-7.42973	48.6633	-1.76324
-31.7469	2.47353	1.04831	10.9668	-13.7013	15.0862
28.9636	-6.82241	-20.6626	-31.8354	-41.4518	-1.34489
-29.5343	-25.4814	25.8965	-17.7023	28.1243	16.6233
-44.3449	-2.28126	-11.4948	42.3276	21.0044	2.73653
-41.5433	-6.04724	-11.0431	14.272	12.9627	-3.75612
26.1498	9.36155	-10.21	13.1428	34.6706	16.2651
-11.1621	39.5566	-10.7044	-40.2707	-36.5627	3.47453
35.3511	36.2972	36.0988	20.7114	-11.0126	-2.72386
45.2971	-39.5169	10.0146	-16.1061	21.5537	7.94845
0.547807	28.0267	-18.9505	-20.9616	-26.3817	10.9729
-4.91806	-47.4853	-47.6043	-26.7327	-12.0594	14.8785
45.6084	16.9362	-28.1426	44.6348	30.8344	3.72857
-42.7549	-22.7989	7.00858	36.8068	-24.9351	-2.85199
-28.5669	16.5975	25.1244	-22.9637	10.2557	-0.0404271
29.4061	8.46736	32.9859	10.6189	-34.6919	9.37001
-35.0368	45.291	5.06455	-42.3887	-48.0346	-4.04123
20.0705	-9.27	18.453	-27.6208	-19.3045	9.55604
-48.7426	-14.3727	-3.35856	14.3483	-20.3513	-1.5884
-33.4864	-6.51418	-7.80816	-19.7714	44.6715	15.8308
-27.3431	-46.1882	-22.158	-35.2535	-7.38701	-1.10401
-3.46232	12.3951	-38.6196	36.4284	-39.7397	7.54225
46.8719	47.6104	8.96176	48.4039	-33.0409	-3.02221
28.5272	-41.5281	-24.3767	0.40437	-44.2778	6.65604
-24.2637	-17.0705	34.1945	-11.8	-26.1528	0.599332
10.7837	-42.2544	-24.6727	1.79601	-29.1742	17.8531
10.1825	27.5292	-5.00961	6.90786	-40.1639	13.1964
-9.75829	15.7765	-14.0645	-5.8977	-13.1275	6.73625
-12.8498	9.2822	47.7783	46.2981	-27.2515	-3.76355
-14.6901	47.9858	-19.4632	6.25782	-46.3683	10.4316
3.84381	28.3074	23.3543	1.80517	18.9779	0.427024
29.9554	-0.682089	-35.0429	-44.998	49.5148	-2.39333
45.4375	49.1424	24.1203	9.41649	-32.696	1.84876
-31.1518	38.9279	-46.4537	38.1954	39.4894	12.4757
-2.40638	4.2497	-9.45006	15.3249	32.5037	17.6136
28.872	-21.1844	13.5548	0.502029	-18.4591	2.38831
16.6341	15.1631	42.8678	35.7387	41.6227	15.1153
-16.863	-6.86819	-26.6778	10.7776	-11.2842	7.84852
-39.1049	45.6389	-20.2994	-13.7684	-30.282	17.7518
-27.7093	-31.2738	27.2576	-22.7561	-6.73086	4.56699
-30.9351	-45.41	-44.2991	39.9991	-7.84783	2.25169
-33.2118	-39.1598	40.9696	15.2669	-6.19678	-2.92978
-32.4915	27.5567	26.5404	-25.6127	-0.0778222	12.367
-44.3236	22.5547	-24.1142	34.8109	8.85495	6.05803
-38.4365	47.0244	5.53148	-1.6068	25.5211	11.0857
44.3419	-14.7145	26.2383	-5.99536	22.8813	17.7113
-22.4479	26.1254	-16.7806	31.753	-8.11029	8.71811
48.7304	-46.881	5.20798	33.2057	6.33717	-4.07843
35.8364	-10.1428	-17.3788	42.7366	-11.4643	11.4997
-1.37181	-1.92114	43.9146	23.7968	32.1192	17.6823
12.7827	-44.7783	20.6534	-42.0347	-40.3684	-1.53081
20.5985	-30.5658	-11.1835	-0.248726	9.46226	14.8032
-46.4812	49.5941	-16.7684	46.9695	21.1173	-3.2029
-25.3899	20.2445	13.1886	-49.7711	25.2342	15.4106
-9.36766	26.8639	-40.112	-31.3715	-29.9188	16.2752
-20.6595	-29.1864	8.30866	1.03305	34.3562	-3.70334
-31.3868	7.04215	-13.5517	-40.7651	-27.3644	0.760332
-7.23746	34.5576	3.19681	-36.3796	-11.858	8.09402
32.6746	-11.7023	-26.7327	-45.6145	-21.7093	6.50461
28.7713	-11.1713	-10.0726	45.4802	44.2381	-4.06287
-24.1111	-25.3594	14.7938	-17.452	-27.5933	11.9466
0.163274	44.76	17.7725	-42.8129	-23.0033	17.8646
13.1062	39.0408	45.9014	-41.0245	5.83666	-4.07741
-4.18256	17.7358	-24.2424	-17.7236	15.2516	10.6062
25.8782	13.9302	-5.76952	-42.7976	-5.12253	-3.36975
37.3867	-12.6362	22.6279	-41.934	-12.4073	-2.80734
-37.0724	-19.1366	38.1375	-45.6664	27.9748	-3.7128
31.521	24.0043	-42.3704	12.1479	-33.4529	17.4466
47.0977	31.3746	-20.7541	48.1292	10.1703	-1.71919
49.3744	11.5925	-31.9819	-28.2098	-15.5873	5.87191
-4.60372	3.95672	39.6237	40.9024	-14.7694	5.12689
38.7631	-24.4041	-48.1628	-24.2882	-42.233	-1.55413
-33.8466	-19.3838	-41.4426	-9.81628	-39.3765	13.6837
18.3462	-6.91092	10.0391	30.9137	17.3238	-3.825
-31.637	-37.6858	-44.3999	-48.7548	-14.977	11.1108
29.9097	-18.4378	42.8129	34.991	7.01773	11.7298
-33.7214	49.3194	7.14286	-5.36973	-46.0906	13.8254
46.9237	-2.90078	-16.3167	-11.6932	4.11847	-4.0585
49.2187	41.5403	16.0482	-14.861	8.9526	-3.48055
-32.5648	-17.3666	-26.1742	13.683	32.4824	3.28612
-25.0053	-41.3388	0.151067	-30.1538	13.39	17.0894
-30.4468	-43.3683	30.7886	45.8525	6.98416	-3.9218
-2.07068	-27.8863	48.291	-45.8098	-8.62911	9.17497
-9.2822	-16.5914	12.9658	11.8976	-29.2047	5.98904
21.5049	-46.2798	-45.6114	-40.5881	-23.6778	7.58461
20.4215	-18.6789	35.9859	-40.9268	-18.9474	12.5616
33.9137	-8.64742	3.73699	-35.8089	-15.1204	10.9769
-17.9678	-33.2209	-27.6452	-39.1018	-24.6941	13.0184
-45.5809	12.7216	12.9383	-49.2645	-19.4571	11.3044
35.873	-37.4447	-26.22	8.41853	23.1468	0.831367
2.30567	7.06046	-20.6809	13.2649	-21.6391	15.5909
-25.0114	-18.8101	8.85189	33.5047	47.3235	7.68688
-39.523	-46.5697	38.58	-42.7183	30.2454	11.8427
19.5791	-9.45921	19.8965	-22.2953	-1.16733	-3.74051
5.26597	-33.8801	24.2912	33.9747	-16.8386	17.6415
-41.5616	41.3877	-15.6728	-24.1997	3.51726	2.35305
-25.1396	-35.3114	31.6248	27.5628	-18.5018	-3.81026
48.5046	48.8922	29.9921	30.4743	-24.0562	9.51215
13.9637	-18.9444	-26.9982	-42.5138	-46.9146	17.7182
-20.9738	33.2606	13.6189	-24.2485	32.5861	8.62006
23.7327	41.2992	37.8048	-15.978	38.1008	-2.80929
47.8179	2.37587	38.8943	24.7856	42.6511	-4.09362
26.8365	17.7419	-5.71459	27.9534	-46.2127	17.196
-4.49385	-36.5841	-21.6971	34.3623	44.2686	-3.00402
-10.3717	-49.6673	-38.2168	44.9309	-1.57323	12.6438
12.8773	43.4843	-16.5365	-42.8648	38.229	13.4334
-10.2405	-2.63222	-1.95166	45.1842	47.2137	4.81638
-12.0838	44.1221	34.4478	-45.0194	-36.0988	0.797878
40.3409	7.0513	-47.9919	32.3939	43.8627	14.9379
6.41957	13.3564	2.22327	-23.9189	-25.3349	-2.83292
43.7864	15.7918	-10.2649	-36.2148	6.68203	17.8523
-25.1915	-45.8403	-7.62505	16.4296	-24.4011	15.1505
11.8641	-11.5467	-27.5719	19.6371	9.46532	-2.59946
9.05026	-37.1914	14.8457	-43.762	-22.8111	17.8306
16.0024	33.3979	13.2649	26.8761	28.3013	1.49819
41.5464	-33.6116	-3.30363	45.5016	-32.8242	5.1566
-13.8844	-37.2921	26.7937	20.6656	27.4987	16.4994
-48.8159	-31.0144	34.6797	-26.7602	21.8925	7.98697
19.216	38.5678	-26.9524	-37.5393	-45.7488	10.8295
32.9188	-17.5771	-15.4195	-45.4588	-20.0339	11.1463
-46.0265	-37.5027	-48.9135	-24.5781	-15.5934	10.5725
4.58541	-26.69	17.3879	-29.7082	-1.48778	17.1212
-23.9677	37.9482	-24.2332	20.6809	-26.3543	17.7257
13.1062	-34.7591	-49.4537	-40.3348	16.6555	-4.07741
4.31684	-19.5547	39.761	33.6146	-18.0685	-3.16326
-38.4518	-43.6491	-1.14597	-43.0113	-23.4123	1.2907
32.9859	-23.4336	-17.5314	-20.0522	16.509	-4.09803
46.1638	10.2374	-4.22529	45.2727	10.2374	-4.09344
29.6197	14.7267	21.3828	-9.76135	42.9167	14.3929
-20.043	15.2242	25.4662	30.929	3.0076	16.8697
-19.6951	40.9818	11.6718	0.196844	6.59963	16.5099
0.1236	45.3703	-9.86511	-9.53246	7.2161	17.869
-11.153	43.0082	49.3286	-23.9433	-47.5127	-0.420953
22.2373	-40.8322	29.9127	-37.1517	9.16013	0.781076
43.0326	48.5382	-15.9597	-48.6847	-11.3941	1.95677
27.8924	1.06052	25.0298	23.0399	-31.7804	12.553
18.1295	-47.1709	23.1193	-43.9848	-24.7826	5.85767
-33.578	-11.1011	-44.3968	35.8486	-44.2412	-3.99637
-41.0337	-24.105	49.3103	-5.10727	-4.60067	8.92282
27.9748	40.4263	-14.8091	16.5914	39.1049	9.55311
29.9615	6.57826	6.07166	38.8546	38.8577	2.16889
17.394	-24.6178	-17.1407	-20.6717	-6.4745	-1.11902
9.22727	29.9646	-13.9485	47.4059	-29.0613	17.7784
38.2504	-9.5172	17.5253	-3.54778	-4.3199	17.7567
-8.52229	-30.9046	-45.1567	-49.0814	25.3197	7.38295
-3.56914	3.63933	-40.0235	-11.7084	-32.2413	2.32756
16.9271	14.2872	14.922	2.99539	14.4917	16.3514
-34.1212	-35.0154	25.1885	-29.9829	15.2272	10.6803
22.4693	-23.8121	26.5404	-22.5761	-40.4752	-2.7664
37.2402	-2.76955	-7.70135	-31.3715	45.0346	-4.11236
-20.3299	-5.88855	15.9963	43.936	-38.2809	-1.15871
6.43178	19.4357	-35.0642	47.1252	-22.1458	12.6532
3.73394	-27.9809	-21.0532	24.1386	36.697	15.953
-33.4956	-10.9821	-7.56706	-1.02084	-9.94751	-3.61596
-48.5595	13.2008	-9.14182	16.8905	-31.634	-3.46625
-44.5555	29.0033	-24.0257	-33.9198	-49.0997	17.7161
36.4345	-6.39821	29.5953	2.77566	-21.2424	12.4272
-2.80313	-46.1669	44.705	49.8535	-29.162	0.708544
39.5474	-34.4844	-39.9838	3.16935	12.0533	-3.36801
-34.5454	29.8822	18.3248	-8.99533	-40.5454	-2.38777
43.0113	30.4712	-10.7868	-6.8865	-39.5016	12.0067
12.6301	-31.283	-12.9933	-49.4354	20.3726	0.933713
32.2016	-25.0786	36.3033	-38.9981	-22.1091	17.7413
-48.3276	14.7572	48.9257	-3.94147	-3.87432	-3.16555
-49.6246	37.698	35.229	-15.0014	-3.96588	17.5993
-30.4651	16.2709	-36.8282	44.6959	32.7906	12.5571
22.4326	-13.9851	-35.1253	-31.9514	43.5118	3.29478
-0.572222	23.0186	13.5304	2.22022	-26.7968	9.22897
45.9166	30.3217	40.9268	-46.6521	26.2749	0.821267
-1.85095	-3.15104	48.9441	24.5964	22.2892	3.67254
43.8841	19.2221	-29.5495	42.1995	29.1192	9.61106
-23.5374	16.3015	-17.4306	-17.7572	-29.6625	16.7643
46.9878	37.3714	25.8995	-30.697	-2.00354	4.78562
27.5231	-34.8598	4.71969	-14.3361	22.8355	12.5457
-15.862	-6.74001	2.38197	-31.1701	28.2189	2.36121
3.29752	-19.9973	9.06247	-0.618	-19.1671	6.22207
-25.4875	43.582	43.4263	0.636311	-24.865	17.2039
14.1499	-43.2157	-41.8027	-9.04416	-43.1578	17.8396
-8.74508	-31.872	18.2211	12.6545	-15.3645	-3.00379
-15.3584	41.4274	36.7428	-4.46944	9.70031	2.90446
-28.6859	-3.08084	-29.6472	4.52437	-27.0806	17.1933
2.04321	20.6687	-29.9951	-13.2313	-49.1028	11.2527
39.0347	11.7267	-3.63018	42.2239	31.4295	13.3452
-44.8607	45.1262	36.4895	-5.57115	26.6106	8.41458
-44.2289	10.0604	15.1967	-34.1548	-44.5067	-4.11829
-7.64031	22.4906	-14.5344	-40.17	26.693	9.91585
-33.2606	43.2035	18.4683	45.2788	-42.6237	8.75911
42.4711	-23.8914	-0.7828	35.4854	26.8395	5.06853
-48.5199	33.9351	9.96277	-15.8742	-12.3493	7.43997
-49.2431	35.2657	25.634	-23.2749	45.2757	11.993
-41.1374	-43.762	12.1357	-36.9594	16.5975	14.1331
0.920133	-28.4722	-36.6726	3.94452	3.34941	15.6214
-16.4876	31.4783	1.45116	-37.814	-18.749	-2.85203
30.5353	-17.6595	20.6961	-3.84991	32.7448	-2.92565
-19.4937	-24.7154	-5.32701	21.5751	46.9695	17.4243
18.6636	11.4643	4.85397	-27.0775	-16.8722	5.86635
-18.1204	29.6899	7.54265	-0.257881	27.0653	0.267647
39.7427	48.6053	38.8974	-5.33311	-34.4783	3.03589
34.1029	47.9797	8.39412	-11.6688	12.9658	-0.193049
-48.2696	29.4183	-31.5638	23.0033	30.9259	-4.09863
-17.1224	-21.865	-45.8068	44.9614	-47.5005	0.716414
30.3461	25.457	14.0919	-3.45317	43.3073	2.75912
-46.9787	26.7785	-11.8488	32.046	38.5342	-4.09159
-12.0899	33.1996	-32.7692	-45.0102	-26.5465	-2.812
-31.1213	-7.96686	-41.3175	7.17643	-3.97809	17.7009
37.6125	5.21409	25.0511	48.3428	27.8558	14.8726
-2.25379	43.0082	-48.2604	14.0278	45.6359	11.9584
-6.39515	-23.2566	29.9036	-38.5281	47.293	17.5547
37.2616	8.03095	-25.1915	-16.155	38.7295	12.8636
47.7752	-9.46532	29.6503	28.811	-24.2851	-3.82016
-29.8395	26.4	-46.2432	-10.918	-35.9523	-3.25907
46.8841	-26.4336	22.7958	-27.2485	23.4733	11.6596
39.0255	30.7855	-34.4172	4.91501	-16.1794	17.8675
22.1854	34.5393	7.07877	34.814	43.0235	17.8273
11.681	-26.7327	-6.41041	44.0764	28.1487	17.7595
9.73388	-7.57927	25.4387	42.8678	12.0014	7.12302
-22.2159	-1.48473	19.1366	47.6531	24.5293	16.1913
-44.0001	-22.8294	11.1621	33.8313	-9.50804	10.6094
0.761437	16.4541	18.0898	-47.6501	26.1467	-4.11612
42.7488	25.8202	-12.508	-8.75423	-0.624104	16.2195
9.74303	45.6145	-26.632	25.1549	-8.85495	7.30271
-0.395215	-6.4684	-12.0411	23.6747	-33.282	16.7925
15.4744	0.1236	9.64232	-27.9168	17.5649	12.6763
15.2669	-27.9717	45.2666	-34.344	22.2129	-2.66828
35.2382	-9.56908	-34.9513	1.58238	17.7938	17.8697
20.8029	19.6951	-39.2727	-9.9292	-2.03406	0.145376
-23.2841	12.6057	0.184637	-33.3064	-15.5446	2.49214
14.1987	21.16	25.9178	42.0835	30.1691	14.8012
22.5455	26.4306	-31.0694	37.3043	19.5242	12.9933
35.9981	-28.2769	35.4244	2.73293	-37.5423	13.9365
37.7316	-19.6524	1.82653	-24.5323	32.049	17.816
4.56404	-13.9943	17.5069	27.1081	41.2107	-1.92904
-45.4772	44.7417	42.5382	17.0125	20.4215	2.15568
-11.5741	23.4794	29.7845	40.4996	-22.57	14.6732
35.5373	-23.8731	-5.27512	12.505	4.43281	16.9809
44.9522	-31.8049	32.9524	-21.4896	42.4223	14.4802
38.7326	-33.7031	42.2452	-35.989	23.281	9.34444
1.59154	-41.1954	-20.7694	-13.7684	-23.0369	-0.20216
-30.1019	44.6593	-37.2402	22.0817	30.9229	-2.10777
10.9546	0.364696	46.0875	9.60265	39.4192	2.89294
-28.3593	11.6871	26.2719	-6.26087	-38.4732	17.6861
-14.0004	-36.2026	22.6035	-17.9495	8.7756	6.30414
25.4509	-1.31687	17.7511	-31.3746	-31.3227	17.3782
29.7723	-45.1079	27.9015	-6.99026	7.54265	0.807045
-2.40638	-13.2038	10.2039	9.67895	23.986	17.6136
27.3766	-25.2983	20.9281	-14.4581	28.0755	14.5122
2.62001	-11.2751	2.70241	-10.6433	-42.7305	3.15583
-20.9799	-40.112	-38.8974	29.4763	47.9217	17.3929
-46.8993	12.4165	-9.30662	-5.2324	-6.87124	17.8666
34.4111	47.1313	12.3188	17.5863	16.628	-0.329661
-27.0379	-0.41963	14.8488	-12.2517	-49.2279	-4.04809
-47.0122	13.0268	-38.8668	-2.65053	1.54271	-3.76234
37.1181	-24.0776	2.94351	1.46641	-12.5843	17.87
-25.7683	-37.8414	-43.8841	42.3795	5.12253	0.328435
24.5384	-23.3116	38.995	-4.04828	43.0143	15.9207
49.35	33.8404	-18.2638	48.3337	24.4713	15.844
-2.09204	33.1324	27.5994	-6.44704	48.3673	-3.85167
-26.3085	35.0002	-30.5567	-29.6625	26.9951	17.7637
12.9414	35.5403	31.8659	-15.7186	-48.3886	17.7995
-20.4855	45.1415	33.2362	-34.8231	-22.7012	-1.65747
-22.8233	38.4945	12.6789	42.822	-37.0083	11.4197
14.5833	41.8088	9.22727	24.4774	-18.1784	10.7761
-16.3625	-42.8312	48.0346	45.8953	-23.5343	15.3945
-44.2076	24.1508	-8.37275	46.8871	32.0154	3.50083
1.99744	31.7255	26.1956	33.7825	-37.8079	12.1591
0.93234	30.2973	2.88247	-39.1385	36.4071	16.8975
-18.804	22.9667	48.1048	34.7743	-1.7777	11.287
-41.6501	13.9912	26.632	37.1059	49.3316	-3.48503
-34.7407	-40.9879	5.02182	-20.5161	-14.2415	-1.52575
26.5191	29.7571	-19.2404	-16.1733	41.6776	13.3496
11.0706	-8.2049	-20.2902	-14.7969	32.4458	7.31774
35.2565	36.1415	26.7785	-38.7204	29.696	-3.92218
-14.803	-43.0845	15.7033	1.63121	-45.407	-3.09543
20.6503	26.1101	13.4419	46.5056	-6.45314	17.0798
-30.4529	-27.2942	-27.9687	-9.23338	5.08591	16.8997
38.6105	-5.49181	49.7406	-11.7359	-8.96481	17.8683
-15.3523	-22.9179	-7.19169	-21.984	40.8109	5.0233
0.4532	17.6565	7.08182	-22.6402	15.8437	15.4716
7.48161	-3.79192	34.3745	-28.9422	-35.1802	15.1551
49.9451	11.7145	-24.0684	-18.0837	-23.6198	4.55489
-19.3289	-20.0919	-29.5801	10.5426	-23.7327	-2.33582
7.68303	17.0583	-40.1456	23.3268	-6.59047	14.0601
43.4294	37.3287	-0.511185	4.22224	-2.01575	17.6674
-1.97607	-11.7603	-6.39515	-41.5891	44.5006	14.8447
25.1335	-24.7154	-27.5597	16.802	-9.74609	13.4329
-41.7478	15.2944	32.6746	-49.8535	33.5536	7.00623
-8.15912	-6.42567	2.26295	-46.585	-38.3877	17.8341
22.1305	25.0572	-6.52944	14.7938	46.6704	14.9102
-13.1123	38.5159	-22.7012	-1.52745	16.8477	14.0634
-17.4123	-26.8914	37.2921	-9.41038	-16.0787	7.93652
21.926	-29.1345	34.3684	-34.6217	0.32197	-0.357558
-16.0207	0.32197	1.04526	44.4853	42.7213	-3.8401
16.213	-20.4306	22.7012	-10.4358	-37.3318	17.1166
-15.1082	-44.3449	-5.10117	-18.8803	-15.0288	9.03134
12.7674	-19.3808	-34.5088	-30.8435	-37.4416	9.70495
-18.5781	40.8536	24.807	5.31175	-40.585	-3.65143
-17.9403	-6.20594	-33.9686	37.6766	-24.4041	4.78064
-0.468459	-24.0867	-31.6279	-22.3075	-14.9007	14.9688
20.3909	1.09714	-28.1549	-46.8291	-18.0593	17.6283
-32.9951	-21.0929	48.291	-44.3052	44.4029	15.1932
22.805	-27.8466	-33.9198	21.3981	5.06149	4.69239
-27.4285	-37.4844	21.2668	-8.74508	-3.37992	-1.47191
22.3594	6.12354	-37.524	48.7365	39.1995	14.6454
24.5415	34.9788	44.2686	24.633	18.7368	6.99575
1.09714	-0.785852	1.63121	-43.0448	-5.38804	-4.04622
46.6704	17.6351	6.69118	33.6207	20.6809	-4.02673
-44.4945	14.3147	44.0764	-1.89062	-29.5343	6.32329
6.81631	17.1438	39.114	31.0999	-18.7948	-2.88038
3.43181	16.9057	-7.3748	-2.73904	-2.70241	-4.11644
-22.6218	-19.4937	39.2026	14.2903	19.2434	11.9186
12.5202	-38.052	14.8976	35.3053	37.4447	-0.409865
-12.4378	-22.3014	5.49181	18.4774	-32.4763	16.8632
-24.929	-17.7328	39.4925	-23.5588	-45.468	14.8586
-40.9513	-37.7285	-47.177	-21.0929	-37.7377	7.94585
12.862	-47.4212	28.3837	-42.3429	25.1274	-2.88732
30.8039	17.6016	11.4917	19.6707	17.5253	-0.63915
30.9473	-2.7665	46.2401	3.01675	29.0796	1.13908
-11.5833	-32.2993	-1.6831	29.9219	28.2037	-0.234502
13.7928	-13.451	17.1529	16.3778	-17.3299	-1.71045
30.7062	-20.6076	4.3199	18.4774	-46.5148	6.98406
33.1599	38.6319	42.9899	-45.1567	32.7326	1.33073
44.0001	-30.5078	-17.1499	20.0919	-14.0431	10.6094
-22.9728	23.4947	17.9739	4.14594	-26.9219	13.3516
25.0694	19.2526	-43.2798	22.8996	22.7378	6.78898
-24.2882	-33.5139	-26.4733	-21.0776	39.3826	17.8176
9.45616	-49.3072	5.16221	-40.4996	36.3826	17.7622
-43.3164	-19.0085	-11.6871	-32.0582	47.2839	1.50183
35.58	-1.26804	-45.8251	15.9841	7.622	-3.02609
-32.9066	38.7936	-36.462	49.2309	24.0318	12.4864
19.0085	-19.042	-10.6372	26.6503	41.5067	14.7006
24.1478	22.4693	-44.8607	25.1518	8.24763	8.98021
37.933	-13.1001	-48.9227	-0.160222	-44.0184	10.9371
-48.6724	10.8295	35.1192	-14.3361	18.4225	6.78404
-46.942	42.1751	-29.5038	24.2607	19.5608	4.60429
-4.51521	37.4691	-13.4297	11.1316	-19.2099	16.6311
14.9648	13.3992	-26.0308	-1.58544	35.2748	5.80198
-41.8668	47.1984	-16.805	-12.7216	23.8945	15.6535
-37.8719	-30.8466	34.9879	-29.5251	33.9534	-4.11887
-22.9972	-32.5251	26.9707	36.3796	-47.3632	-1.01506
-4.05744	-36.8465	-0.0412	34.7194	-36.5719	14.0037
22.8172	24.6513	-20.4978	-17.1346	-27.9077	9.64175
47.2411	20.9983	-30.932	-34.0114	-45.6877	3.20228
-5.38499	-19.6921	-13.8081	-18.6666	2.40944	2.54208
35.0703	-46.7162	-11.5162	48.0682	19.6249	16.4061
-33.5047	-46.1089	19.7104	-47.94	-25.8599	17.7949
-25.1335	48.7152	18.395	27.8161	17.7511	13.4329
22.6005	46.3347	23.5282	7.06656	-19.8294	-3.93716
32.4091	-17.1316	-5.49486	-33.0073	-11.9709	-0.491607
-22.6707	-1.56102	-20.6565	20.101	48.9349	-1.03687
-45.4131	-25.2159	11.858	30.2545	-31.6004	7.77581
-22.5669	19.5059	16.9851	9.859	-43.8902	-0.401022
-49.704	-3.80718	41.2626	3.45317	37.7132	-2.47141
-16.6799	18.6666	-5.87939	-20.7083	-28.8568	17.5406
-42.4436	-49.7497	-47.177	43.7284	3.43791	0.0298808
-7.75933	-23.5435	-41.4182	-2.12256	3.02286	-3.21557
28.4021	-49.9084	-19.2495	-16.0634	-8.211	8.3169
-42.642	19.1855	30.3217	40.4172	29.577	6.91418
3.9201	4.97909	30.8588	12.0899	3.65459	2.26486
37.582	16.7135	-33.7794	18.0593	28.2159	17.5017
-49.4873	26.0399	19.9973	-16.8752	-11.0401	4.21751
45.1201	27.6757	-39.172	-32.9035	36.5261	-0.906036
-2.72073	-43.3134	-42.9136	-40.9696	-23.2566	11.8879
4.10932	-22.866	-47.2076	11.2751	20.4337	13.2587
-33.7336	-22.4601	41.2778	-24.2882	-9.45616	16.569
-43.5728	-16.7379	12.45	-3.6607	-21.3095	17.7157
34.4111	-5.56505	-23.6686	-35.7845	-8.623	-0.329661
12.801	-36.2148	43.1303	23.983	27.4682	5.60324
20.8121	-46.4354	-5.57421	-27.9931	36.1721	17.551
10.7318	-37.3928	0.169378	-1.71056	-49.6307	5.89612
-31.7743	2.08289	-40.9055	-0.230415	30.2576	7.62881
-31.6614	-45.7183	-20.5741	-45.5779	30.0409	-1.62013
-4.33821	-11.4734	-10.6708	-47.0397	1.20396	17.295
-22.6981	21.8223	13.9149	-21.5934	-40.5454	-2.54242
-47.7538	37.4935	26.5893	-32.2657	40.2219	4.19434
21.2699	-26.223	5.80615	-38.4854	27.6147	3.00406
13.7776	-0.471511	-33.2728	-29.7784	-40.9391	-1.25511
0.779748	-17.6931	-26.4977	-24.8741	46.9359	-3.68289
44.6074	32.9524	11.8671	29.1528	7.54875	16.8946
-45.4009	-2.28431	-27.4529	14.5833	1.72277	14.7692
12.0441	-18.569	-24.517	26.867	1.54271	-2.42978
-47.3052	38.6898	17.3879	-43.8383	10.4907	4.76328
-0.23957	32.5587	10.2374	-34.6706	36.5902	17.8157
-39.581	-15.5446	-49.292	12.0106	-27.514	17.5395
34.2524	40.4172	34.3989	4.4145	20.275	0.380426
-0.389111	16.921	40.7865	-33.4315	-27.1752	16.8871
26.0247	32.11	22.045	-37.991	-40.1791	14.3818
22.1793	-9.08689	-2.27515	46.9878	13.9058	-1.23739
47.705	-43.3561	6.75832	-48.2574	2.44301	4.44193
28.4631	-39.2605	48.8739	31.6828	-14.6718	15.4944
37.0571	37.1822	40.9604	-43.0326	-42.4833	11.6812
-31.7255	-25.6706	-35.4213	48.4313	43.5698	12.7269
36.6024	16.6433	-34.3501	1.58238	43.8841	15.8342
19.7684	-25.4662	40.64	-31.9361	7.73186	-0.310216
-24.6117	4.9852	-9.08994	41.757	15.0533	-1.81875
12.5446	33.2942	-14.7572	-24.7581	-47.5982	-1.92541
-24.7185	6.02893	-21.7215	30.1172	32.6777	16.8004
9.31272	0.807215	-10.9821	5.59557	-45.645	-0.644804
36.1843	-14.3696	-35.229	-41.8821	-3.9201	7.7853
47.2808	-8.84274	38.9157	-7.99738	-9.91394	9.43177
34.4905	3.2487	-12.6972	25.4173	6.41041	-3.82735
28.93	-39.6847	32.9493	-26.1986	47.6073	-4.09973
-30.7154	28.457	-32.0887	-20.1743	-40.3806	-3.34367
4.43892	-25.045	25.7927	4.22834	-28.2556	0.0946364
23.7693	-35.1375	17.4093	-19.7195	36.1599	15.5686
-32.992	33.0592	46.9573	-44.409	-30.7276	-2.70955
-12.2578	-31.0236	19.7958	20.4337	-0.746178	3.70862
-49.3866	-7.04215	46.9054	-18.6575	21.5751	17.7655
23.1223	43.1181	-14.8305	-24.8985	40.3653	16.9575
39.3643	8.16523	3.92315	-38.5281	-49.6246	-4.11676
-39.1293	-37.8231	16.6616	-42.3521	32.4641	17.8316
31.4478	-36.0256	28.6889	45.4619	18.9993	2.2919
7.03604	26.3024	40.3897	-33.5963	-18.276	11.2269
11.0645	-19.1031	-3.37687	27.4377	-9.95666	1.12825
20.0491	-22.3319	8.51619	14.9617	18.3401	-3.85828
31.0419	1.54576	-17.0949	-45.8953	-37.0296	-2.34115
14.0339	42.6603	16.9607	46.6765	-49.7803	-4.10174
-40.1181	24.8314	33.6848	-10.4511	44.1557	-3.43728
-44.7172	22.4143	-6.53859	-8.92209	31.7042	-3.87887
-37.9208	6.1449	42.5565	-44.9919	20.1041	-3.0131
-35.1558	18.3248	21.4805	-8.90378	-14.6138	-1.46076
21.9596	17.3452	-24.4102	38.4915	-25.6584	12.6294
30.7703	6.60573	-17.4429	-22.1366	-28.1762	9.42989
-47.7874	-31.4875	-35.6319	41.1191	-27.8253	6.70381
-17.6565	30.0409	37.6492	-43.1669	40.9696	15.6957
10.3076	46.5819	26.339	7.03909	-2.06763	11.2105
-2.50404	18.3493	38.3175	-42.6359	33.8069	16.9118
42.3521	37.2524	38.5434	-16.1214	28.6981	8.83786
16.3656	43.1944	-25.3929	-49.527	45.1048	4.28493
46.8322	-22.0603	46.3927	-6.27003	29.5251	16.9567
31.0541	22.7256	39.9411	18.5904	20.8029	17.6645
-37.4813	-46.2188	-3.68206	-26.9738	20.1407	8.03671
26.5252	-24.1447	37.3867	29.2688	-40.8963	17.6897
-1.6007	8.31782	2.55287	-24.2485	-45.2239	4.76667
-27.2546	-49.0692	-21.5476	-15.4012	25.1976	3.27774
0.856044	7.84173	-43.9695	40.8933	37.4416	4.93454
26.1864	-20.6015	47.4975	-48.2391	-11.9556	0.818319
-42.3185	-13.8844	20.3574	14.2476	27.0623	-4.04792
2.18055	-4.92721	34.8445	-9.39512	-43.173	16.8349
31.4081	16.5944	-1.71667	-0.566118	33.4437	17.4725
40.6674	-23.6473	-8.11945	43.4965	46.1669	-4.1124
-40.6735	25.2342	-45.3551	5.07981	27.5597	-0.212595
19.396	-25.7897	44.3297	3.66375	46.4263	-4.08587
16.3442	-19.512	10.8203	-31.9117	-48.1506	17.83
-17.1621	46.1211	28.3074	-6.65151	30.3583	-2.40189
-27.9077	-8.89462	43.9329	-21.7185	-20.4947	12.7651
-35.2992	-12.6118	-0.114444	24.5842	2.3484	16.1558
48.2086	19.039	-6.23341	20.5466	-0.630207	11.7059
-0.758385	-0.862148	25.2953	46.1852	4.72274	-4.12921
-42.3795	-13.0512	-35.8486	-0.764489	-42.8739	-2.20455
-45.6603	19.1366	-1.84179	-37.3043	48.7915	5.67843
47.8088	39.5535	-34.1548	28.6187	26.6259	8.04695
-10.1947	30.1782	-35.2107	7.38701	49.4324	8.79083
36.4071	18.3248	47.5097	-25.2678	-20.0613	-1.76336
-39.9197	13.1794	-19.1244	24.1081	23.5557	6.3725
-16.5456	42.0621	-37.8109	31.2983	33.4956	17.6956
-45.6359	-8.64742	-14.3788	24.9748	-23.0766	0.170866
-48.3795	-35.8547	-18.0898	17.0492	33.0287	11.7687
10.8966	-20.0919	-25.0877	4.03302	-36.5108	10.0743
27.0501	13.448	-35.6197	7.12455	-35.5251	3.38016
-30.9656	-24.5201	-4.08185	-35.1558	-31.3349	7.68343
-28.5607	32.2657	-43.2402	-30.8374	3.9201	12.3526
44.8302	-46.7071	-15.9139	23.8792	-44.2015	15.672
12.7461	13.9912	-46.6521	-21.9871	9.73998	9.63274
45.584	-49.588	32.5922	44.8241	35.4915	16.7152
20.4306	27.7245	-29.3756	44.2076	-23.2994	17.7539
-10.8173	-37.1975	35.8577	3.6607	-16.747	-4.11033
13.7684	9.41038	25.7317	22.6402	-22.5547	-1.46388
-23.0338	34.9849	-3.97504	43.115	-45.2666	0.683274
-19.3014	11.8793	-33.5414	-17.6717	-26.046	9.04459
-2.8489	36.0134	36.0195	10.4144	41.4853	-1.7483
3.02591	-48.4619	-35.641	27.5323	-47.0183	14.9172
22.103	-42.819	38.0612	46.8139	-12.7674	-4.1299
-46.6308	-19.5853	9.97192	-21.9657	-12.801	-3.84767
19.0268	-2.5071	34.5424	-26.8212	-43.5118	17.8244
13.1306	-39.2392	3.44401	-46.0295	10.7532	17.7853
33.0378	-14.8549	31.4508	-43.939	27.3461	1.36081
21.0593	38.4793	-23.1864	-18.8131	-13.5731	16.8314
36.0866	-20.3879	-44.3419	5.25376	-19.5669	17.7158
-38.5495	13.329	-20.8762	48.8556	-5.8916	-1.50363
-22.4082	-28.3135	-1.1185	9.50194	-10.921	1.50995
1.9303	0.956755	-35.8516	24.7551	49.3622	5.06866
35.3328	10.8814	-4.66475	24.2515	-6.08081	-0.804633
-44.1465	-13.3229	6.01062	-22.4021	29.1009	16.284
-39.3063	2.87027	29.6808	46.6338	-18.4835	9.81576
35.989	-3.87738	-7.7105	-17.5771	1.06967	10.7382
-46.8596	-2.54982	39.2605	10.6708	-7.19474	17.8274
46.7009	-34.0999	-29.7205	7.28019	-12.3951	13.7593
-2.58034	-8.66878	-37.6705	-27.2729	-23.4214	8.19419
-5.77563	0.7004	11.9739	9.25474	4.54573	3.14892
-33.9991	-36.5749	4.43892	-4.45112	-12.27	2.23736
40.7865	-35.5525	-19.9301	18.0563	-34.4783	17.7982
40.933	4.96689	-39.0194	41.9004	22.338	5.06762
-48.764	-15.4927	-17.0583	-31.5577	-7.09403	15.6572
-43.5575	-34.4508	-42.407	17.8518	-5.53758	17.8693
42.8037	-37.7621	-36.3552	-28.9453	-8.3697	15.976
18.4408	-28.4265	-36.0378	23.9555	4.92416	17.6681
11.9465	-7.21915	39.4436	-2.64748	-16.1885	15.8439
32.2962	47.9766	13.393	42.2117	43.1974	-0.744191
39.9777	14.2537	-43.8902	10.8295	32.7052	10.7523
-21.7215	-49.8932	32.5526	-29.3359	12.2303	11.7467
33.0531	44.3541	8.24152	15.9139	-33.285	10.9964
27.3705	-47.3388	-34.2769	-22.3716	-15.1112	1.00915
-4.52437	32.7815	-34.8231	30.5048	10.5945	-3.10089
1.24363	9.15403	-21.9779	47.0916	2.46132	9.38721
29.8181	-26.2627	-5.16831	30.5597	3.63628	17.2739
-38.2626	-48.9135	-44.9065	-12.1998	22.8385	0.554991
-33.7428	-3.5844	-43.3226	-22.2526	-3.19987	17.2471
-20.6748	3.27006	-4.84481	43.5362	30.7215	17.4521
8.86715	-4.69527	3.40434	36.7641	33.9747	6.70415
-10.3076	12.859	25.2739	33.6604	47.5524	11.2105
10.9394	-11.0706	-49.5727	29.6808	0.23957	-1.08249
14.9342	-12.2211	-19.6738	33.8252	36.7153	4.85107
17.5405	17.6595	6.25782	-26.6472	24.1081	16.1678
13.5182	-23.1346	-27.6757	38.757	3.05643	-2.81102
3.3311	21.1722	-32.934	14.8671	13.7837	-3.90324
43.7529	-37.3043	-37.7377	-4.51827	46.7071	17.7476
-49.4842	-13.6891	28.222	31.7072	-47.6928	16.2382
-8.7756	40.6034	39.1751	18.1417	-37.1944	0.844872
17.2628	39.0744	16.4968	10.4938	35.2199	-2.35036
34.3837	-13.6555	23.6595	-42.5596	-7.11234	11.6799
4.25581	-17.1743	-38.2382	-27.0653	-30.3583	3.20774
16.3503	33.2759	-41.2473	-38.6685	43.2646	-1.28411
-1.67089	-29.0582	-31.4631	-7.1337	28.2556	-0.551254
-32.1772	49.3561	41.6959	-9.05942	3.20902	0.214829
19.9362	-41.4792	-21.6208	-43.7559	27.4651	5.36655
-2.05237	-11.6749	-1.04526	10.0146	33.3003	17.2827
-11.8305	17.1072	-3.52947	-30.6391	39.172	2.23472
-49.9939	49.6216	25.6615	9.17234	-35.107	-1.59581
5.49181	30.8618	-48.1079	31.5027	12.1632	-2.35487
18.8986	-19.0146	12.45	21.0776	-32.4549	14.7486
16.9057	35.0948	34.0114	-30.0653	34.7835	11.0304
-39.581	-41.1313	-20.2414	-8.61995	14.6596	17.5395
-22.6371	20.6778	-40.701	-0.791955	-22.2648	13.3835
0.666829	46.5148	44.4975	-44.3419	21.8284	0.906335
29.3847	23.4306	36.4071	26.3482	-22.7042	17.0237
-9.97497	21.4591	-30.7825	-3.01065	-41.1344	16.7339
12.6209	-41.6562	-25.2281	-9.00143	16.8355	3.29514
-47.3601	44.6959	1.91504	-15.2394	-41.2259	-3.04008
-39.1873	-42.8007	-13.7288	17.1743	1.72277	16.5167
-28.46	-24.0013	17.8884	-14.6229	-23.3543	-3.01062
-47.9614	37.0022	22.457	-26.2566	-39.0591	16.3544
34.1426	-13.7257	36.2911	-47.8942	1.76244	15.4624
27.459	-21.514	34.753	6.798	11.4399	17.5247
-44.7691	40.5057	15.3523	6.9689	9.17234	17.8351
44.8119	40.9879	3.68511	30.4132	-49.762	16.1997
7.27714	-13.0573	44.583	-15.154	-34.7194	-3.49403
47.9797	-5.18357	18.6758	-43.5392	-42.4467	-3.70523
33.3369	-48.4222	-38.2107	-18.7948	-11.8122	11.2507
-24.5781	27.5872	-35.7875	20.8457	-36.1415	-4.12654
8.72982	-35.5708	40.2188	-7.26493	19.9118	-3.56569
-38.9187	-11.2415	44.3144	35.4915	17.6717	17.566
-33.7489	-1.6068	28.6187	27.0959	6.92312	17.3649
-36.5261	-9.7644	17.1499	-24.4987	-48.9105	8.7514
18.6117	44.4639	-2.15918	46.4324	19.9637	-4.01148
-44.9278	-8.25983	-21.6514	10.8753	39.7031	16.2545
13.6036	41.9675	-36.9137	-38.1039	-13.4968	11.9382
-23.1223	-18.7155	-12.859	25.3685	-45.8068	16.9575
-45.4741	-8.92209	24.8039	-24.5201	-28.0633	15.4485
-25.0603	25.2953	36.7153	43.2676	-33.6482	15.4634
23.3146	-39.5505	14.98	33.6024	41.0092	14.7103
49.2309	22.4509	-8.49788	21.0929	-36.5566	1.3127
-31.0572	26.9982	-37.4538	-23.2933	-28.0511	10.8219
22.6127	-37.228	11.8976	-32.4396	5.87024	17.8607
-18.1845	11.0065	13.448	2.8367	-5.7268	6.65624
41.8821	-18.8925	23.8609	44.5433	-4.97604	5.97363
-21.9901	-40.3226	-29.0094	-26.4702	-9.78271	17.5867
16.0115	14.7237	29.342	-13.8264	-35.2687	-3.06171
-21.4866	48.9044	-27.7825	39.7946	-48.413	-3.53455
41.3541	40.5179	-44.0275	-34.1762	32.3908	-0.880848
-0.0412	-21.3767	-0.953703	16.9149	30.7337	17.87
22.5059	-9.00449	-26.4031	-46.8719	7.86309	0.372741
-12.3646	-5.52232	-48.7732	-48.1658	-20.6015	11.3288
32.7418	42.1079	23.3512	48.9898	21.746	9.33369
31.1762	39.6359	-5.59862	-31.4692	44.2686	17.7944
32.4152	42.7641	-25.2068	-22.8904	-37.994	8.16786
20.5863	-11.4277	-47.1862	7.3748	-3.87432	17.854
39.7183	27.9962	10.2618	-40.5728	-37.7529	5.70564
38.1252	1.58238	-44.3205	-43.2157	22.8111	16.8335
-11.8397	37.524	-3.88958	21.5506	27.9168	6.60726
-48.0712	27.0592	-19.3747	-28.3044	27.279	-4.10629
-28.2281	-38.2321	-0.199896	-23.7663	-18.4561	2.3611
-6.81936	31.3654	-19.8935	46.2981	-46.4019	16.2709
34.7316	-29.751	12.8437	29.9585	16.9149	-4.00952
-27.8466	15.0929	39.3368	20.2811	27.8985	15.9865
-30.7306	-44.2351	4.61592	-37.5179	37.3043	4.70464
32.5739	42.6206	9.81017	11.5101	-39.1812	8.71061
7.04215	-36.2178	23.6869	-45.468	-22.4723	13.8191
-29.7174	31.753	3.30668	45.3185	25.5669	14.7598
-12.9749	-17.101	43.9207	-3.27006	35.3359	-4.0165
-35.5159	-16.1122	29.8853	-44.998	13.1397	13.7373
19.8416	-38.3663	-15.1112	16.2374	27.7917	-3.80862
-0.480667	45.5962	32.3328	21.0044	-12.9963	14.5107
6.95975	1.17344	-17.5863	18.6911	4.96689	16.4017
5.49791	41.7966	21.3248	-38.8241	25.1885	8.39468
-24.2332	-33.7367	7.86004	-25.5669	-41.2107	-2.05746
29.0124	-28.1304	-37.4508	43.2463	-38.5556	6.15767
20.4794	-30.9717	-3.23344	-7.63421	22.219	-3.56011
-26.516	-25.1061	21.9901	25.8965	31.1029	6.29035
-42.7702	26.0186	10.8997	34.2311	25.1793	6.71207
34.8994	11.9221	-49.2798	9.41649	3.89569	11.8129
-28.7866	-20.3543	-14.7633	39.6298	21.514	13.5921
15.0441	43.8231	-1.33518	-47.2594	-41.7325	16.9079
17.6656	23.8029	-34.3532	-30.3705	-11.803	7.31288
33.6909	-34.5332	-0.105289	-46.234	31.3868	-3.59102
-1.26194	-7.7105	-13.9088	47.4822	-13.567	2.6628
-4.33515	-46.6735	-16.5792	-43.5087	-20.6137	6.88228
37.8445	-29.3481	28.8812	-9.3646	26.8761	-2.14388
11.214	-43.6705	44.6928	4.11542	15.3768	4.69522
-26.1254	-11.1347	20.4489	2.03101	-39.7397	-4.11571
30.6909	-28.1121	-22.6707	-35.5403	-29.0216	15.361
-37.1364	-42.6786	0.279244	32.4213	-17.0003	14.281
-49.8535	-37.698	24.2637	-24.5201	-36.5902	7.24758
-33.758	33.8069	25.1488	-47.6135	-33.1843	17.1818
-14.7725	44.4578	-25.3105	-43.7132	-43.5331	-3.91577
-14.6016	-33.0317	-3.18461	-5.30259	-44.47	5.63499
9.34629	-10.3046	21.0776	-33.7733	-6.86514	-3.72177
34.6553	-34.6217	-8.72066	-42.4619	-17.7023	-3.83056
21.1509	-36.0012	10.8997	32.8639	-38.049	13.2795
-9.1174	2.13172	-15.6392	9.41038	10.0208	15.269
-41.9919	-16.7135	-6.37379	-27.6177	-48.1384	4.41815
-19.0268	-3.40434	-25.9728	19.3838	48.7426	17.8244
19.2495	17.4703	-12.9261	-45.0499	-37.2127	1.8898
30.2179	29.0796	-42.8739	-35.1436	18.7246	-3.4099
17.9037	12.2089	-18.746	-14.2476	-15.2608	1.80062
-41.9004	-46.234	-10.6037	-45.0163	-30.343	10.8669
-45.2391	-28.2128	-25.4509	42.1903	49.1577	17.3748
35.6777	-7.33818	5.61388	-35.5953	-3.01981	-1.21813
16.6829	22.4448	9.12656	-8.56197	4.68001	15.4583
-27.3492	30.9503	-36.5047	11.2598	-21.4164	14.1071
-45.703	15.5293	-47.6043	-26.9646	-11.3605	17.1694
45.5535	4.80209	-36.3765	47.8881	-48.4771	2.86947
5.4857	-3.42265	-28.457	30.398	-32.8242	17.4692
-26.9677	-11.7359	49.9878	-24.868	21.0471	10.2914
12.3737	21.8528	-18.9352	-23.6503	14.0584	17.7908
-46.7528	-40.2585	-24.9474	-46.1943	6.32496	11.1517
43.9055	11.3514	21.7185	42.6634	3.14188	14.9409
-36.5596	-27.6666	-18.6941	-17.6656	40.6766	-3.9221
-4.40229	48.3764	-34.7163	-44.8241	14.568	11.9342
46.4141	-20.8274	-29.0368	-49.4751	21.5903	-3.79897
5.45824	33.7458	46.0845	-43.1242	12.8468	14.9896
34.5088	-13.097	-30.6726	-22.0328	10.0269	3.35395
12.7308	39.581	9.35545	33.3888	-41.7478	7.36761
-48.291	40.3714	-2.29652	14.4887	-28.4387	-1.59974
6.7217	46.1089	-48.6816	41.699	-25.8507	-3.7657
-48.8525	-8.23237	21.0379	31.9514	-3.25175	5.03908
-21.3523	47.3846	17.9342	-34.2006	24.2515	14.8702
-49.0967	-9.53246	-13.4114	-16.3594	-3.26395	8.20761
13.1947	41.0764	42.2208	-15.2211	-31.9117	0.36883
-11.7328	-41.8363	-15.1204	-37.5484	5.73595	-4.01358
-49.6185	35.4854	45.4711	2.40944	-27.401	16.4099
-16.1428	-0.0228889	5.80615	-35.7997	-3.91095	-4.01953
25.045	-23.2261	18.4469	14.8915	-25.0084	12.2528
-45.0621	-41.2809	-6.58437	-29.5038	-12.1113	-1.60879
-36.6207	-16.8508	47.3785	47.3235	29.8944	-0.649462
4.04828	-41.2931	-14.803	18.8406	-24.987	0.792511
-4.12458	33.0653	-31.5821	32.8578	44.2045	6.27924
-2.30873	20.1071	17.8518	38.7875	-43.9177	12.7414
46.057	-45.9838	36.1171	3.06253	18.8803	-3.99295
2.266	-32.8181	-45.5016	14.4581	14.51	-1.5472
-12.3737	-40.6644	-11.6474	-33.1263	-9.40123	17.7908
23.5252	16.5029	0.148015	-2.06763	-0.993377	-2.27692
40.7956	45.5748	-4.75021	40.8536	10.1276	-1.73394
-35.9004	26.6839	-14.3117	-42.3704	-22.7073	-3.65329
14.7237	-45.4497	4.63729	17.8884	20.9525	14.2975
33.2575	32.0185	-21.7215	13.1794	33.4559	14.7073
9.55077	-15.0868	-45.3276	-12.5263	23.9128	-3.98704
-23.159	-18.9322	-19.9484	-4.08185	16.4663	7.78682
-19.393	-29.8547	27.6666	10.6403	43.3226	-4.01582
5.87634	-29.8425	-29.7449	-5.21409	-14.2384	-4.12605
-47.9064	-13.5731	-19.9423	-30.6085	-39.6176	-0.711418
-48.5961	13.4632	-9.38292	13.0604	2.33009	8.72496
-40.2127	-23.6015	15.215	15.981	-37.4203	2.16741
24.4774	38.5403	32.6106	-14.8824	42.9106	0.566231
15.1357	37.0113	-20.2872	4.70138	-13.7867	15.7909
-25.0694	-49.0509	20.5466	-3.70647	32.9829	6.78898
28.515	-17.1072	-26.4611	-39.8801	15.1875	-3.89984
-15.5782	-13.1489	-41.1191	25.6859	-35.9615	11.0579
20.336	24.4438	-18.0654	-16.448	-44.2045	1.51574
-40.3104	-19.5822	-11.858	3.84381	44.3571	10.2697
-2.79092	-46.2798	-25.7225	-13.5914	46.3469	17.8216
-25.631	26.3298	33.7825	-42.8739	-7.10929	-3.94984
-10.564	-25.4265	-13.9973	27.6971	-4.86312	-3.15676
3.87127	28.6309	-0.920133	10.7288	-14.7298	7.59751
47.7844	8.03705	15.2944	-14.7298	-17.3299	2.85624
-29.2444	8.75423	8.64437	-44.6287	-38.11	-1.70724
-5.44298	12.8895	39.9197	-30.2606	26.5923	-3.52814
29.928	9.72472	16.4846	-38.9798	-26.8456	-2.24611
28.9666	46.5758	3.61187	-42.056	3.50505	-3.68545
36.4071	-6.81936	13.7928	-42.9655	28.4295	-1.76336
11.8213	16.1397	48.0377	42.758	-37.4935	15.7327
16.0848	-6.82852	-30.5139	4.68612	-3.93231	-3.635
12.7644	-5.22324	-11.4673	29.635	-36.0439	16.6841
-36.1599	-21.5506	-26.5557	-22.7958	33.9991	17.5432
6.43178	-30.3674	-38.2962	20.8731	45.9777	12.6532
-13.3625	-4.60067	-9.1174	47.0885	-23.3695	-4.05201
-34.8323	3.15409	23.0674	-22.3167	-27.1416	16.7553
-46.0417	29.6777	38.7875	-27.2607	26.8334	11.7557
27.3034	-4.18256	-43.9634	1.46641	-33.2453	14.2916
-23.3482	48.1628	24.5231	-10.6525	-36.5261	17.5246
34.2586	-4.50911	-18.1784	-9.56297	-21.2912	-0.879796
-29.3054	-23.1956	4.81429	-45.8098	38.6135	11.2336
39.4009	-30.2515	45.9288	-30.4285	30.5261	-2.49807
36.7306	46.7925	-6.95975	-12.3676	-34.1029	9.17108
8.80306	5.51622	13.4449	22.3685	-33.2453	17.8041
-37.7407	13.329	26.6259	-0.517289	-44.0886	17.8529
-28.0908	-12.8529	44.4823	35.165	9.57823	-1.59477
-6.60573	31.4722	-33.4254	9.50499	-2.73598	2.27599
-49.4903	-7.2985	-44.2076	-38.8546	20.336	-4.09067
-10.3778	-26.6228	0.718711	-27.514	-22.985	15.5244
10.3168	0.56917	16.9149	-16.1184	-46.9207	-3.66516
30.8222	4.61592	23.0827	15.4866	42.8556	0.171771
-46.9939	-22.2373	-8.11945	-27.7795	49.6002	10.7134
-47.1526	15.212	26.9738	-0.401318	-5.33006	6.33329
10.6006	-10.5976	33.1141	31.8903	-14.9464	5.14091
9.4409	37.5332	40.8689	43.939	17.7236	5.14501
30.7398	-11.4734	-25.1885	36.5749	40.7468	13.9959
-44.1038	-10.6983	16.9088	7.42973	-4.52437	16.2722
-36.4162	-20.7327	-28.0541	25.4509	-31.8659	3.69643
-12.92	-30.5414	14.0034	27.3644	30.2576	2.65487
-9.16623	-43.2432	-0.251778	47.2747	28.8781	10.3297
0.5356	19.1092	-36.1324	-25.2068	16.4968	11.7528
-12.3646	-23.5588	-19.5456	-24.163	-38.6868	11.3288
-41.6868	-47.9003	31.164	18.3218	16.979	17.1724
-8.85495	-43.3805	-48.8983	-19.57	47.6318	17.186
49.9756	-27.3309	40.7376	2.04016	49.6979	2.09799
-22.2037	32.9585	41.0459	-29.7479	49.7253	14.7063
-22.4631	42.8098	8.62606	-47.0061	-35.696	9.27218
37.5149	25.3227	3.03507	6.19373	-41.3327	11.3666
-47.1587	-46.8535	40.8139	-49.0905	34.8933	-2.20405
-10.5182	8.00958	49.8291	49.3103	-25.3502	17.8554
-18.4866	-0.48677	17.9586	30.6055	-17.1804	15.9144
23.4336	-43.3592	1.39622	-44.586	14.214	0.011714
-31.8201	-13.567	27.4895	-41.9645	31.7713	-3.8254
-15.1173	41.2412	-40.7926	-8.22016	41.821	-3.28234
-23.0766	-19.454	-0.938444	36.7672	49.7192	6.44415
-34.7804	7.93329	5.24766	7.60674	-44.3358	15.8693
-18.0349	33.9564	8.33003	-24.8161	11.6565	17.345
20.1895	3.59355	-12.1357	-2.83364	36.1782	3.73856
8.58943	2.45827	-0.798059	-11.095	-14.9648	9.65852
35.8211	11.2049	16.0695	15.7949	1.5305	10.3327
-44.0641	8.79696	-0.795007	39.3735	-40.3714	6.86156
1.74413	41.3083	-48.7884	6.75527	21.2119	15.5549
-26.0063	-41.0184	28.6401	31.8751	-22.692	0.483387
-49.6521	28.9453	-27.2088	33.9351	27.6879	-2.41225
-0.779748	23.2749	-5.93432	26.0216	27.5964	-3.68289
-10.7105	-21.276	15.5324	-46.2157	-49.0326	9.43532
-0.291452	-45.7549	-26.5191	-38.1008	24.2363	17.6943
6.5569	45.3154	40.7804	-37.524	-6.81631	-1.16243
3.45317	46.0875	6.02588	-11.7817	29.0033	-1.23588
-25.6066	-4.49995	28.8415	-16.6768	-27.0867	9.40242
45.3581	-46.6338	-43.6155	6.95364	4.06049	13.5806
33.2636	33.2759	-27.1325	-22.28	14.684	-3.17784
32.0032	-2.86721	-4.64949	35.2535	15.7277	6.57794
12.1937	43.8353	31.637	32.5129	49.7009	8.37892
-49.2492	3.56609	-14.2567	41.7173	43.1791	16.7269
49.942	-11.6504	-29.3847	-39.4101	42.6176	-3.29757
3.9201	-41.8271	49.9969	-46.4934	27.868	2.26486
34.6034	21.4072	0.669881	11.7664	-21.9596	2.77252
-8.19269	28.8995	-16.036	-34.7804	-4.28327	7.51979
-9.43175	-30.3888	23.8609	-9.55077	42.2727	-3.79744
-36.7672	27.4529	34.286	22.9087	-43.0235	-4.08482
23.0674	-34.4447	28.8415	-22.3899	32.7723	16.4972
-39.1171	-48.2421	35.4854	19.3228	0.602741	-4.08052
-5.16526	38.4945	-43.2707	19.5669	32.8639	-2.93453
-25.7683	-3.6607	-28.5943	31.9391	13.4083	0.328435
-30.9687	-15.5812	-5.65966	37.698	14.2079	0.912172
37.1517	44.2503	45.1292	-23.8853	31.8476	10.8254
19.8874	36.1202	-41.7753	-6.11438	-12.2639	15.6124
33.3277	-23.7815	-24.6879	44.4792	38.3908	3.46964
0.230415	-9.43175	22.1946	-21.2821	26.9799	17.827
-37.3714	-37.4233	47.4517	-27.5872	7.55791	17.7848
-24.3248	-10.3107	25.4875	35.7112	48.8403	3.9005
38.1741	-46.3286	-2.36671	21.4805	-48.5473	-1.8697
0.886563	-47.1648	-8.6993	-42.2361	-31.5882	10.3898
-10.4785	-32.4274	-42.3276	19.4418	-26.574	16.2773
37.1059	-11.3605	-2.1073	-46.0997	-41.4457	17.5076
4.61898	2.1073	5.30259	-49.3225	-26.1711	-1.84109
4.04523	31.9208	-9.87732	47.8027	-45.3734	12.1307
14.449	-15.5416	4.85397	-34.1884	26.22	14.4526
36.0012	21.1051	10.094	-2.72073	-37.9177	9.76027
-27.868	27.9656	-45.5626	-12.5874	18.45	1.94462
-15.9597	15.4134	-25.9026	-22.1397	-37.5698	1.12497
-34.7713	5.02487	37.9025	42.0072	-7.06961	14.6465
-13.8447	11.4002	42.1384	16.7898	-16.5944	-2.31028
-11.6535	-20.3818	-23.867	-40.2799	-12.8224	16.8069
27.3156	17.8579	27.9748	-41.3999	15.1875	-3.32914
-44.174	-14.7176	45.0743	-35.6502	31.2403	17.8553
44.4517	49.0753	-5.24766	-47.9247	28.0419	-3.81532
13.3045	-2.90078	39.819	40.8231	-34.106	16.888
9.68505	-38.5342	-13.8783	33.8252	-9.28526	0.115854
-24.9229	41.7814	-22.4357	26.7632	-33.1202	9.48581
-38.7265	-49.7925	-32.0124	8.1164	15.6819	-1.65853
34.0846	30.7398	9.75219	42.0774	-41.9523	12.5698
-41.8424	3.15104	14.0034	48.6023	-20.571	6.73886
24.8466	-0.355541	17.8426	-41.7417	33.5475	2.76759
23.2963	41.5555	-28.7164	37.5057	-4.18256	-3.7227
30.3797	6.93533	-39.6725	29.6258	47.3174	13.4554
25.4723	23.4336	3.88348	-25.3685	-29.2352	13.7234
-26.809	-4.46333	-16.686	-25.5486	30.9565	5.30171
41.7661	8.16218	43.1089	-5.97095	49.5178	17.6724
-18.3035	-30.9442	-34.225	17.7358	29.9829	17.8505
-44.583	42.9289	-12.0808	-16.5426	-3.93536	2.24339
38.2534	-11.3941	5.974	1.07273	-33.2972	-1.70751
-10.5548	-4.91806	8.2934	-26.8395	30.4468	17.4636
-43.234	-28.2952	29.9097	42.0804	7.68914	17.6022
-32.8516	-18.041	21.7795	8.12555	6.03809	12.5429
-31.6523	-17.449	-21.337	-2.26295	-2.45216	16.9901
39.2758	3.84381	-48.8098	5.09201	48.294	13.2228
-24.1905	-43.585	-28.4539	-34.0236	-18.8589	17.0529
36.5352	28.9941	41.8729	-16.0207	10.8936	17.4274
34.0571	11.9861	8.54671	-40.0052	35.7112	15.8636
7.96381	-25.7775	32.7845	15.9139	47.6653	10.7333
-13.7165	-13.0879	31.2128	22.808	35.4244	-3.28005
2.70547	33.4712	49.35	9.18149	-38.6746	9.39529
-2.20191	-3.86212	-31.5638	27.8527	35.8547	4.50434
-42.4558	-7.96075	29.8456	22.6127	-14.3422	3.88937
42.7396	-27.9351	14.7359	47.644	-42.465	12.4067
-22.0542	-11.333	23.983	15.5599	-1.57323	1.4566
-23.4092	13.1001	-13.3869	-21.1783	28.3502	14.7302
-41.9034	13.5212	24.3156	-22.5303	-38.8424	2.70631
31.3715	-45.3032	39.4314	1.30467	-23.2047	-4.00803
-10.9943	20.2567	21.0532	-9.55382	-49.3408	11.166
-36.3979	-2.31483	-34.2799	33.7367	14.4459	-4.10003
-35.3084	46.9237	20.9891	27.4804	-0.956755	-4.05969
29.9615	-5.71764	-1.60375	39.8892	-31.2983	2.16889
27.9901	46.1119	-45.6389	40.1364	6.05029	17.5993
24.105	16.0451	-28.5913	-46.6979	-11.0004	16.7491
11.7664	-18.0349	21.6453	4.46944	42.3582	-4.02647
43.7773	21.7582	8.62911	32.9585	12.9139	-2.33189
40.9421	23.0522	18.5293	35.5251	37.6858	7.32221
31.4661	20.1804	-18.6789	-46.3256	6.34938	14.3169
-22.042	7.77764	33.7458	11.4734	-44.3266	13.1357
8.05841	-5.48265	-41.4457	-16.5395	45.9319	13.1631
32.2626	46.1394	-46.3805	30.6513	10.6525	14.8057
-41.1771	35.4549	35.0551	19.042	-45.0194	13.8903
24.6055	9.92615	41.8516	21.0471	-7.33207	13.0634
-2.22633	29.7205	20.571	-47.4425	-0.837733	3.31848
13.0543	16.1	5.35752	-5.32395	48.5656	14.5558
-7.96075	-15.7765	-24.2851	39.4467	-43.3775	-3.99484
-39.0133	-12.8224	19.8202	-48.8983	31.0968	12.9552
35.1772	44.0458	44.29	42.4528	-37.0602	11.1805
-28.46	40.5759	-16.1153	47.9919	-12.2394	-3.01062
-20.4489	-1.23753	23.7388	-48.1017	-44.6318	-3.13559
39.465	-21.3858	11.9922	33.9259	28.2678	-1.78361
35.873	-21.9718	-3.95978	40.3287	-32.8455	0.831367
-6.30665	-15.2516	-25.6615	43.0326	-2.64443	-0.208743
-15.2181	26.5343	-26.4977	12.9566	12.45	-2.77466
33.5963	41.7173	-38.5952	43.9482	0.17243	9.1702
-16.0298	33.0927	-39.6939	-23.4214	19.1061	0.586565
12.1601	37.0571	2.30567	-19.5456	-6.80715	17.4385
-43.2798	-19.0146	-46.5453	-19.1366	-27.6757	1.03721
2.42775	-27.9504	13.2405	-0.0228889	-22.6554	-3.86919
-23.0094	-0.639363	-31.3196	0.413526	-10.7959	1.94681
11.6535	5.51317	7.24357	1.29246	23.9189	16.8069
-15.7369	40.9757	40.3562	35.3847	15.6819	-4.1223
-5.98621	5.18967	-28.4387	7.45109	40.6217	12.6905
31.0724	2.48268	-27.987	25.9392	-14.8457	17.7346
-31.0968	10.3748	27.0928	45.6999	-42.8068	-3.8258
49.9969	-48.0377	-31.8171	13.4571	-35.0673	17.182
-8.67183	-8.51314	37.524	-43.6796	-10.1093	-1.92568
-12.804	47.4792	21.3187	-48.0773	5.24766	-3.75633
-44.6959	-11.333	47.0885	18.9291	44.293	16.8047
49.002	32.0704	22.4784	-11.1927	-42.0469	-4.12608
-46.3195	-15.6941	7.11539	40.289	49.0143	-2.32303
9.01975	-12.212	-26.8944	8.27815	11.3575	-1.44901
-19.6066	-23.6991	16.0085	-44.821	-8.92514	17.1197
-11.6657	36.1507	-39.4101	-26.3848	-44.4792	10.2318
-43.2279	32.3847	-43.3439	12.8864	-40.0571	-2.56551
12.8834	-2.34535	-15.2211	32.4396	12.3188	0.0676226
4.24665	-16.686	-17.1102	19.8843	13.5945	14.6592
32.7937	-18.9932	48.5656	-29.6258	-1.75634	-4.07176
-15.5049	16.8935	-5.95874	46.1669	-30.7062	15.0932
20.7358	-24.0501	15.6423	28.7591	-1.74718	-0.89666
-3.01675	27.9168	-42.6023	41.1313	6.34938	-2.33927
12.5782	-15.1448	-44.7569	-47.9125	-21.5201	15.2703
-24.3614	23.8609	3.99945	7.49382	-39.6359	-1.02025
-23.5191	-40.4538	-0.758385	14.0187	16.5059	16.9833
-26.5648	44.9614	46.9512	10.7868	1.39927	-4.01139
-41.467	24.1691	-5.76342	-1.09104	42.9533	11.6761
-21.4194	-7.40837	-34.64	20.1651	33.813	15.0194
16.4663	-25.5669	2.61391	2.21717	29.8303	-2.0745
-18.8498	34.4295	-26.2932	45.996	46.3897	12.1085
-19.4845	-38.9706	-45.6816	-30.6757	-8.38496	17.3298
17.1133	30.6421	-31.4203	23.4367	-9.90173	16.3938
34.6675	2.5895	38.0459	31.7255	47.3846	16.1096
-30.1599	-34.3989	24.6055	-48.3642	-20.3482	14.4067
-45.4405	44.1404	9.00449	34.0754	-11.5192	-2.98174
20.5496	36.0683	11.5284	-2.4369	16.8081	-3.97514
33.2392	-7.13675	43.0357	-12.0563	-30.7611	7.10618
20.3848	2.5132	37.4844	-25.6096	30.5414	9.71783
34.4783	36.5291	45.7854	-49.1455	49.9542	0.412959
21.1844	17.5069	1.75634	-30.4437	33.9503	8.55571
-0.9476	-6.11744	-5.9801	24.633	34.9818	17.7754
-38.4365	-33.694	-23.5008	-10.9699	23.0308	11.0857
-46.5392	-26.7815	5.72985	8.00348	26.3207	-3.04958
-27.7184	-47.2839	43.3256	-34.8354	0.450148	-3.39489
-3.19071	37.17	-30.4834	36.9411	17.0125	-1.07169
-47.4273	0.141911	-0.0991852	7.56096	10.7959	11.8482
31.399	1.854	-25.8873	15.2089	42.0774	14.5994
-10.3229	-23.7449	36.3277	22.8263	34.8354	9.63309
19.4052	48.59	28.3227	-10.6433	49.2431	-1.22323
-40.4935	-47.7264	-26.6594	-48.1597	21.8558	-1.66143
-46.5819	9.45006	12.5629	-30.5506	10.6098	2.25489
-29.8303	36.8557	-32.7631	35.1253	-46.6552	-3.11051
-13.8783	16.2191	18.3432	-48.3245	31.7316	13.8607
3.90484	42.9014	31.7774	-19.686	40.9055	-4.09657
35.4122	-11.5497	-26.5007	-25.7347	-11.0431	0.211982
-10.2405	15.1601	18.1997	33.4223	-21.4499	4.81638
29.3359	-7.18253	-18.2424	46.057	1.95166	7.3088
11.4917	30.4346	43.1822	9.4409	7.47246	4.14134
42.0286	45.1201	-12.5996	40.4172	-11.7725	-2.18583
34.9116	42.4375	-26.6228	-18.7216	21.5598	12.2642
-39.7366	-39.0378	-27.9473	-41.6288	13.2588	17.6568
39.2453	42.822	-22.9179	20.5039	-41.9706	7.79706
-27.0928	3.46232	-36.4589	46.1821	5.28428	-1.7571
-30.047	10.8997	-49.4812	-7.70135	-8.9526	15.0412
-45.4863	39.0255	48.6206	16.9424	11.2201	17.135
8.90072	-10.4877	31.1701	-7.61284	-9.8468	-1.97763
-17.3696	7.78069	-5.15305	-14.6992	-8.62911	12.9488
-6.26087	16.2435	35.8333	37.9849	32.1192	-1.98292
47.9125	-43.9268	-35.4915	-8.24763	48.4313	5.78844
25.0359	19.7195	18.9688	-49.0478	-23.1071	17.828
-49.8688	-23.0155	7.4572	-19.2373	23.2749	4.47661
-11.3361	23.0369	-49.6948	-38.7173	48.1933	4.05198
-16.6372	-26.1132	12.9902	17.3238	28.4173	17.6661
5.83361	42.6115	-28.1732	-24.3583	9.47142	-3.34601
-36.8648	13.7745	45.6572	-7.46635	-7.37175	-3.82067
15.2272	-6.40126	25.5943	-38.58	9.03806	6.46109
-0.715659	-15.9047	48.4924	-7.67998	19.2648	-2.82775
4.68612	-24.9931	-41.7386	-46.0723	-3.59966	-2.51197
33.2545	21.8467	32.7784	-2.64443	-20.9738	-3.96309
-44.8149	-29.0399	17.6077	-34.3654	-1.96997	16.871
0.267037	-41.287	47.6073	-40.9177	27.6238	17.7659
-49.2676	32.2871	-26.1956	24.2637	-2.80007	3.34601
7.36564	34.228	-1.30772	-31.2677	22.5578	11.7144
-43.4843	-43.4324	35.9188	-46.5514	1.82958	16.0841
0.602741	-17.9342	25.7622	16.1153	-26.3451	6.73381
-13.5365	28.0328	4.50301	-1.91198	18.7887	13.5748
-9.05942	5.86413	14.5619	35.2474	-38.6624	-2.83927
-16.7867	-26.6686	17.1224	49.1333	-4.45418	9.77074
-18.7307	42.3185	-24.8436	-33.2667	-42.4009	7.5746
30.5353	-1.86621	17.156	1.61596	-47.2961	-2.92565
48.8617	-26.4092	25.3868	45.3215	49.7681	12.3831
23.1193	-45.3429	20.2414	47.9186	26.5282	-3.18238
-48.9624	10.6738	39.6451	-43.0204	-41.4182	16.0689
43.881	14.9007	-20.5527	27.926	-18.7246	-4.12847
-0.556963	36.6207	21.0898	16.5395	23.0216	10.3473
-43.1272	-49.9451	-27.6421	-8.34834	49.9451	-3.3158
-47.7172	-13.5823	-7.8753	5.90075	-43.7712	9.42518
27.2973	6.85598	-36.9106	40.0662	30.8374	-3.02918
-32.7784	-39.3582	36.6695	-2.31788	23.4916	15.5044
41.1496	-11.977	42.5504	-40.5087	19.1977	10.2468
2.16834	35.8943	30.1172	-18.6666	15.8162	5.57031
28.5791	49.8108	33.0897	15.7338	0.184637	7.72986
10.1672	-41.287	22.0756	21.5567	-45.2513	-1.78258
9.22422	-13.2832	-27.7398	-10.7562	-15.5995	14.7039
9.78881	3.53252	-44.8881	24.3492	27.4651	2.47493
-12.6453	44.8485	-23.7388	-25.808	42.3124	7.12639
-13.0665	-48.0041	-27.5475	-23.2017	-21.3248	17.0655
42.111	-46.8352	40.2799	-4.99741	1.94555	12.9489
-40.0723	23.1223	-48.6389	-24.5781	40.1151	-1.739
-4.25886	48.8708	-27.8344	-23.9494	27.6025	15.2088
-20.2353	-36.465	-40.6461	-23.2719	21.3828	5.82735
13.2801	-38.464	-9.63927	-3.29142	8.34223	17.51
4.03607	7.35038	29.6747	5.51012	-19.2068	0.665114
2.94961	-26.7266	-40.4965	36.4925	-33.3949	-3.94342
38.699	48.1384	-46.4385	-46.6033	3.54167	-4.11198
-39.8434	-48.8525	-0.282296	27.2454	-38.5556	11.9102
49.0631	43.8292	-48.1201	5.10727	-0.0717185	16.5915
41.9584	16.4418	1.18564	42.6237	20.5008	15.6709
-37.3104	11.5345	-19.8874	-45.0194	-39.2239	11.1748
-14.4795	34.8354	16.4144	32.6807	2.19275	12.1611
-15.2455	-24.3522	1.62816	34.4813	33.1874	-2.71467
6.37379	45.6389	1.12766	15.5599	-22.6432	17.4483
-16.744	21.9169	-3.79803	-25.4234	-30.3217	6.91772
41.8607	-41.7173	43.8688	31.3318	39.9533	17.6715
40.0815	-5.31785	17.037	-11.8915	20.6107	12.956
-44.3693	-6.05029	-24.0593	7.84173	22.393	-4.06402
-33.7001	-33.0256	32.5556	-11.3758	45.1476	1.29797
1.91809	0.972015	0.529496	47.2045	14.6596	14.8814
9.34935	25.6615	-49.0875	-23.455	-26.4519	-1.00959
-23.3818	-12.1265	34.6553	-23.1681	-19.7592	8.5629
-2.28431	-40.4202	-11.1072	32.9615	24.6147	4.53008
-31.5394	-40.6583	32.87	-16.4968	38.8089	10.0952
38.7082	29.2138	-25.8477	-21.221	30.108	13.517
-20.1285	-28.7744	-30.4834	24.7185	-42.5321	16.6097
-31.5821	45.2147	24.1386	-5.25071	4.85397	4.2626
26.4397	2.80923	9.83154	-48.2025	-27.5201	16.0931
13.6036	1.98218	-12.1113	-31.8018	-10.3259	11.9382
-41.5036	40.9207	11.1133	45.7518	-36.6298	-1.99747
24.3919	14.2842	31.9483	48.3276	46.8932	8.58015
-9.34324	43.2646	-23.1407	22.4723	34.4752	-3.84166
37.8475	1.92724	-39.9106	-34.6278	-32.8242	2.62388
-12.1326	-39.6695	-49.1852	-28.6889	37.2372	17.1963
-2.58034	-27.5475	42.2605	13.1153	14.7664	8.19419
-47.9339	8.65963	-2.41249	12.0685	2.70852	15.648
44.8943	-23.0522	-47.821	20.6503	-42.3002	12.2971
-5.69628	-34.2128	-16.216	-46.5148	-39.8251	2.36222
-17.8915	-27.9015	39.404	-38.2443	-36.3491	11.8589
-24.1539	-38.6532	-38.6105	-26.7693	7.02689	16.8143
32.0124	24.9657	-48.6816	-20.1895	-47.9247	-0.446726
-29.2047	31.8812	-24.4377	-22.2922	-20.3482	-0.36131
-25.1946	-41.9797	37.466	-43.4629	43.0692	-3.01687
-45.6816	-48.2604	-15.154	2.74514	-32.5373	16.1494
-42.1232	-36.462	-26.0063	35.8425	-5.93738	-2.24425
-32.0582	11.156	5.47044	45.1476	24.8131	11.0456
40.0632	30.5445	3.48674	42.2819	30.7123	0.552121
-32.0826	47.9675	-14.6992	33.404	-18.8101	-4.12719
-5.69323	37.2372	-43.5057	19.9423	19.7745	0.909503
38.2015	13.8783	-10.1672	15.453	40.7865	1.47389
20.2811	-20.8792	-30.8496	-26.2108	-37.3989	14.939
-42.7396	32.1253	-45.4131	25.2831	11.1957	12.4067
-27.3003	40.759	-2.04016	34.9666	-30.0623	4.85728
-38.4274	43.4324	38.2687	-49.5422	20.0369	14.3691
-45.88	-10.4205	21.5629	6.00452	-24.865	1.64368
-40.5057	3.76141	11.1164	22.0542	-20.1559	5.40935
15.8559	-13.9393	-28.4478	-15.6911	15.6514	17.8007
30.8924	-46.9665	46.0601	49.5117	-41.0733	-0.463356
19.3411	-21.8894	13.7623	24.9718	24.6818	0.61829
12.0167	-18.7979	-41.644	-12.0563	20.4672	2.65661
-4.28632	-8.47346	-30.5475	-0.514237	-11.7878	-1.25098
24.7551	39.346	-24.1783	16.9912	17.5985	4.25603
-34.3348	-44.8546	-14.4124	47.7599	0.328074	11.6138
-23.2963	41.3541	27.9351	-8.97702	-9.95666	-3.7227
7.76849	21.3187	-2.74209	19.4205	-46.2951	-3.9414
46.3286	38.6135	31.5455	-47.2747	11.2659	8.21354
-46.6674	-27.7429	35.5098	-30.5719	-4.56709	-2.89029
-12.212	-11.3819	35.403	48.3612	-3.80108	-0.0979219
2.65053	-46.9237	-16.5853	24.6483	22.924	-2.98774
-43.9299	41.0123	-21.8894	5.84582	11.1377	-3.36395
-37.0846	-44.8363	34.0693	-14.7633	-46.411	-4.04063
-23.5405	-6.46535	26.8242	-1.24058	41.525	7.9317
-34.4081	2.06458	19.3167	-20.4917	37.2585	15.3302
-23.4825	-11.2659	9.49583	-17.2353	-17.0064	15.157
-7.94549	-23.986	19.5517	-33.8832	-45.3825	10.7193
-24.6208	-8.25373	44.3266	18.6239	38.4518	7.33776
-15.6453	-20.159	-4.30769	-14.5131	21.2119	2.03227
-2.70852	-26.4794	18.688	49.8718	41.5799	14.0959
4.75631	-31.9483	-33.4986	15.6392	-43.7803	11.1579
-43.7986	-16.0146	-11.2995	46.6399	-2.26905	10.7932
-3.73699	15.6972	-49.0783	-1.20396	42.1384	17.2964
-41.6013	-0.776696	-27.4895	21.5781	48.9746	-4.08135
48.8159	35.7814	-32.281	-13.4877	-43.0448	7.98697
3.19987	27.6238	7.21915	32.8547	43.6827	3.5413
-45.0316	18.8437	-3.13883	15.3584	-32.2108	-1.70406
40.0052	25.0175	44.4578	-25.6462	35.0063	12.4541
7.06656	-36.2484	20.3452	-15.1936	-3.92315	17.2653
-23.8151	-39.5352	-15.2638	-22.2007	-40.6766	0.3944
7.55791	9.59044	37.8628	-23.7297	-37.5881	8.8752
36.7367	-45.0713	8.62606	-22.6585	-32.1345	9.26545
-1.98218	-22.8446	-43.2981	39.9869	-44.0397	17.5515
-34.2189	47.4059	-33.7062	-22.7103	14.5131	11.5751
22.6432	-2.41859	48.5565	-3.05643	11.8763	17.3175
44.7447	-10.7349	47.9553	-19.7714	-46.939	11.4772
-8.4521	-42.7702	10.4541	-31.1274	-17.3391	9.49136
-5.76952	-9.47447	-10.7654	38.4762	-19.7958	17.8592
-39.9503	35.226	26.0735	-27.0592	18.5751	7.46888
39.5077	3.56304	-20.1956	48.9288	-11.2232	-2.99528
-44.7539	-35.2687	-41.2381	11.7115	-9.73083	-3.95328
-35.1985	-6.66372	-46.9543	-17.1468	-18.0044	14.611
22.7409	24.4346	-17.7145	-34.2341	-43.3439	-3.67934
-27.3492	-29.2627	-47.9186	-10.2161	-44.1557	14.1071
-2.94046	-25.4967	31.045	-31.6095	-35.3053	6.50847
12.9963	19.7073	5.02487	1.79907	-3.98114	16.257
-18.4378	4.83871	-8.26899	21.6025	28.2434	-3.55907
-34.2067	-7.99738	12.9658	-47.1618	-29.6106	-4.12198
19.8386	-25.6676	24.9351	13.039	32.4641	-1.67594
-37.4081	38.1832	-30.1294	-19.7562	40.3775	4.67166
13.5273	1.53356	-39.2087	26.2169	11.2415	-0.0504738
29.6075	-47.8088	7.40226	-45.1445	-22.7103	11.9246
-46.5697	31.1548	20.1407	14.9892	10.2008	15.8702
39.7427	-7.75628	1.36265	-45.8342	-34.8201	3.03589
44.1221	-39.4375	33.8343	49.1119	39.3826	16.4878
-13.8173	-34.8537	3.4959	12.6728	12.6118	-3.6883
-20.0522	-22.2068	30.7276	44.3968	0.398267	8.31082
48.1597	-12.8071	-15.7796	17.4947	-5.63219	11.6839
34.3959	-49.826	1.84179	-19.9484	5.11338	17.8136
22.866	24.7459	1.88757	27.5445	13.0665	13.0349
17.803	23.336	-13.4632	-9.51109	49.0844	13.8446
-41.4029	34.2647	-35.696	44.0367	22.3869	17.8244
3.39518	-43.9329	29.2596	11.1347	25.9789	17.6078
-44.3632	27.2301	31.2738	11.0736	0.715659	17.4684
-19.8416	40.228	-15.6758	-29.3268	31.0389	-3.80862
15.6941	42.5596	35.2351	40.0754	18.9047	16.9193
26.5526	48.6877	-35.4244	-32.5739	-34.9208	7.00075
30.2087	-19.5456	-16.8081	-6.60268	20.9616	3.92606
-26.5526	31.3013	-0.758385	-41.4304	-21.8101	7.00075
15.3249	-0.498978	-40.3928	-6.73391	44.6318	-2.6097
0.679037	-49.2981	-49.6368	39.4375	46.2737	-0.156488
38.9126	-34.344	-10.8264	4.18561	-38.0184	17.2695
-48.4771	29.7815	-2.70241	9.12656	16.7745	12.7482
-44.409	30.3552	-47.1099	33.4468	31.4142	-1.08479
16.2221	-17.1621	-1.66478	20.4031	-45.2727	6.64202
-18.4317	-32.6014	-6.58437	-32.8639	33.7733	4.27097
-8.89157	35.4183	39.4345	8.90683	28.9178	15.6634
14.5802	-22.512	8.13166	-29.049	29.7174	-3.14961
27.3186	16.1245	45.0591	1.63121	-36.5566	-2.85916
48.413	37.3196	24.0837	-1.40233	34.8323	-1.72041
4.17035	39.9075	17.7999	29.7449	4.26496	-3.78082
-42.0286	-10.0055	-10.3656	28.1579	-23.4153	-2.18583
-39.639	8.72066	-46.0143	28.9544	-23.6198	17.8149
-46.8108	7.24967	16.3686	-49.1516	-15.2913	5.91294
-47.1862	44.6684	14.9098	13.7898	-2.73598	-2.56444
29.696	-35.7326	-26.3024	29.7418	-12.7216	10.0632
-48.3306	-44.5524	-20.629	-26.5557	28.8171	17.525
-5.38499	17.4337	-9.57213	-9.19065	-49.53	2.54208
-17.6351	24.1356	26.2658	-31.8354	-44.2534	16.9777
28.6859	26.1986	-35.4732	-32.5861	23.629	17.1933
-45.1476	28.1396	-42.2544	19.5059	35.5464	-4.01768
-25.75	-24.6483	37.3379	-45.3215	45.2635	3.85779
38.2138	37.6858	37.0571	-2.71157	36.4223	11.1373
24.9199	-4.41145	-36.4895	4.66475	42.3002	7.21273
8.56807	34.9025	42.5443	23.4916	27.5689	9.05575
48.9502	10.8753	16.1733	-30.8191	27.0348	16.0847
-17.9037	43.3256	-6.37074	-48.9563	-27.1142	1.80062
17.8274	23.4275	19.8904	37.1639	-23.9555	-1.66396
5.21104	-23.4916	47.5219	45.9319	-32.1314	12.0805
46.0173	43.3103	15.3554	-19.9454	-24.3858	6.58323
-26.5984	16.2526	-39.7244	16.8783	11.8458	-0.170372
-9.79492	42.6176	41.0398	-25.5303	-48.8861	1.23129
-48.7457	27.9351	14.5955	10.5335	-13.0726	-0.0362319
19.1733	25.9911	-18.6453	-21.6208	-23.7785	-3.89855
31.1548	25.4357	2.0188	33.9656	-16.9179	-1.5882
-39.23	22.8416	-9.57213	-41.348	-6.10828	1.19855
-40.2219	23.2383	-28.283	-6.93228	28.5882	-3.36245
-26.5282	-15.9536	-32.0429	-34.6248	-12.4744	-1.35399
42.2575	-28.6767	-16.0329	-42.4162	18.8467	5.01311
-11.5314	-29.8761	-48.6053	-14.5558	29.9432	-3.33364
-34.1395	-28.1182	-3.58745	-6.75222	46.8841	12.0089
37.286	10.9333	9.08689	46.3347	22.4418	17.023
31.7011	37.8079	27.9504	-48.1903	-11.6901	16.6883
31.6645	-38.2382	-15.1112	43.5453	28.5455	12.0683
5.44908	-15.3768	-49.411	-7.25272	44.4884	11.6892
9.47142	39.407	-31.5424	-5.77868	19.7134	3.17911
-39.7488	-38.4457	16.9515	38.6349	-37.3501	-2.33668
15.3432	-42.7854	-40.7559	37.7468	-4.11847	4.92202
48.3337	37.1029	2.31483	-47.5127	-6.62099	0.414775
-40.1028	-47.5036	-30.929	-26.3085	34.4539	3.16801
-34.64	-28.106	-11.9526	-18.3248	-23.5496	8.43472
9.45006	-24.3828	-19.8019	11.449	-30.0348	15.9748
25.8415	49.2431	0.0534074	-47.705	28.3532	17.8094
11.3697	-49.7925	-44.2869	-33.9564	25.753	8.40475
10.802	4.28938	4.44807	32.577	0.990326	0.161079
-28.5363	-19.4967	-0.819422	34.228	20.452	-4.00313
43.8963	8.6108	15.1479	26.0643	-45.9807	17.6487
-18.8559	37.4355	-6.37684	-14.2232	-30.5048	2.3106
-39.2148	40.5728	47.2381	18.2333	-4.89364	-0.799376
-43.6125	-37.6095	28.0938	-29.9554	6.47145	7.80377
22.0298	15.8345	18.0227	-4.44197	-44.0886	-1.32127
10.1611	48.8495	-43.6247	29.3909	-25.5303	9.11556
44.0733	-20.9067	17.513	-3.06253	49.1821	14.4176
47.2228	-40.1639	38.6258	-8.22626	-4.4145	4.2182
49.0173	-19.7775	3.84686	-44.0214	-43.7162	17.6836
-41.9462	-23.7083	6.18458	47.0305	29.9524	16.9612
23.748	-12.1418	-10.5518	-38.3602	-12.0563	5.68211
9.07163	9.59044	-25.7256	-42.3734	-3.00455	17.5041
-4.27412	43.704	33.227	16.4083	5.31175	13.0979
-7.86309	14.3574	19.6768	-22.4082	-37.1731	-2.80505
38.3206	43.7773	5.00351	18.3584	47.6897	13.3742
20.0308	-33.5139	-46.7925	15.1204	12.1509	13.3486
-24.163	-38.7997	3.52947	48.236	48.2177	-4.0723
48.4558	-10.268	-37.6644	37.9696	32.461	-1.62243
29.6991	11.2171	-49.176	17.9342	-6.48976	16.2183
-18.0715	-16.3167	-9.96582	48.2025	-44.1496	13.1033
-4.99741	15.5995	16.5517	44.7691	-40.9574	-1.49344
-6.99026	-10.0116	-35.3236	6.9689	41.3144	17.4841
23.7236	-37.109	8.02484	-30.7703	-7.77459	9.2055
-35.9066	-6.14185	14.6748	33.1812	-49.0234	-1.42564
-20.8518	-4.61287	-41.9492	45.0621	-18.3737	-3.98235
-38.6502	-42.6298	3.31889	-5.35752	-10.4236	-1.38383
-21.1386	-3.70342	15.4195	11.9037	6.56606	17.8567
-16.7501	-17.9464	16.4113	19.0542	-49.9969	0.985413
22.4815	13.1184	-45.1384	25.1274	-31.5821	3.93373
4.55489	-36.7031	40.051	37.5393	-48.1689	6.21517
-31.3013	48.7579	36.877	-23.1529	26.3115	-3.86168
-27.3278	-9.30967	-8.73898	-2.11646	-13.6372	17.7983
45.8342	-7.15812	25.1183	9.6942	-42.1964	17.8178
19.8294	29.1009	22.045	10.5853	3.914	17.4959
13.8142	-35.7814	-26.6045	12.4958	1.92114	-3.45236
43.7101	47.4731	20.8121	-19.1671	8.83969	15.9429
6.03198	4.5793	-12.6698	7.54875	-19.4937	-3.69248
-6.23646	8.71456	-3.67595	-3.79192	-21.8986	15.4323
28.7408	14.9739	10.5213	5.03098	-3.63323	-2.06076
-7.15812	-43.2432	-39.407	45.4985	2.08594	17.5061
46.8108	-26.0002	43.8292	23.6564	35.7204	5.91294
36.4406	-1.09409	41.6105	1.26804	-25.2403	13.8376
-0.4532	31.3288	41.7508	-29.3054	20.7419	15.4716
-42.645	45.0255	-33.8252	-29.8669	46.411	16.1049
31.9941	45.4314	4.26496	-48.8128	27.5994	15.4673
34.4661	-7.37175	-29.3329	-37.5057	8.53755	5.31416
-42.2605	42.4467	-41.4762	48.2818	-30.7276	-3.8341
-27.2271	1.07578	35.0734	20.452	19.924	1.14999
-48.4954	26.2932	-35.229	-3.49895	2.72073	-3.46199
1.08493	41.2198	6.31581	31.0419	17.2567	-3.92852
-33.9412	-18.5507	47.4853	-30.0684	19.3991	1.57273
35.165	1.58238	-7.40532	4.55794	-3.77667	2.54922
40.8689	-8.87326	8.43074	40.3165	-20.8457	12.2668
-48.5168	40.9604	-15.8498	-23.2841	11.6443	17.4907
-18.1814	-42.1201	-14.4826	38.4182	12.4744	8.2456
21.4805	-37.3928	-0.227363	-38.3236	40.6796	12.0324
4.79293	-26.7052	42.6115	-11.9098	7.74407	3.19575
-18.5812	9.71862	-14.8122	2.61086	-6.00146	16.1696
13.4266	-49.3164	-26.6625	-11.0492	-19.2068	9.431
-28.985	7.74407	11.4673	0.309763	-41.5036	-3.97724
-14.4856	22.5272	38.8943	12.8285	-43.7437	-2.4347
-22.7256	-30.7642	-48.4985	10.6891	23.9158	2.01588
35.6594	24.8253	-1.8601	-36.285	36.5291	17.5491
-18.8955	-6.54164	-37.1792	-48.5809	-2.32398	15.1232
-33.5475	-43.6247	-8.8641	43.3561	-42.993	10.3094
35.7295	-1.31382	-12.0167	8.96786	-40.7895	2.61852
-20.6137	24.6513	-34.0236	-22.7836	-11.8244	7.21283
20.2383	-17.6962	12.1296	-47.7294	-40.0723	-2.7833
-48.1292	-16.213	-42.6725	1.25889	8.56807	-0.781734
21.0623	-24.8161	3.38298	0.9476	-49.8016	6.3652
-38.6807	47.1587	-5.49791	0.550859	0.206	15.2559
11.6596	4.59151	18.3004	26.5831	22.7927	16.9234
13.1245	28.8232	0.871303	39.5627	-27.7764	-1.54599
38.3328	-33.1935	-6.29139	47.8607	15.3645	17.3018
-30.5841	48.2513	6.69118	42.7976	-38.525	17.8661
-9.38902	-0.81637	-19.0023	-23.4306	25.9484	-2.00749
42.1445	32.7418	-3.12967	-13.7013	-46.2279	-4.08865
-49.527	-6.20899	21.1509	44.4334	-23.3726	-1.53535
-30.4163	-14.8732	16.1367	-42.468	-21.9382	17.6312
-11.681	-25.9911	21.6269	-47.4578	24.9657	17.7595
2.7543	-37.5088	19.1366	46.0814	11.3025	17.4696
17.4673	23.5191	-8.3636	-1.2711	-17.6778	-3.40678
49.3042	47.9492	44.6135	-47.2472	-43.8597	-1.79205
45.8831	-23.0918	33.2209	15.6667	-34.4935	-4.12051
20.5069	3.80413	-26.577	-37.1883	-20.4489	-0.746711
-14.2994	14.8976	-15.8742	-43.292	-4.03302	-3.88764
-36.2331	-16.1458	-37.5576	32.1589	-9.48668	7.91504
11.1591	17.4856	-22.5455	-40.5087	-18.7857	17.8371
1.55797	-33.05	-7.37175	-3.34941	-48.4619	0.322649
5.67186	-22.1763	34.8231	-37.8262	-21.0105	17.5204
0.227363	-33.4742	-7.59758	46.0479	24.4499	17.8303
21.7856	30.5414	-43.1974	5.93127	-31.6797	14.4793
21.3218	-16.6463	-40.5087	18.3523	8.00653	16.3787
6.11438	-36.7397	29.3542	-7.34733	45.5382	17.5781
26.0643	14.3513	-32.342	-20.0705	-3.58745	17.663
27.4499	21.746	40.0571	41.2473	40.1547	14.0203
-26.5404	21.1112	-27.5018	-25.8599	35.3481	17.2314
2.69631	49.6399	6.11744	-38.0947	17.452	-3.44868
36.3399	10.3565	-15.5232	-41.0947	39.349	6.78713
-45.4436	-13.8539	-30.7459	7.71966	14.6474	11.4515
19.8325	-2.38197	20.5222	24.1752	22.6402	15.7075
-30.575	41.1496	23.8701	29.6625	-42.41	-3.38457
-33.6512	27.0348	40.286	-3.97198	48.1323	11.8379
-33.6055	40.1791	26.2169	16.5975	38.0001	-3.89256
32.0673	17.3727	-18.0685	7.82037	-21.5781	3.26353
-49.1302	43.5972	-3.30973	9.1937	9.59349	7.954
-15.154	9.16013	-2.31788	-37.2738	-19.216	-1.98837
21.9443	-42.2605	-13.2649	-2.04627	-2.44606	8.81665
-34.6461	13.0848	13.7104	38.757	-42.2117	-4.08249
43.3226	33.401	49.4751	13.3686	22.2007	9.66251
33.5505	17.748	-34.93	9.42259	9.14182	0.880318
-13.5823	-48.9654	40.6278	-46.8871	27.102	10.2551
-44.9034	18.2669	46.231	-16.8752	40.4843	14.9734
23.0155	-14.6107	-2.96793	29.8181	-13.7226	12.4394
28.576	-11.7267	34.5149	14.4704	-15.4805	12.8449
-3.27311	-13.2588	5.68712	25.2037	-42.3307	0.421263
-22.9911	49.3652	49.35	23.806	-49.411	7.79476
49.5911	-24.984	-0.0167852	-34.1823	-37.3409	8.47501
-10.5823	6.26698	-32.5587	-10.4663	34.0846	-0.460399
34.9147	-21.8528	13.7623	-46.4995	16.9515	17.8478
-38.6441	25.5943	-14.6199	-36.0805	-41.5494	16.3136
22.8111	20.6015	0.483718	-46.4721	28.9544	7.37751
11.0645	-46.5819	-31.1731	19.5456	-46.53	1.12825
12.74	43.9299	-3.02591	27.2454	30.4743	-0.604674
1.89673	4.60372	14.6413	-27.221	-44.5708	13.4384
20.7846	-18.7582	-8.98923	-43.7986	23.3695	17.7522
44.9156	27.3247	40.4721	-34.6461	11.3575	14.6051
20.5222	-25.8934	-47.7111	4.40229	27.6879	-3.78013
-49.826	-37.933	-30.8679	27.2698	42.1628	8.24309
-2.29041	-23.9769	19.2434	-33.9991	13.8081	11.933
4.12763	-12.0289	-45.9838	7.19779	31.5363	16.5361
43.3714	-6.10828	12.5324	11.1682	6.02893	16.9024
35.8119	-6.6332	-39.9625	-48.0895	20.8945	0.664961
-30.6482	40.1303	-17.7816	34.0419	-29.7845	-0.881414
-41.0123	34.1243	34.3165	-42.8922	-31.814	15.196
-2.1073	-34.0175	1.95166	-12.27	-43.8688	8.11889
3.36467	-34.5515	34.6004	10.6861	32.5648	12.2468
-35.6868	-16.509	12.8803	23.281	-31.5851	-1.03169
37.9513	-37.289	-6.25172	18.4072	39.9167	10.9849
-7.41142	21.984	4.50911	-4.06354	1.28636	-3.57924
6.44704	-2.97403	48.0651	-46.2981	29.2199	0.621177
-30.7276	-32.3756	12.0991	24.8894	3.48674	1.36686
-0.0534074	14.3513	8.18354	20.3818	38.2107	17.87
-35.052	-36.4711	22.9545	-45.4833	-45.7121	9.45781
49.6735	-4.80514	-33.7031	-28.0786	22.4265	-4.022
46.2706	-33.7886	29.3664	28.7317	40.8658	14.0281
-6.35243	-41.8882	-24.868	6.27613	-24.0532	17.6732
-1.53356	23.7785	-43.112	17.4673	44.8119	13.3311
19.097	26.6533	-35.3572	-37.0357	-1.74413	17.676
-49.7955	25.1457	45.2208	-11.4551	-16.7623	12.7399
-30.7581	18.6941	44.7752	2.7604	-8.4521	15.9223
-27.3522	29.873	-22.1427	-38.7844	20.3696	17.8096
-8.25983	-48.41	38.76	-38.7783	39.5383	-3.4562
24.6544	-12.4165	-41.4335	-27.4926	-18.5934	15.703
-41.6349	-0.920133	-35.5525	48.9196	-25.5699	9.64831
49.1729	-42.9899	29.6594	-3.78887	-25.9209	16.1363
-35.1405	-1.58849	-7.06961	35.3175	45.9166	-3.82416
4.12152	-0.33723	32.0063	39.7519	-32.8028	-3.29652
-12.157	1.854	27.2515	12.981	27.3858	-4.09499
47.2625	14.7298	31.9697	-31.457	2.29652	17.5285
-4.45112	7.39921	21.5964	6.08386	-7.57927	-4.01549
0.874355	-37.466	-1.71972	33.4925	36.5932	8.19173
42.8373	2.24158	-34.6522	-25.1518	31.4631	-1.85322
11.507	-43.9512	15.4195	-32.7692	45.233	6.4869
-8.66268	21.4469	49.6338	-11.8	17.1224	17.7531
4.45418	46.2737	-18.9993	31.3959	-38.8485	2.55774
45.0255	-23.9341	-21.3309	2.56508	29.0582	15.1684
25.1244	-49.8993	-33.7672	2.80618	13.7379	10.8901
42.3765	-48.0102	47.0763	8.53145	-21.4835	-4.07637
-27.9565	31.3501	32.7357	43.759	-44.0855	0.228039
-38.5372	35.6929	39.5444	0.877407	-9.24863	9.1834
-28.0908	8.83663	8.55586	-27.2179	-44.6684	-1.59477
35.8455	-1.73498	-16.1519	4.4084	-26.7388	-2.73096
37.7377	-6.73086	43.6277	0.215155	-18.1631	17.8298
9.72167	-22.8874	-36.0469	-40.0418	-18.392	6.27804
-0.0900296	8.48567	2.62307	-20.278	-37.3959	17.8698
43.2402	47.998	40.2005	-45.1231	-45.1018	0.137799
18.8986	-4.01166	23.6198	15.511	10.9516	14.7486
-25.0847	-8.72066	-9.98108	-17.5039	-7.5396	14.6294
-10.0116	-3.65764	-13.1458	17.3879	-22.8538	3.35672
21.1051	37.6553	38.3847	48.0956	44.1527	3.03487
47.7325	9.74609	11.4643	-24.9931	32.3328	10.8671
4.34126	42.8434	-45.6725	17.1743	-48.1079	13.5175
-17.6016	23.5649	42.0347	-9.23948	-7.91803	17.58
15.8742	0.437941	11.2903	37.991	-28.518	16.7674
6.14795	18.9322	13.5884	30.5536	27.0043	-1.74072
-4.81429	-30.6452	6.73696	-23.2261	-15.4805	-1.92557
-35.4976	-5.4796	5.65966	-14.5863	6.39515	12.4688
13.4602	-19.9606	-26.4122	-6.71255	42.4772	12.9756
-7.91192	35.641	25.9972	47.3174	-10.0604	16.0792
41.1069	4.17341	-45.7121	-31.0694	31.1426	4.20329
-27.2698	-26.577	14.6626	-48.0407	34.1243	13.1829
24.1569	38.3786	11.0614	-7.94244	-33.2881	9.10648
-4.58846	-15.5141	42.2819	-7.76849	27.2332	12.6118
-46.8322	-23.9586	-25.161	17.745	-3.52336	16.9567
11.919	38.7631	4.50301	21.1509	21.5384	-2.06388
43.5698	35.3938	-46.3134	-35.1009	40.7437	17.7084
11.4795	-25.6554	0.895718	4.65255	6.59047	5.53804
20.867	-11.3727	-8.94955	4.30158	40.0388	-1.77934
45.1842	26.2474	42.9106	15.2608	-24.5109	-2.7357
-19.921	9.04721	48.1964	39.8618	25.7805	10.7886
-29.4305	22.6371	-25.1671	39.8923	-10.6983	5.28445
28.7591	33.0073	45.349	4.29853	-24.2027	0.330585
-42.6084	-49.1577	26.2505	-28.6065	-43.9909	10.6508
-10.387	33.6268	-4.40535	-7.74102	10.7471	-4.09456
11.2293	47.766	-43.2249	26.1864	21.7307	0.316084
-5.562	36.3308	-33.5108	-49.1607	-3.70952	17.8609
45.4344	48.526	16.7653	42.3307	36.2575	16.6837
8.18964	-15.4988	-30.575	-47.4822	1.31382	17.2759
-24.3156	-4.64644	42.9106	25.8263	14.5344	17.8352
43.4019	-0.282296	-31.637	0.572222	-13.2832	7.04246
38.3114	28.3898	48.7365	-9.48057	-16.979	6.77531
23.0003	-12.5324	-19.747	-24.8863	25.5119	17.3256
-44.5311	13.8966	-31.5363	40.9543	-12.3035	6.8518
-13.567	28.5394	-28.3868	31.2403	44.7417	-4.12102
0.318918	-24.2546	-18.2974	40.8933	-39.1781	17.5689
-27.4468	-19.2495	2.11341	21.7887	-3.40434	10.2671
-34.637	45.4344	-1.81127	-45.2574	9.5172	-2.5318
15.1967	8.21406	-11.2171	48.8372	-28.4448	-0.417131
20.2872	-3.18461	28.9148	8.05841	12.7949	9.48919
16.567	-32.1345	26.4641	-37.8536	23.748	7.34835
-26.2261	46.9146	24.7673	48.5595	7.63421	4.49345
-18.4225	28.6431	-36.4925	32.4488	49.8993	-3.45486
40.1151	45.6236	39.0683	-36.4406	21.4316	-4.10124
-33.8008	-10.5976	-40.6735	44.7874	11.2537	0.228362
-32.3237	7.82647	-21.5873	-14.3025	-19.7195	-1.57357
-23.5374	10.3778	4.4908	-5.10422	-25.4479	16.7643
25.689	23.7877	-40.5057	-41.2168	2.3484	1.76265
15.276	-8.1225	27.2057	42.0011	36.8038	17.4132
-19.7073	-20.2506	0.721763	2.37892	-14.1438	5.04824
-26.4519	35.699	4.78072	-12.6606	-48.9471	-3.24656
33.2881	-6.23951	-41.0428	-30.8374	34.1884	7.34648
-36.9137	21.8039	7.41447	21.2973	49.4751	13.1056
-40.4721	-16.5456	-14.1224	-3.43791	38.9187	6.78958
-46.1852	37.6858	-12.9383	25.9667	28.1854	6.63825
-25.3563	-3.8316	38.0795	-24.7154	-22.2465	4.53848
-30.5658	23.0491	48.468	46.7772	-21.8802	15.932
5.40635	9.15708	42.3948	-44.7325	-9.23338	12.3287
-23.7053	-49.5758	-34.4752	-31.167	-20.1559	7.85355
33.7611	11.8946	5.63829	46.5606	-12.4287	17.0016
32.5343	-34.3226	-3.91095	-36.4895	-9.30662	16.5184
-45.4527	-24.4438	-21.5384	10.9729	22.7256	-3.85219
10.7471	-26.5191	-35.0276	21.0776	2.00964	1.00182
38.5769	-40.5118	48.8006	43.0326	-31.0968	-1.67981
30.3766	-15.6789	-9.42564	-31.93	-4.81124	-2.95104
39.8556	-36.6939	-35.9004	-32.2443	30.224	6.51019
-2.12867	-46.2615	-12.2272	-3.46232	40.3226	15.8125
40.6949	-31.4203	-24.5933	0.990326	-16.5456	-2.98988
16.1946	-45.7274	-48.999	18.3035	22.8111	0.755416
3.502	-11.5009	-26.8639	-12.2211	25.8477	-2.78346
-47.2961	37.7529	-30.7031	13.9607	13.9821	17.8608
6.19373	19.8721	-43.527	17.983	-43.2249	-2.4445
8.68099	-16.5944	12.0289	-14.5222	-16.0085	8.71045
-8.61385	31.8476	-41.7814	-21.2485	39.4467	-3.48118
-23.2292	-2.24769	12.45	-44.1038	-48.4527	15.0074
-29.2688	-7.61589	47.0061	2.88553	-9.38597	6.75129
-32.4976	48.001	28.8263	1.98523	37.8872	-2.59534
7.15201	-10.8844	-38.0215	-26.9982	43.4263	17.5637
-5.32395	-15.627	41.9187	-31.5699	4.28632	0.106737
-37.9849	8.51314	13.2344	6.63015	33.2057	6.92842
-5.12864	-49.3133	15.8162	7.60674	-34.0327	8.53543
-46.1119	-41.5006	17.4184	38.757	-18.6056	5.81903
-19.2648	9.29746	-31.1914	29.8303	-47.3357	9.63595
42.7824	17.6046	44.4853	-0.795007	10.7501	13.741
-46.3775	28.5607	34.8231	47.5951	-9.65148	-2.27875
41.6746	30.5292	40.701	14.2933	28.222	13.1502
-8.74508	10.8875	6.21509	-33.7123	-28.338	-3.00379
-22.5974	8.6108	-22.335	8.60164	-26.87	16.169
42.6206	-10.39	-1.75329	25.6005	27.459	4.92972
-10.9607	-3.87432	-30.5597	5.55284	-40.3256	8.85921
-31.8964	5.94958	26.4153	42.8648	-29.5282	13.623
-24.7276	-7.53044	12.627	-12.7338	-42.9991	7.04282
19.9087	5.60778	2.93435	-35.3694	17.6931	15.9733
-3.46843	38.4823	49.646	37.8689	-40.231	17.8346
29.223	-19.2312	0.282296	7.7105	-27.7581	-2.65498
14.0522	44.8454	46.4537	21.7338	19.396	17.7573
14.4459	39.5688	-39.7122	-20.8609	21.6666	16.8216
20.4428	24.3095	24.3736	2.40944	43.9177	-0.973327
11.6291	24.5231	9.56908	17.7847	49.5056	0.333795
-4.0727	49.8383	4.81124	-48.9441	44.9614	5.68118
16.8477	35.876	38.3541	11.3483	23.6869	10.1854
24.8772	-39.8343	27.3217	-12.0167	26.0216	10.8414
-17.3666	-41.8119	-27.3736	24.1234	-19.1397	17.7732
40.0204	35.3053	-1.47557	9.63927	-20.0308	12.1444
-10.0818	-48.7152	-18.6178	34.9849	33.0988	12.9873
40.2646	29.4305	34.3898	38.8058	7.66472	2.97885
-15.1906	-37.8964	-25.7195	44.7752	44.6135	-4.12968
-35.9828	40.3958	-16.5792	-39.9106	-3.81329	16.0427
-10.4816	-45.1842	22.6066	-20.4978	24.0745	16.8117
6.43178	-24.4499	-23.6015	28.8751	17.4673	12.6532
30.3919	-44.7233	40.3745	3.61187	14.9037	17.1909
-41.7661	5.95264	-48.3215	31.7957	37.759	17.6724
36.3765	-25.2617	-44.2259	-22.0389	4.53352	14.3635
28.3837	47.2472	-33.9564	-6.40431	-21.2241	11.1017
10.7135	29.5679	47.7142	-36.9564	-23.9586	17.8671
5.13779	28.3746	32.7143	30.7093	-45.7732	17.1324
29.5557	20.7541	-18.8803	-8.37275	-45.2269	-3.59504
22.8904	-28.7957	42.2514	9.21201	33.8008	5.53614
36.3124	-8.10724	9.96277	28.8141	20.6198	-0.695706
47.5311	-32.4122	31.7499	36.1202	-27.1722	0.342296
42.1018	-40.4965	-8.64742	14.4948	26.4641	10.7955
-15.9719	-32.0276	-14.977	-39.2483	2.30873	-2.20711
-26.69	17.571	30.1386	-45.0102	47.0122	5.69748
-41.5281	49.7467	-15.7613	49.9207	13.1306	1.2238
-10.4205	-28.4936	13.3198	10.7898	42.5932	17.1908
45.7945	-23.3695	3.94147	-10.9455	3.04117	-3.65184
-8.27509	-32.1131	-39.6481	27.2881	21.9565	17.4435
16.1275	-44.7203	-45.7854	14.0492	-2.79397	10.8395
12.0502	-32.3206	-29.0368	-11.3819	-10.9516	-3.91355
-30.0928	3.86517	-46.5972	-42.4589	15.9108	8.38438
-8.69625	-24.9077	-40.6186	-47.1831	23.7785	7.1036
36.5566	32.9249	-45.294	-38.2717	-41.5494	-3.60709
-39.8282	-6.45009	-14.8152	-37.1334	38.4121	7.93286
36.9381	-36.9045	-22.2434	29.3115	13.1825	7.9482
20.5374	47.8698	-11.2629	34.4234	31.8934	6.30067
-32.3145	30.3369	18.3645	18.1143	2.12561	-2.11407
26.0369	-0.727866	-23.7541	10.4907	-3.4196	2.5018
-31.1335	19.274	39.4375	-4.76241	37.7071	13.8122
-45.5504	0.444044	37.7987	-42.3063	-21.7612	-3.56833
-2.46437	-18.0349	-3.61187	15.9688	20.7938	8.81578
9.31883	3.63018	-15.6575	-28.692	12.9078	10.383
-38.7509	4.94858	33.224	43.6735	-43.6644	16.196
46.8139	-41.5311	18.7307	-31.1762	26.2535	0.367258
-20.2017	44.7478	13.921	42.0225	17.7908	15.4222
-40.5545	30.0714	-26.0399	-2.58339	44.4182	-0.860106
-46.9787	23.2566	39.7946	12.331	-33.3033	-4.09159
22.393	44.7722	21.6941	-28.6157	-7.00858	15.7242
29.9524	22.2861	-39.9991	-20.3909	41.7936	17.4667
-15.6484	42.938	37.6461	4.39619	14.7481	6.40067
12.1876	3.45622	21.6117	13.0879	-14.6352	15.8974
24.8558	-1.88757	-28.9239	20.2017	-19.9484	9.72104
-4.99435	-31.8598	40.2036	-36.7733	-14.3422	0.428061
-33.5597	-37.9513	-35.1863	27.3522	-41.5433	7.24757
-34.6034	24.6269	14.3544	-29.7906	-4.35652	2.77252
-14.0187	28.0877	-26.6961	40.3928	28.9148	13.443
49.9878	8.84579	-29.8914	10.6189	-47.3449	17.4036
-23.5679	-16.2893	-8.76339	35.0154	-8.70846	-0.64721
49.6307	-26.8639	16.9607	-37.2951	-16.9759	13.8314
31.7774	-40.7254	-3.13272	49.762	-33.6909	-1.96572
24.3217	-22.7531	37.7377	48.0285	43.1913	-3.9796
25.6554	-13.7318	-5.21104	4.92416	-2.92825	17.3347
14.0614	49.5544	33.4498	11.3941	36.465	8.77543
-8.87936	-32.223	-24.7673	12.5996	-44.7447	-3.07294
11.2354	-3.13272	13.0055	-5.74511	-34.8354	17.8485
47.4731	48.413	-46.8596	12.917	-28.2098	17.7705
-49.7467	-9.42869	-30.4102	1.33213	43.6125	4.75895
22.5913	-36.7397	-26.7876	3.09305	17.3879	1.38272
-36.7519	7.82952	32.4274	19.1153	21.1173	1.25837
48.3978	-41.757	28.9727	39.9564	15.5751	11.3627
-21.2119	21.6239	37.64	-19.7867	-41.8912	-1.22236
25.0755	19.6249	7.42058	6.40431	42.1964	17.863
26.9799	-24.9718	37.1029	41.9248	-24.8009	-3.80758
19.6036	41.3419	-1.65563	49.4934	13.1062	15.4144
-29.5465	5.75121	-27.8771	23.3757	-32.9096	13.3386
47.7813	7.44804	-38.522	35.5739	48.8098	-0.321897
20.2841	-30.8466	-7.82952	-14.3269	-46.7895	-3.65273
49.3622	-14.153	-12.1174	38.464	-6.83462	-3.41339
30.1752	4.42671	9.97803	6.01978	36.9808	16.8432
-34.695	31.3044	-13.4266	-7.62505	15.9352	14.0998
4.93942	-38.8241	-34.1792	-47.5188	-21.2577	1.64787
27.1294	-7.21	36.3552	15.0258	7.89361	2.46232
21.7032	15.8864	37.9879	-26.6961	-34.2463	-1.02208
33.3705	25.0755	27.9717	-49.7589	45.5962	5.90748
-42.0591	20.9433	-3.98419	35.9554	-1.43895	-0.508393
-20.1743	29.6991	46.2981	6.19068	22.393	6.96315
-38.7082	6.63625	-39.2239	48.8952	19.7867	13.517
-9.19065	8.42769	-31.8567	-12.624	-23.7297	3.51762
-5.44298	-39.4864	22.9972	36.0897	0.413526	-3.52814
30.9809	15.6819	41.3022	48.468	-44.6806	8.42052
-41.5525	1.75329	-7.56096	-27.3888	-16.6555	15.7647
23.5221	-42.5016	27.1355	48.1964	11.092	7.83213
46.2767	12.8193	15.7949	-7.65252	-23.69	6.57009
23.3543	16.0573	-5.41246	-35.3877	-38.9126	-3.57634
31.8354	49.5849	24.8802	7.84173	-1.03916	15.7148
-44.0764	-6.9628	10.7593	-38.7906	-23.3238	-2.21839
46.7467	-13.6799	-29.2505	0.517289	34.46	14.087
-4.34126	-25.2953	44.5006	-20.3085	-5.73901	13.5175
-21.4713	26.5069	-23.9128	9.24863	26.7022	6.81327
-14.4032	38.9615	47.2777	-8.51619	-21.7093	7.46879
28.872	-13.7379	10.268	28.9727	12.9444	2.38831
-45.999	-37.7895	-37.4691	-20.5435	46.8444	-3.62554
24.7337	-2.66274	-28.5974	-8.49788	0.541704	14.181
26.6869	-45.3703	3.19071	-44.232	-33.1233	8.31279
-13.8478	43.1486	-40.1181	-0.00762963	-1.70446	-1.48762
28.6981	-32.0338	-10.4694	-35.7204	-0.993377	6.71015
36.0286	-2.97708	-39.1049	-10.4114	9.91089	8.70321
-22.2556	-6.16016	18.749	-21.5049	-16.335	-0.812899
1.39622	39.0652	31.7621	-48.2635	2.05542	14.2987
-42.9777	14.3605	5.66576	1.71056	-26.0552	-1.74384
15.331	49.2767	26.0338	-48.6541	-15.4317	-0.44167
-20.3787	-6.32191	-46.1943	16.6677	-2.07373	-3.69918
-4.05133	-27.4865	-7.21915	46.5148	-1.49693	-4.07481
-17.3879	21.1203	49.8321	30.7703	37.4569	7.01063
-33.3125	-12.2883	-21.2973	-47.1221	10.9302	9.10098
-21.0288	46.4415	-15.3371	31.8537	3.502	-2.57658
2.57729	-47.7142	45.3063	40.9391	-23.4031	3.41457
12.0594	-1.98218	-45.9166	21.1539	32.8425	17.0653
-47.0061	-4.82345	5.76952	-22.6096	-42.0438	15.604
-36.8892	-42.3704	42.5138	37.3745	-10.2161	16.5707
15.0716	-38.876	-1.21311	-16.3228	9.3524	-3.12852
19.3625	-5.99536	8.75118	40.4263	-8.16523	17.5841
25.7988	26.8578	-37.7621	48.1933	40.7407	2.55594
-18.2699	43.2493	34.0938	-1.20701	-47.293	6.42695
17.7541	-20.3024	-39.7153	-43.6888	-6.33717	-2.76022
38.8607	-19.1	23.7968	32.3542	12.0808	8.61348
-44.7233	32.7906	-33.8008	-43.6216	-0.0900296	-1.83242
21.1966	-30.5597	35.2168	15.8712	-38.5952	3.29614
47.9949	11.565	22.103	23.0216	-36.1812	13.0956
37.2799	-0.196844	2.14698	-40.4996	41.8851	0.342815
38.5769	45.4375	-1.36265	-26.1132	24.984	-1.67981
46.9848	-12.3127	-2.23548	-35.9279	46.1699	17.7685
-5.14084	-0.257881	-25.4295	4.64949	31.7377	1.15929
5.47349	48.3093	-9.47447	13.1947	-37.225	2.92257
14.5436	47.9064	-38.7356	-7.48772	-0.206	7.55498
-20.0888	-31.4234	-39.2209	23.7877	23.3085	3.27649
-12.9994	-24.5018	22.1793	42.8434	-42.9044	2.98683
-39.4467	36.6665	23.4581	44.0153	10.5762	10.2104
-36.932	-11.5406	-4.53352	-20.455	-1.89978	17.7702
21.7948	-12.6057	6.28529	-24.6513	22.5547	14.8104
-27.0379	29.9921	31.1579	-30.166	0.474563	-4.04809
-1.03916	-8.97702	26.0674	15.8925	25.5547	4.05292
17.1102	-43.0509	15.5232	-9.37376	7.53655	17.8696
-3.88043	-35.461	-49.5392	-11.9709	32.6411	7.88314
46.9512	49.3896	-13.3992	49.5209	-37.3836	-0.922763
-8.83663	31.8567	-8.71761	37.0052	-27.694	17.8686
-34.4661	-11.214	-40.7865	30.4437	9.97803	5.31416
19.4021	13.9912	10.8142	-18.9291	30.6513	-2.6001
23.2719	4.08795	-12.682	5.45213	-37.0418	13.3479
-41.4212	5.70544	-2.90994	-29.4977	20.0095	-1.61959
-25.0969	12.0563	8.91598	1.91809	-3.48674	-2.19989
-31.1731	2.87942	39.8923	-15.0655	10.7898	8.92694
12.5233	32.6746	-43.5179	1.35655	-39.4467	17.8076
23.336	-1.6068	-20.5527	-21.7002	23.6106	17.8699
8.33918	3.45622	-13.6616	34.4935	45.0835	2.69609
-38.2046	-24.6696	-33.7031	-19.1275	-21.7978	17.4474
2.64748	11.2049	-3.76446	-10.152	-29.5312	0.243372
-28.4845	7.77154	26.4855	0.944548	-3.3433	15.6421
-30.4224	-31.3715	-25.9667	32.1345	38.9462	-3.84933
13.0268	43.701	33.4986	46.9146	23.4367	6.7956
-1.98523	48.5015	-35.6441	-5.10422	-21.1447	17.868
20.5039	4.19172	9.60875	26.7846	16.3411	17.1472
-49.6551	12.5233	-33.2423	31.698	-45.8983	-3.23903
-15.2028	0.285348	-22.8538	-11.5375	43.2188	8.02976
19.631	-1.99744	1.13681	43.7254	9.74609	-1.1835
31.0602	-43.2127	17.1773	-46.4965	-48.6175	0.170957
9.17539	15.4469	5.87939	12.27	-6.22425	13.7332
-3.9903	-47.3022	31.4783	-18.4317	23.1285	15.3701
19.5883	26.9005	-15.4378	13.7532	46.7498	1.20763
-45.2544	-46.2981	6.30055	-4.83566	-46.5941	15.3396
-40.1944	-19.6219	-0.120548	46.1058	-1.90588	13.3167
5.63524	35.992	5.45518	7.01773	47.8179	16.4743
12.9414	33.0714	41.9492	10.1978	-37.2463	17.7995
-42.6756	-5.62304	38.4671	37.8719	2.40638	-0.199689
-2.74514	-32.7754	-15.862	31.7896	7.07877	10.538
36.2148	4.6556	19.2495	3.36467	-45.6175	4.08697
-19.9667	-49.4873	-3.85907	39.9503	-39.2422	1.25689
8.76034	-17.9464	14.5405	-2.77261	46.9481	-1.68636
39.7458	-20.4184	23.104	0.263985	5.11032	17.2911
-46.9787	-42.3704	41.699	17.0644	-5.44908	-4.09159
42.5077	33.8954	-25.5791	-2.61086	-21.041	-4.09431
-19.5547	-5.41856	-25.1518	-19.3655	29.7174	5.21996
14.5375	19.6951	7.94549	34.3196	24.9351	3.14033
-35.4732	-0.538652	19.3899	-22.2526	21.2455	17.583
-33.9595	-37.2158	-41.7783	27.7306	-36.7794	10.9997
40.2982	-38.3175	-20.1132	7.622	39.05	0.685987
-34.1395	-22.8202	-47.1435	-7.82037	39.3643	12.0089
-40.2585	-9.30967	37.936	-23.1223	-34.7713	13.1905
-7.02383	-43.704	1.79296	-16.4937	-39.9258	5.64321
-13.7165	26.7754	37.347	-8.6932	-22.9545	-3.28005
13.039	-32.8181	43.1364	-24.1569	18.8253	16.0391
48.1445	-9.3585	6.11438	-22.2007	17.3727	2.57317
-42.0347	38.6563	-2.07678	39.8984	33.3064	-0.754812
9.12351	21.4957	-8.97092	34.106	-15.0594	14.1145
36.9106	-16.448	38.0947	34.753	-17.1682	-4.11484
17.7206	45.7274	3.51115	35.3816	-17.7511	14.8637
-10.268	46.3988	18.8986	-15.5934	-42.6572	2.82161
24.63	31.045	37.3318	40.8383	16.3045	16.5985
22.7226	-17.3025	-17.9708	45.4283	23.5343	15.0072
-23.1407	26.3543	-17.7938	-46.6399	18.6117	15.2344
-47.9003	17.7847	10.7257	46.643	-9.48363	17.7829
-33.5261	-21.514	-15.1387	2.32398	-1.28636	13.7093
37.5912	-36.2789	26.3115	-42.2575	29.4427	-1.62306
-4.39924	-34.3715	-36.7397	-42.4955	32.4305	17.6729
27.4071	-44.9339	-31.1609	-16.3076	-18.6972	11.8609
-20.1041	6.08692	22.869	-47.3693	-25.454	17.6896
-29.3634	-39.5108	15.6941	48.3978	-12.4836	-3.13478
11.9404	2.91299	18.4835	12.7003	38.0795	15.6148
-4.5793	0.236518	-26.6259	-13.1336	10.7288	-4.12951
7.00858	-18.1051	14.0645	-46.9329	-38.5067	13.9283
13.9576	11.1957	42.0743	-27.7703	-8.33308	16.5037
18.8253	-14.6046	-21.7795	-37.8811	-46.6735	16.5548
10.8966	14.8732	12.1082	25.277	24.0349	10.0743
4.34431	9.59349	-22.4815	6.0625	23.4184	0.663371
12.5477	21.1478	18.6941	-47.9461	35.818	6.12187
-2.5956	30.81	-44.2625	16.6158	43.7346	14.793
32.8761	4.70443	-30.7337	-7.98517	-45.3154	10.8724
-16.7501	-30.163	-22.8233	-47.9522	-7.82037	0.985413
-38.7204	-15.7155	-21.9749	-2.45216	19.7012	17.8295
12.215	4.38704	28.8141	-27.6147	-17.922	9.44773
8.88241	-20.4581	8.23237	-31.5394	-6.05335	-2.08
13.7593	-28.8629	-18.3065	-47.5097	31.106	-2.00235
-22.9148	-20.8365	46.3775	-6.11133	45.4344	-4.02107
33.8954	13.2191	-30.7947	-14.8824	38.464	-3.9759
-32.873	-10.8142	26.3482	-27.5994	9.02585	10.5936
-17.4429	38.4518	11.1774	12.154	-19.3777	7.77444
24.4591	4.93637	-1.59459	-49.2492	33.0775	-4.12809
5.05234	-28.8995	-39.4284	-21.3218	-33.2911	-2.05742
19.8416	25.9087	9.91394	5.53148	-36.9655	-3.80862
45.6816	17.5832	36.4681	43.7742	-23.1986	16.1494
22.393	-26.9799	44.6257	-47.7355	33.227	15.7242
14.9678	37.0296	-4.48775	16.5365	2.65664	-0.895852
30.8527	34.2067	-32.5068	-33.9625	39.7916	12.1706
-33.4346	23.5343	46.5697	28.2159	-16.6646	-2.80468
10.9027	20.0583	-44.9461	-1.42979	-35.1741	3.45275
-1.3535	-19.5669	-7.67693	13.9546	39.993	13.5122
-49.4354	18.3645	-30.3247	41.8119	26.6472	-3.35293
-19.921	10.9455	49.9023	-26.7174	27.6452	10.7886
5.24461	-42.2361	-27.8771	-20.3696	-43.701	17.8661
25.9575	-23.6717	22.1213	19.1794	-0.721763	-3.40554
-28.5424	-11.4795	-26.5984	49.9634	-41.5525	-0.269793
-26.8609	-5.3148	24.9382	24.279	-18.3035	3.36987
15.9291	25.3563	15.9505	-28.1487	18.1051	14.8669
-3.58135	-16.5609	-13.0909	41.6562	-44.2625	13.6887
7.17338	35.8211	-41.0062	38.2534	-24.2546	6.58373
22.5791	-1.1887	-14.1102	29.4305	-21.8192	12.6123
-37.2921	-39.9136	35.1405	-1.78076	24.8955	7.90782
5.27512	8.46431	39.2911	-44.5341	41.464	16.1745
48.4008	-22.6981	-42.0072	14.0645	0.401318	13.9707
-19.161	-38.0581	-20.9403	13.3656	2.65969	17.8251
-39.3643	-48.3551	6.20594	42.5199	35.3359	-4.11676
-3.51726	9.6118	-15.6301	-43.9116	-12.3432	16.8447
-1.37181	-38.8546	-0.0473037	16.5212	-18.3187	17.6823
-49.8444	-22.7836	-24.5231	-38.3328	-47.6836	9.05609
6.28224	-4.10016	34.7621	-41.7356	27.7825	3.50417
-31.7499	42.5138	-45.468	-1.42064	22.57	5.824
42.9106	-27.1325	-43.7101	-2.58339	16.0054	12.2445
35.8547	-5.0676	-24.5476	-30.2606	1.9425	17.5361
42.3215	13.7074	-38.4152	-36.9747	-20.1437	-1.50959
46.7223	1.63427	-2.32704	-4.66475	-9.33409	17.2132
-47.2472	33.1446	9.36155	26.5557	-6.5569	1.35878
19.335	-33.9686	-9.32188	-40.9879	-32.2382	-3.89023
28.5241	-49.5941	26.693	-41.3144	-29.8517	11.9086
-6.53859	-39.6695	-30.4437	1.57933	8.77865	1.58499
-19.7226	27.8558	24.81	-12.8925	-25.9117	6.90973
41.4701	-45.5016	19.4693	13.6799	9.73998	17.065
-2.65664	21.5751	-5.46129	-31.6828	30.0592	-2.92497
-37.6431	-37.347	-29.1101	-33.3827	24.7276	17.4804
44.7508	-39.0225	-44.5891	-23.336	47.4517	-0.751079
36.9015	-3.13883	-19.1794	41.0611	-37.0052	-3.43319
22.1976	20.7022	-6.50502	30.3034	23.9952	6.09798
-28.4448	-29.9524	19.7348	-20.9189	-5.83972	16.7965
-35.3847	-29.049	-45.5443	-20.4459	-22.0359	-3.72366
10.0146	36.8557	22.869	8.72982	38.9309	7.18433
-23.4611	-45.5962	-27.3095	40.2676	-13.9851	-4.08424
6.04724	16.0482	-0.0839259	-15.7918	41.1649	-3.88721
38.2015	1.14902	26.8273	26.0918	-10.213	1.47389
-6.90786	13.4327	-28.6279	-38.4976	-13.2862	3.06933
11.9221	20.8243	29.3725	-18.4713	-8.98618	15.6831
16.5822	-27.9015	-23.9708	1.3596	18.2638	4.40984
26.1223	-34.9208	-4.08185	4.35041	-6.0564	2.29257
-22.6768	30.2118	33.9015	-28.5272	-44.2381	-3.68544
33.0958	-3.22428	9.88037	34.6339	-11.3605	-3.88045
30.4437	-22.3228	15.6636	19.8111	31.5088	7.95912
38.6105	-3.06864	14.4795	40.1059	10.9973	17.8683
-42.6847	-15.5171	25.2586	24.1386	49.7864	9.50461
-1.6953	49.353	37.4172	6.59352	-22.0023	-1.75293
39.816	37.7285	9.48363	1.02084	46.1791	-2.3343
-19.158	28.106	-2.45521	10.5731	-7.64641	14.9698
-20.3238	-16.0695	29.873	-6.19373	13.0848	16.299
22.9392	37.5301	-30.3461	-29.4794	-48.6785	8.93966
-16.7226	40.6705	29.7815	-34.5454	38.8119	15.7102
-40.6095	-19.6677	5.54369	7.55791	-6.67898	16.919
36.343	29.1559	-33.3094	11.391	39.7	1.13137
14.5772	19.4723	39.3948	-43.7834	-15.2882	1.65751
-13.9027	0.00152593	18.1417	-7.88446	11.1225	14.8214
2.94656	16.0421	-44.2534	15.6331	1.05441	-3.30036
-6.74306	-9.84375	-27.7581	-22.3106	46.0204	10.3666
17.6412	31.0968	-18.6911	-17.6595	4.06049	-4.11068
-25.0572	-27.3278	42.8343	8.88241	31.4814	4.9982
0.407422	36.5474	-9.859	20.9922	-29.5099	16.581
-4.98825	-45.1201	-32.4915	25.3288	-2.48268	11.8422
-4.25886	-48.4375	-2.00354	-29.1559	4.29853	15.2088
32.6441	-42.6634	16.5242	1.80212	19.5273	15.032
9.48668	-31.2494	-22.1122	16.5883	-28.5485	-3.04176
36.111	-22.042	24.1905	-17.5771	30.1874	13.6759
29.8059	21.3218	-31.6248	34.2372	-49.8962	-4.12336
8.57418	25.6249	15.0197	21.4469	39.6084	1.58545
38.9645	30.9107	-19.5273	19.1885	-0.0289926	-1.85794
39.4375	7.78069	-3.9964	41.174	-42.6603	17.6395
-39.7885	28.2769	-48.3917	-23.6778	36.1599	10.4538
-49.6124	-10.4816	-12.4378	14.4734	18.5965	9.33534
-42.3399	18.157	-42.3307	-36.0317	-42.9807	0.703636
32.5922	19.982	30.6848	-15.5934	2.39723	1.4545
-49.057	27.7978	-10.3381	-2.94046	35.107	-0.3216
-27.3858	-41.9797	-0.621052	-41.5067	-46.2157	11.7683
33.3399	-1.65258	42.4619	-7.73186	47.7416	-3.99943
-37.2982	35.5464	28.2311	-26.6808	48.2482	-3.74229
3.95978	12.0991	-38.4121	42.1201	11.3483	-3.47446
27.813	-13.8112	-2.9313	28.4051	26.4061	0.981732
-45.4192	-41.0764	-36.9778	-1.87536	4.30464	8.69622
40.3226	-48.4375	-38.9187	49.414	43.8627	3.70358
1.88452	-5.31175	-7.24662	-12.1845	28.75	3.5508
-4.10321	-30.3278	37.4844	-27.7398	-13.5395	-4.1204
38.8058	-4.66781	39.8984	49.2553	-14.4551	6.6928
-46.9298	-37.167	21.8528	-46.1455	-41.2534	14.9586
7.13675	25.454	-27.9931	2.01575	30.4621	5.2413
-42.7488	-12.1052	-29.3176	24.8863	24.4652	16.2195
-20.455	-18.3065	36.5017	48.0316	-43.5514	7.20104
39.6329	2.40333	14.1926	17.3391	25.8873	16.3101
-4.35041	2.05847	-19.9637	-28.3807	18.8955	6.43031
-34.7652	48.9837	17.6473	37.2555	-4.27107	-2.20656
36.1202	14.333	-8.92819	48.1597	0.679037	16.4912
-35.3053	-20.8365	-47.5311	23.5649	-36.2484	0.456134
-46.762	-6.74917	-18.0624	37.3226	14.037	4.51691
-16.2435	39.5901	33.3155	49.8718	12.804	2.54939
18.7918	-31.2433	8.17438	-7.3748	-30.7947	16.6672
-14.4642	40.6827	-14.1438	-0.511185	18.0898	13.9919
12.8559	39.7031	-12.7949	26.1528	18.218	17.0862
5.48875	32.7052	-4.37483	-11.8397	-28.3044	5.20962
-27.4316	-39.23	37.9238	-11.4368	18.2333	-3.78848
-49.2004	39.2972	12.4439	35.4549	14.0065	-4.073
-39.2758	48.001	30.2026	22.5669	-34.5729	13.2228
16.393	-43.3653	11.1194	8.11335	27.5445	13.3466
12.7705	-47.7233	21.0074	-15.3493	39.4589	-4.11159
22.158	29.7113	-0.968963	-11.6718	-40.9146	-0.933019
-10.3992	43.469	-25.7164	-31.4081	-16.6494	16.9745
22.1427	-21.7948	-22.1763	-29.7876	-14.7206	-3.92619
15.4622	-7.52739	27.6757	-33.3155	35.8791	7.25198
-40.5942	-23.8762	-27.7886	-29.2352	-11.9495	15.9103
27.1783	-2.64443	-7.34123	33.7153	46.2096	-1.92138
2.08594	3.35246	-4.06964	-30.1843	20.9922	-3.4544
15.9108	34.9849	-31.2342	36.9533	46.2218	13.8239
-40.2951	-2.9252	-3.64544	-20.2506	-10.2954	7.71578
17.8518	-5.90381	29.1467	45.1079	46.5361	-3.12398
6.386	48.2452	-33.0042	2.1073	-0.444044	1.63425
18.1631	21.6269	6.97501	-7.02994	-28.8873	15.5902
-8.47652	26.0796	4.13984	-32.5098	6.67592	11.9633
-14.0797	-45.7884	-8.05536	18.8559	-35.9432	5.96508
-38.0673	-15.9993	-27.7795	-10.2466	4.19782	-3.36959
-31.1151	-26.6228	46.3958	-28.6706	4.1673	-0.928811
13.921	16.2648	-4.75631	7.84783	48.6877	0.110964
-41.6593	-21.4682	-16.4815	-17.2353	-40.2646	-1.78579
2.69326	8.21711	-29.5465	-48.6328	43.5759	-4.04156
-1.40843	-20.7785	28.5424	-27.8466	21.044	9.2783
21.8528	-32.9951	-31.167	-38.6135	9.87426	9.31124
-24.8131	29.284	19.7592	31.4142	-26.8517	7.4138
-9.9414	46.3134	6.55995	38.9309	-47.9614	-2.73799
-16.628	23.4397	12.917	29.8669	29.6533	4.32105
8.01874	0.822474	5.45824	-7.82342	30.8863	3.27287
-34.051	13.7684	41.5098	4.02387	-48.6938	1.13496
38.9065	35.9462	-29.2413	22.2617	48.6908	13.1565
30.2545	42.0255	-29.7052	45.8647	34.64	14.0427
-18.0074	-31.4478	-36.0256	39.4955	-3.70952	12.9018
19.7409	-13.8295	-28.3837	25.8538	-12.9505	-0.212888
14.9098	-2.49489	-0.440992	48.7152	-29.1864	17.4116
39.3277	48.822	-33.1843	48.7396	19.2129	9.76072
37.1578	10.9882	9.17539	-2.48878	7.98517	15.593
27.6055	33.169	20.6107	3.65459	-4.87838	4.33487
18.7979	43.9238	-41.0672	-43.8353	47.4029	-0.553653
45.7457	22.0054	-32.9859	-2.33619	-2.49184	-2.86629
6.1449	-44.9217	35.6441	6.14795	25.1854	17.8648
25.0145	-41.052	-5.87634	15.8803	4.09406	12.1394
23.1101	32.8028	0.328074	-32.5312	28.3013	-3.65621
-5.26292	-8.44295	33.9412	-5.44298	40.585	6.21509
-4.62203	-27.1722	3.5844	6.13269	11.6749	-1.13089
12.6667	35.287	5.22629	-11.7817	-7.79595	-3.19633
-22.8355	14.098	30.166	44.4761	34.6675	13.6068
-47.235	18.3187	-45.5443	20.6687	29.1528	4.34674
39.3155	-18.9749	-47.8545	-38.5037	-19.1336	-0.416479
-16.2343	32.2474	44.7356	-4.86007	45.294	0.332056
45.7732	-23.571	-16.57	29.7205	46.3408	17.5673
7.90887	5.27512	-32.1284	-36.8038	36.227	6.96188
-34.93	9.88952	5.94958	2.56203	-20.6229	6.7206
35.8242	-4.78988	12.682	-21.9962	-35.1039	4.70346
-2.6017	45.1231	42.0072	-46.0143	-8.26899	5.88317
-37.347	31.7286	26.0094	47.5951	-7.25578	0.559377
8.00958	18.8162	40.3562	-7.47551	-0.328074	5.27945
-4.79293	-16.1946	-35.9767	20.4306	4.71358	3.19575
7.33512	35.1588	-11.6657	37.7621	-44.0855	14.3698
-27.7978	-49.118	-37.1578	41.1222	39.3399	-1.43126
-31.0816	-12.682	21.1966	-29.1406	-37.5515	-3.61143
32.4732	38.3755	-28.2586	-28.5119	-36.5322	-3.96317
-8.43989	12.1265	35.0764	-35.2077	-27.5323	9.07936
31.3807	41.5891	1.83874	43.3561	17.3788	-2.39194
-46.5545	-40.7498	-15.4866	-23.4489	-40.6064	3.43156
-3.34941	-10.4083	-39.5535	-42.6054	12.3737	7.72347
36.8831	-35.7021	21.3614	-44.1771	14.742	-2.41449
-36.6726	-45.2239	-20.8945	29.2077	2.36061	13.0483
-15.6484	-31.4722	-28.0175	4.37178	-3.12967	6.40067
46.6216	-23.0979	13.6219	-27.7154	-14.7206	7.09368
42.9777	38.9859	16.2679	20.6687	-47.8149	-1.74384
13.0757	45.2727	10.509	-39.877	32.8486	-3.80414
27.2607	24.3828	-12.4042	-2.73904	31.2525	0.299315
7.64946	-8.65658	7.61284	-11.2659	9.63317	17.2766
41.9889	46.234	20.1529	16.7013	-12.6789	4.14463
-0.904874	29.5526	-19.1671	29.0735	38.0093	13.4777
20.5039	-15.6758	-8.71151	27.9962	36.4559	17.1472
31.2738	8.42463	-24.4926	-21.3981	6.41041	4.66173
11.2903	-16.9179	4.45112	-8.0401	38.9859	16.9546
26.0369	-39.8618	-16.8538	-45.0713	16.9179	2.5018
49.6979	-7.07266	-4.89975	-26.7937	-5.66271	-3.77049
-13.3717	26.6625	-45.9655	-15.1021	37.0815	12.3955
45.0224	-18.5873	-19.3991	40.8994	-12.4622	-3.94127
11.6749	-42.8037	-13.4938	-8.08283	-27.2332	15.6051
-42.3399	14.5528	-22.5181	32.9493	48.5595	0.703636
-38.6807	-22.5944	16.5731	35.1955	25.8049	15.2559
0.0564592	32.5739	38.6715	-49.0143	47.5585	17.87
31.2616	-12.0106	-39.935	-30.285	-44.94	-4.06011
30.3247	38.1405	-18.5904	-1.15513	12.566	-3.52117
0.0381481	21.5903	45.4253	37.3074	34.9239	17.87
-18.0074	-8.11335	46.3347	-31.7408	-16.2679	12.9018
32.3786	34.8079	31.8079	29.8364	12.9353	16.4839
49.2218	-17.7816	11.9068	24.044	-27.7245	16.5784
-41.0703	-1.01169	46.4873	47.8118	21.9108	5.12017
-13.1764	16.155	48.8556	-40.0845	35.5312	-0.187194
23.4336	42.0072	9.91394	-26.0643	12.7583	0.011714
-48.7762	-21.7948	-1.40538	-1.97302	-25.8629	14.3904
3.98724	45.6908	-40.585	-45.9655	-44.1191	17.1433
-36.1232	37.3165	-39.3674	2.12867	-33.7214	11.965
-11.092	-17.2292	45.0102	-10.3442	23.1101	3.52448
-13.8661	-39.8373	38.9462	-20.5649	39.1507	6.87874
31.4417	45.3001	-33.5688	-39.8434	21.8223	-4.07777
15.7002	25.3288	-10.9882	-28.8324	2.29652	6.28658
34.4722	36.2178	-38.6929	-30.3797	20.2475	3.02817
12.7186	39.1415	-12.2425	-9.96887	-6.51418	-2.75095
38.3908	29.6167	-47.1282	18.0258	-9.41038	-0.907318
0.437941	43.4812	-19.0909	-34.0266	-22.335	15.9033
15.1387	15.4927	34.8628	-10.7471	17.2262	2.53234
23.8792	-9.81933	8.61995	22.9026	-43.643	12.3968
21.746	-5.70849	22.6371	-6.66372	-17.0797	17.838
-47.5677	49.1668	32.9463	40.2982	-49.6735	-4.06551
49.5239	37.4477	46.9817	-41.0398	-30.224	-3.63372
41.5433	30.1752	-47.1526	-31.9269	-24.279	-3.75612
33.5994	45.2025	21.633	7.7868	5.46129	1.92638
-13.4388	43.3134	-44.3449	-27.4682	5.06455	11.3279
-26.6259	-25.4234	-9.00754	16.4022	-37.9452	-4.10649
-28.1121	14.6535	-18.3523	8.60469	-47.5585	-0.826469
-28.811	41.0703	-27.6391	47.821	-12.9902	17.4124
2.00354	21.5751	32.4458	-48.6206	9.0228	6.55959
35.4854	-20.2322	-39.5779	-25.6157	25.4051	16.4261
-38.4304	31.6401	-2.99234	-9.67284	43.6033	2.74386
29.5465	48.0285	-27.2332	-19.396	-6.90481	13.3386
-48.9288	30.3919	-36.1141	5.45213	35.4183	4.81184
-10.8875	24.5506	-3.21512	-9.92309	-6.76138	17.3847
45.5229	20.7114	-2.95572	18.3493	-14.51	12.6366
-5.04013	-28.2891	-37.5607	-32.1223	46.9665	1.71655
-11.3208	-18.9352	37.9971	-45.0743	21.0135	-3.92075
-17.98	41.4518	25.0206	-28.872	45.2269	-3.75674
27.0104	-4.63118	21.3797	-16.5731	26.9768	7.87611
7.39616	-17.4886	9.3646	18.2394	35.1772	-3.30775
-31.9117	24.9748	17.1041	13.4358	-26.9829	-3.96579
-1.69225	11.0492	-45.2177	-15.6941	43.7895	-2.88713
-19.4876	-3.13883	2.17139	-28.6401	13.8478	17.3359
-30.0256	-0.383007	20.278	-31.4417	25.866	0.366878
-1.39012	43.0204	-18.0258	18.2394	-8.98618	16.1165
-44.9217	-15.5782	-24.3187	-17.6687	16.1672	-1.49939
18.1051	-42.4223	-13.5517	-41.4975	14.7389	16.7943
33.6665	49.4781	27.7856	35.1253	-22.1549	13.5078
30.8161	-47.5036	23.7449	16.8722	19.5761	-0.5206
7.15201	-18.4683	24.5659	14.4795	-14.9007	17.5637
9.92004	2.13477	45.3429	46.5453	29.3176	2.94199
35.2748	-35.699	-42.6237	25.1183	-31.3623	13.6276
-15.096	-15.5568	24.3675	-11.6688	-2.86111	-1.72158
-37.1029	-43.7773	-46.9909	36.6024	1.24058	-3.68996
-0.657674	-35.7326	35.8669	39.6756	-30.7184	1.73296
16.8874	36.227	27.4285	49.0814	19.6005	7.92529
-12.1052	34.6187	16.1367	26.9921	16.8111	14.3774
-35.6807	-31.5271	-26.8487	-13.8142	-19.5151	9.79527
3.5783	47.7172	30.8771	17.2475	-47.1313	4.90398
4.9028	-7.24052	-14.6504	24.984	46.2035	-1.62132
35.1985	41.2534	-39.0469	-32.696	-35.2779	14.611
34.5393	-45.5504	9.91699	38.0886	-0.697348	5.59452
40.1547	9.1052	-17.2231	5.08286	3.44707	15.7191
-23.2719	9.14182	32.9981	14.51	11.684	13.3479
42.2391	-7.31071	39.9442	-22.515	-48.4802	15.6077
45.7549	35.0826	37.8811	6.53859	-48.822	-2.88833
-29.9402	-8.90683	36.7	-1.46947	-7.16422	12.4267
-6.68203	23.2688	44.4395	-17.7938	12.1021	2.9847
1.74413	18.0166	-5.97095	0.233467	2.66884	15.5549
10.8814	-46.2889	30.7703	9.07773	17.3391	-3.56516
-1.89062	-16.1946	-41.348	40.405	19.985	8.67862
25.6523	-31.2616	29.2657	18.099	-29.0185	17.8094
12.331	-36.1782	6.13269	-31.3318	23.159	-4.08452
-48.0926	-16.5151	1.81433	-41.9889	-45.1537	17.8685
21.1264	42.7061	-5.59252	6.93228	-34.3837	11.0227
-46.7315	-8.26899	44.5158	14.4154	-28.3441	17.0181
-6.01672	10.2435	-34.4111	-24.4224	2.25684	-0.493411
48.1597	-4.91195	-36.9655	-4.94247	-44.7935	11.6839
-35.3603	41.052	24.6117	4.85397	13.4968	16.1883
-36.9655	-32.7448	8.34834	37.0327	5.40941	8.11129
-43.9146	29.3664	5.41856	24.1111	-26.0857	11.529
17.5436	25.4509	-18.392	34.756	-23.3879	13.2119
-1.32908	-14.9434	31.8537	32.7357	-21.1081	3.5728
26.1834	-19.509	18.6209	-17.7267	-36.4101	-3.19326
33.6238	39.1385	-46.9481	38.049	-1.5183	15.4291
33.9595	38.0764	-38.58	32.3023	2.9252	10.9997
-26.7754	-30.1508	45.2513	9.71557	34.9086	-3.77048
-18.1692	-11.269	29.458	-40.3165	-48.2147	13.2849
-42.8465	-44.0703	-14.7908	-40.2341	-18.6972	-2.24908
33.9534	15.5721	27.9321	41.4304	32.5709	15.5087
-35.8211	4.39009	-21.7917	24.7246	-22.6951	10.3327
5.0676	29.6747	-11.0401	-8.58333	-45.819	6.82697
-27.7795	-1.14597	27.4438	14.0126	-6.11438	10.3799
15.746	-24.9504	44.5097	-22.0603	-49.5849	1.83293
-29.9005	-16.5487	24.9748	9.34935	18.395	-3.42046
-12.2974	-8.41853	-8.82748	-31.1762	26.2566	17.1309
-26.2322	48.9257	-10.921	-34.3654	13.2191	9.53207
-16.2282	46.9909	38.3236	-45.4649	-14.2048	10.283
-49.3103	34.8048	31.5729	-12.5355	-49.3164	-1.11329
9.89257	11.0065	45.4314	-43.0754	43.9055	17.8677
-28.7439	16.2862	-25.8904	49.3835	44.8759	15.598
41.876	8.211	-36.0897	2.55287	9.78881	2.91159
47.4639	19.7195	6.82546	4.71664	-29.1437	7.76641
30.6513	13.6738	16.213	-12.6728	-12.8437	5.40267
-49.9542	18.5385	-41.2992	-0.108341	45.5382	-3.04692
-11.7878	9.57518	-17.391	46.2432	-25.1335	6.90324
-22.7622	14.9037	-10.9882	-8.94345	4.74105	4.76166
-24.517	-35.8516	36.6329	30.2698	-13.4419	-3.83019
44.7111	23.3177	-24.0806	-39.9991	10.5548	1.05736
15.1082	-10.9668	-14.1133	45.2269	-49.9115	9.03134
39.1659	-45.9685	33.813	-40.6247	23.867	5.74432
49.176	39.9197	48.6877	-13.6341	10.4114	-3.19605
-10.1489	-41.7173	-1.68615	-4.47859	42.1751	14.4762
-33.1629	10.6525	40.7865	-29.2932	-45.1231	16.4872
25.8019	-43.0601	39.172	-6.59047	-5.73595	3.38563
-48.0834	-4.48164	-26.6198	-11.2506	20.922	16.3735
-35.8577	41.5891	-41.0306	-5.45518	-35.9462	-2.63045
-41.3724	20.2353	-14.4887	31.1487	44.5921	-4.00757
-21.0623	24.6757	-27.279	28.0236	48.114	6.3652
26.8975	32.3298	-36.1263	-43.8749	-22.5639	17.5667
-6.90481	35.9981	1.67089	-20.5222	-2.31788	10.5079
9.83459	-41.818	-46.6002	12.92	-49.0478	-3.95133
-19.2282	28.4509	17.333	-24.9992	18.8406	-1.10841
17.4062	39.6298	44.7386	-12.5233	14.8824	-1.11872
26.281	-20.2414	0.7828	9.89257	-33.6421	-2.77537
-5.43992	20.2078	-46.7132	-48.3184	30.5292	7.49511
21.0685	-29.281	0.477615	-2.5132	30.3674	16.0558
-38.29	22.6096	-9.51415	38.992	-24.4926	-3.18099
-45.4253	-2.64138	41.4945	4.30158	42.3154	3.17447
-37.2372	6.48976	-15.5416	0.0106815	24.2698	15.7544
30.8985	46.3958	23.0003	-13.8508	-18.9657	-4.02891
3.68511	-17.101	46.4995	-26.1956	22.0847	-2.59614
-16.921	43.2859	1.01474	-40.9665	2.63833	14.904
34.9849	49.9939	14.3086	6.94754	-18.6148	17.8423
23.6259	-17.5741	-47.0641	40.2585	12.9261	11.968
47.4242	-32.7601	45.4253	25.2709	10.6708	-4.03833
25.3075	-18.0837	21.4133	-7.72271	9.60875	15.0696
23.8456	-35.5586	-3.19681	-24.9046	-49.4446	11.6634
33.7367	-16.2008	-0.0228889	6.76443	7.11844	16.8841
33.9137	50	22.2373	-35.7173	-48.9319	10.9769
34.3135	-43.3226	14.6474	-8.53755	-18.9291	3.81569
-14.565	2.71462	-40.109	10.8844	-8.34223	-1.21483
-5.85498	-35.873	36.2423	-19.5029	-4.42671	17.4967
-32.11	-34.9605	-18.9474	11.3788	33.1172	11.9123
36.3399	-48.4191	-9.55077	-7.92718	-33.5353	6.78713
-46.2981	-33.8374	40.0052	33.5994	11.1316	6.31947
42.6084	-11.095	-21.0532	18.6361	30.2484	10.6508
-26.9463	-47.3266	16.8081	-15.8742	46.9115	9.58626
-17.3574	-1.73498	47.7142	-33.9503	-5.83056	-3.62775
-39.0469	-44.4487	-8.28425	-41.1527	-25.8934	-1.15851
-2.15308	9.62401	0.633259	-27.4468	0.0320444	-4.08262
3.66375	37.2555	44.9675	20.5588	-24.9107	-2.44077
-14.9037	31.6706	19.9423	47.8698	5.72069	5.36798
-2.3484	4.24055	-49.2431	22.0695	-3.59661	15.8902
-3.94757	16.7989	-17.4551	-9.82238	36.1904	9.34041
-9.22422	1.06357	42.3551	-30.8527	-14.6443	14.7039
-48.7884	47.467	15.4744	-23.5527	42.6176	-2.53741
14.568	-15.8193	-21.5384	-42.3215	-30.459	-1.29884
28.3319	-9.92615	-23.2109	-8.02179	-3.09915	9.47908
-48.88	-29.873	-47.7538	-13.9363	1.26194	14.0187
-15.7979	-35.6136	43.0113	-18.9932	1.23753	14.7631
20.4459	25.4265	-34.228	-0.468459	21.8925	17.7112
-30.2179	-26.455	-7.06046	-26.2902	-28.4906	-3.4099
36.8343	-22.457	-43.1578	30.2301	-20.5222	-2.24886
-36.2972	44.5463	-36.8557	-11.0187	21.5903	10.257
-21.6819	39.7214	24.9596	18.2852	-30.929	1.85795
40.7834	-45.6297	-25.3563	39.0469	-4.86312	-4.12169
-45.8861	19.9942	-29.7571	-3.11441	-28.3715	2.65254
-27.1996	-25.1213	-43.4996	-15.862	25.4631	14.9438
-46.4476	-11.1713	47.1557	-38.702	-43.2646	-0.749168
-8.8702	-27.1477	-18.0837	15.215	14.2781	16.4749
28.9666	-26.9616	-44.9339	-19.7409	-1.19785	-3.68545
-13.0634	-37.112	49.0814	-6.97501	-30.4102	5.97555
16.7928	-11.7969	-46.1791	10.7135	48.8769	13.4916
47.6714	42.0652	44.7203	-45.2391	-6.01978	6.07445
48.1201	-19.1671	15.8223	5.93738	16.9057	-3.07037
-9.6057	49.7192	-14.5375	27.8497	29.5282	14.4924
-45.0865	-13.3625	20.3116	25.3014	-35.2718	-0.929975
16.0054	5.19578	3.44707	-23.4031	7.27714	17.6812
-46.7193	-14.1346	-27.8436	23.6045	0.950652	17.1304
35.9249	-6.23035	-9.50804	-36.0866	-20.2322	13.1893
-6.88955	12.5202	-0.410474	-18.2669	17.4764	3.6167
-23.0461	8.71151	1.95776	49.3866	-2.57118	4.47505
16.8508	14.3757	-34.8659	0.758385	26.4122	9.58212
13.1642	27.9351	10.0635	-20.1956	-14.1865	17.3038
-18.7796	27.3064	24.3248	-19.0878	-42.1934	17.2584
-31.6553	19.454	48.7732	-29.5282	-46.3042	-4.11538
-22.8507	-16.9485	-0.389111	8.034	-24.2149	-0.56695
41.4731	43.6033	-28.3654	38.3206	-26.2444	17.1435
47.4639	-23.1407	15.3706	34.9208	-24.5109	7.76641
-7.20389	-36.1965	12.0441	43.4385	-8.82443	10.9137
-38.5739	42.6572	-24.102	36.7336	48.4649	4.4478
-47.1984	4.52437	-44.9217	36.404	-6.9689	-3.31425
-27.337	-18.7399	-25.1396	0.291452	-37.9147	-0.688501
42.0804	17.0644	-36.0256	7.40226	-24.6452	13.0966
-25.4021	24.1661	13.7989	39.2148	2.04932	16.81
-19.7531	43.7223	14.5314	2.13782	37.9849	9.86622
-11.8824	-46.3042	-8.02179	-26.7907	-12.093	-4.12665
-21.2577	21.1325	40.2371	21.2241	-17.9312	-0.197063
-17.9983	3.10526	22.1458	32.7723	3.2609	16.3079
17.8457	46.4782	41.8271	-33.0988	43.8017	4.72981
-49.7864	-10.8844	39.5474	12.1998	-3.63018	-4.08043
-34.4417	-41.3511	30.0714	-44.3144	33.3766	8.62921
-35.8119	47.647	16.982	-42.3856	16.5059	0.664961
-32.6502	-27.3614	12.157	-9.10825	22.5303	0.934673
-5.06149	13.2038	-10.4236	4.01471	-31.1548	9.67722
-16.5456	-38.3084	-37.3104	-3.15409	0.0686666	17.6956
-28.0938	-33.871	41.4975	29.5404	8.2873	3.72759
37.4905	21.2699	2.61086	-29.9432	-45.2727	0.129841
25.3838	32.3572	25.866	38.3236	-36.8404	2.7054
28.5394	-16.8264	5.5681	13.6128	11.4063	17.2015
-40.5759	19.631	-9.16929	-21.9993	-4.42671	17.7686
11.4093	-9.1876	24.1508	2.62001	2.4247	17.8622
35.3938	-24.7673	-18.1845	6.76748	-21.1753	14.586
28.8812	9.06858	40.2951	-7.27714	-37.3074	1.65622
24.2882	15.1814	-5.08286	10.1337	16.1946	17.8176
47.9247	37.9055	-42.2941	43.2829	-41.0184	-4.12905
22.4784	-33.4407	-18.4561	-7.88751	-47.8179	-1.29174
-28.3959	39.5688	31.5668	-5.77258	-38.6715	8.77096
31.637	45.2818	-37.5698	-8.63216	49.4781	11.1108
32.1436	-12.0838	35.0154	23.2597	1.49998	9.29298
-6.91702	23.7602	12.4775	-36.9869	34.5363	11.3224
-19.0115	17.3269	-45.0072	30.5963	1.97607	16.8561
-48.7548	-10.6647	39.0042	-16.6982	-34.817	7.25104
41.1679	0.413526	-45.2208	-35.7356	-38.6196	4.60113
13.3869	17.0858	7.4572	40.109	-43.5972	-2.20572
38.1466	30.8802	-0.685141	22.6005	11.4429	2.01745
-14.6413	42.6145	-17.1834	29.3909	28.8842	-3.64295
40.4447	42.5962	-25.1732	-35.4579	-21.3004	-3.69479
8.74203	-16.1672	-35.3908	48.9959	31.0846	8.05886
-17.0553	-28.6004	8.623	35.0551	-46.0845	0.95561
15.4836	-11.6199	10.7227	29.1437	41.9218	-2.46091
-23.6137	-26.1223	-29.1406	-14.8793	-44.0428	2.40376
-35.168	37.2921	-17.0095	25.7683	0.526444	4.43293
-11.211	-29.0979	-19.6982	45.5931	37.1883	-1.77223
46.2462	-21.1753	17.9678	-8.6108	44.0458	9.45763
-19.0451	-5.25987	2.43385	14.3818	-23.0827	15.3946
33.7672	-38.9645	42.1812	-9.28526	-23.217	16.3622
-49.1607	-0.00762963	-15.7826	49.5483	10.4389	8.91404
-25.5577	40.3897	24.7002	7.30766	-43.1028	15.6641
-46.2767	-37.0632	-23.2139	39.0439	6.05335	6.57009
-1.86316	29.2199	3.96283	-44.2106	-17.9678	-3.41424
-21.6208	-46.6613	18.8314	-45.8831	-5.67492	15.7898
-38.5678	-30.871	-47.6653	33.7764	-3.5783	-0.560989
37.1578	30.2484	-48.8495	-0.233467	34.3287	15.593
-3.77361	43.4324	-35.8058	-18.4744	40.408	12.4388
31.8751	0.953703	-30.1355	-35.1039	33.8374	14.7536
36.9442	31.7835	-17.0309	27.7093	32.3481	-4.04923
-49.3652	2.81533	-35.8394	-40.582	-13.1275	8.27079
-38.5128	26.8151	32.9951	48.9532	24.6788	3.12423
-4.59761	33.4193	-12.8956	17.9159	14.6718	12.1298
12.4592	38.0703	4.86007	22.0054	22.8629	-4.12772
-1.06662	-21.7124	36.9869	-37.8445	-41.8027	-1.87799
-20.6259	-33.9869	-28.637	-37.7956	10.9516	12.6254
25.0633	-20.8213	45.0224	-39.6847	33.7275	-4.10916
32.3237	-0.0595111	-2.7543	-16.2923	2.62001	-1.57357
20.7053	-37.1792	34.8109	11.4887	-9.41343	13.7306
14.7114	41.6196	-37.5942	47.4242	44.5189	6.17991
-36.0439	22.0481	2.78787	32.8028	-35.7295	11.4057
40.6308	43.3622	-42.526	45.0285	-47.8057	-1.39845
-7.34428	21.0776	29.3115	45.3642	-38.76	12.3639
12.6728	37.6797	45.2239	-36.4681	-30.0897	17.2954
-35.5556	-3.0015	29.339	-43.0692	6.51418	10.6649
-7.91803	-11.7542	23.693	47.8393	27.0806	8.39259
-45.0133	-37.6156	-47.2839	36.4834	-6.10523	-4.01888
26.5343	-29.0185	-10.3839	-9.39207	28.4204	9.19951
8.2049	-7.55181	9.09909	-19.5425	-35.8852	-2.33807
-15.0777	-37.7926	-3.86517	-7.74407	-25.5913	8.95249
-26.2352	16.1336	-15.9047	-4.06049	-39.581	-3.80981
-24.7032	30.6543	39.7824	11.3666	-23.9677	7.83003
-35.2046	37.0663	-6.00757	-16.216	37.3287	7.89302
44.0306	-36.3124	10.1856	29.9921	15.4927	16.1146
5.82446	-0.444044	-41.5006	8.26289	-11.8824	-0.438758
-15.6636	-31.2464	5.01267	-48.5351	25.0847	12.2765
-20.6809	-0.694296	17.3818	0.675985	-26.6564	17.2628
32.3756	40.1517	-35.6777	-7.00247	22.277	17.5747
-18.1631	31.0389	39.5932	-23.9189	38.2931	15.5902
12.1601	32.4671	25.6615	-5.77868	-37.4081	17.4385
29.8059	-22.2495	35.519	-43.643	-35.5068	-4.12336
18.8986	-3.07474	-43.9299	-1.86316	-34.0846	14.7486
-26.8242	-7.97601	46.3561	2.45521	-28.2495	-1.68503
16.4388	-21.4988	-7.63726	35.345	48.5504	5.87272
44.94	10.3992	12.1906	-23.8731	34.9452	17.8685
-19.0298	2.36061	29.0735	18.4256	-34.5088	10.2719
-41.8241	-9.2822	-25.457	-10.9821	-33.1751	-0.612445
-37.5759	-39.6146	46.7467	-6.64235	47.1557	10.0374
22.7958	-18.9718	12.1296	-32.4152	6.4684	13.4085
-30.4773	4.86618	-15.5568	-38.4915	15.0929	4.06493
-46.5484	30.6391	3.49284	-21.9016	5.57115	17.5395
26.8578	29.1986	41.6959	41.3022	-5.77868	15.8453
41.1313	-49.2523	18.8559	29.6381	-16.039	9.41268
15.038	27.5048	-40.521	46.0143	17.3177	12.4029
25.8812	37.2005	28.8873	16.8874	-6.26087	-1.35542
0.523392	38.3999	-10.6922	-24.6574	-46.1699	12.4704
-0.0686666	-7.1276	42.5504	-8.62606	-48.6999	17.87
2.45216	-44.2473	26.9036	16.3228	1.34739	17.6349
-49.1577	45.4192	12.1265	-28.2128	30.1935	7.60043
42.5657	-6.56606	-25.3166	-14.0614	-32.6289	2.98998
-13.1794	-40.7529	33.578	33.9473	18.1906	10.8957
-6.86209	-15.9505	17.7175	-13.4938	-46.2767	11.247
32.4305	1.87841	-13.0451	-28.8659	-8.67794	13.662
-10.3351	36.6329	-36.346	47.1435	48.0712	4.38064
5.90991	-43.8597	-32.6624	-1.39012	8.59249	-4.03989
22.0939	36.7458	20.8274	-46.0417	39.9564	16.9284
-48.8647	-15.9261	13.8936	4.30464	46.1608	2.1603
-26.7388	8.11945	-17.4398	-10.2771	24.1722	17.6808
-39.2239	-42.1812	15.9902	33.9747	31.3929	7.45098
48.4436	29.1009	-37.4477	-26.6289	45.0346	2.791
-45.2452	-9.72167	23.1834	-44.583	-32.2382	11.8035
47.8637	-26.6808	-1.72887	-26.3146	-16.1122	11.9965
32.1711	35.9706	-27.2698	-14.3147	23.9341	12.4705
-12.6301	-16.0329	19.1305	31.7011	11.0614	0.933713
-41.9492	3.01981	36.8221	-0.23957	-43.4843	-3.96845
-16.3564	-42.3154	-23.5221	25.8263	25.1976	6.73125
41.0428	33.0409	44.2473	-18.4133	8.98618	-3.55503
1.64953	-30.2789	-34.6339	14.7359	0.0503555	12.4941
-33.1721	-20.6717	10.3107	40.9787	40.9818	2.70353
26.4336	-20.7327	46.4629	-42.0408	-36.3308	-0.439688
37.5942	-42.3338	-23.0552	15.511	-44.1313	-4.12919
-19.158	-24.868	12.5324	5.89465	-39.9503	14.9698
-7.92718	-29.1192	-15.2181	17.2506	-28.1121	9.49093
-21.8345	19.7897	-49.5819	31.4417	1.43895	17.2537
6.8865	30.2911	32.6014	-17.1438	-13.741	10.1337
-13.6525	-13.2282	38.6593	7.85699	22.7134	14.2781
-30.2759	27.1172	-9.92004	-45.4711	-25.0511	2.65502
1.02695	24.7917	5.4857	-16.4235	10.4083	7.12947
31.7103	-42.9075	-20.9647	-28.985	15.3615	13.1098
-9.63927	-15.4195	-35.6777	27.6879	10.445	-1.9425
-48.2299	-15.4744	-10.5548	-5.03098	-21.9413	0.132044
-1.6953	-26.4824	-43.4202	-18.3889	32.8425	-1.75293
3.27311	-39.6115	11.4765	-42.1628	-30.9351	0.421263
-13.0696	21.2302	-22.924	16.0634	-18.7704	13.9018
-15.7826	-4.83261	6.44398	-21.3309	-21.4652	6.42122
-24.8589	9.16623	48.2025	19.8477	-47.5219	4.66206
20.397	43.5698	-29.809	21.1936	-32.2932	5.49651
3.19681	0.883511	-42.3734	1.21311	-10.7044	-2.29331
37.6339	-2.4247	24.7246	6.8804	-33.9534	5.61285
32.3237	-29.9127	-6.73086	25.5699	39.285	-1.57357
-32.2016	18.749	-29.9524	12.8315	17.0339	17.7413
-11.037	23.0186	10.918	8.22016	-10.2832	16.3856
5.83972	-16.8081	1.26804	-35.2443	-33.1935	12.9181
-3.86822	12.6026	-32.7967	-10.622	20.9159	-1.91533
14.0919	-24.7581	7.59758	-0.410474	-2.96487	15.8472
12.6942	6.90176	-44.821	4.29853	-34.9239	11.0472
38.3908	-38.5922	-16.2648	31.8323	24.691	-0.907318
37.5454	-33.9534	5.28123	-14.4429	-15.8681	-3.00738
20.159	16.9881	-38.6715	25.1366	-10.7349	11.9057
42.0988	-37.6583	-27.8405	-39.3307	2.34535	14.1381
22.4754	-23.629	-27.4651	-41.7081	-15.1143	17.0832
-16.274	10.6677	31.4722	-1.87231	-40.8444	-3.86191
-1.5183	47.0061	-49.2706	-4.67391	33.2301	17.7071
37.402	22.3838	-28.4234	-28.3319	-1.93945	7.72399
-20.1529	-21.3095	18.2516	35.2107	-4.28327	5.79587
-24.8894	18.9871	-3.19376	18.1539	-9.7766	15.8263
14.0889	27.102	-30.2698	40.3348	-47.4609	17.8611
35.4427	3.5081	-27.0348	21.6971	19.9728	-2.73602
-5.56505	5.11338	-4.95468	36.8343	-5.74816	2.21001
-28.9544	-48.7304	-44.5036	27.9992	45.3276	15.3214
-32.2871	-9.14182	-39.7885	-43.3683	41.3907	1.66635
-47.29	9.0289	-41.9553	40.6522	3.23038	14.8797
36.2117	-30.6177	40.6552	-36.9198	-8.67489	-3.9928
-42.7488	45.7366	-43.1883	38.1008	-31.5973	16.2195
-48.178	38.0886	41.1618	-17.9617	-47.9827	-4.09577
-14.5344	41.2503	-3.30363	38.4671	9.29441	16.5416
-2.97403	17.3116	3.62102	-39.639	21.5964	5.57982
-41.8821	-5.91296	-19.0573	-8.09198	26.9921	5.97363
20.101	-11.1713	-40.875	6.83462	-26.2139	4.3849
35.0185	38.0673	-0.285348	-40.6339	25.6523	17.5931
3.91705	49.2615	-11.6199	48.8281	-25.7347	12.9394
7.04825	43.0662	-3.07169	4.63424	-41.4701	15.9545
-38.9492	25.0816	-24.4163	-25.8232	44.4517	1.03355
36.3826	-0.431837	1.43895	46.4934	34.4783	7.24504
25.6401	-36.877	38.8089	34.1945	-29.8822	3.50602
-22.103	12.5416	-29.2383	-48.6236	-31.5729	-4.1299
16.3198	-1.66784	-43.1578	-27.1111	-15.6789	-4.12303
18.3309	20.3421	25.3807	-42.5413	28.3746	11.706
37.9513	20.9311	-49.1119	32.281	0.416578	10.9849
30.7001	-29.104	1.8479	-29.6747	-17.0034	15.2982
34.3654	31.0175	-17.8884	-24.2546	-6.12964	-4.09381
-26.9585	-6.95364	36.0103	21.5842	1.30161	11.7263
-36.6787	-7.77154	-44.9156	-15.6514	-6.61184	-4.12793
-25.2373	-41.7783	15.8589	-3.40434	10.3992	0.156214
0.114444	-9.91394	35.3603	26.4	5.46129	17.8694
-36.5658	-1.1063	29.7662	-20.7327	-7.17948	3.37706
-49.3072	-22.6676	-40.9024	-8.6169	23.8578	17.8623
2.28431	-1.99744	-7.7868	-7.61589	12.74	4.53008
31.2159	-39.2636	-3.4196	28.0694	29.7998	3.15969
46.3286	-49.3133	-31.521	-5.70544	13.802	8.21354
10.8692	-36.404	-8.43989	45.4619	31.6523	-3.16494
-4.43281	-12.1174	-45.7884	-10.9943	42.4039	8.26325
-18.4957	-1.50914	-1.88452	37.112	-12.2883	4.1561
39.5322	4.02081	8.29035	-20.452	31.6767	9.85995
-26.7663	17.7847	37.3592	-13.6952	-35.5495	15.3352
-38.9645	10.2039	0.0106815	6.49892	45.764	-1.85794
42.3612	-12.328	-38.3847	14.5833	-32.046	16.6563
11.034	2.24158	27.1905	26.8853	43.4111	10.3113
-20.629	-32.2504	5.17136	-38.8424	10.6616	0.128695
-6.8865	-47.1557	2.53151	-33.6238	-12.5599	10.1337
-17.5161	-15.4805	-18.6728	38.9584	1.55797	17.8182
18.3615	-29.1284	4.33515	-18.3248	14.275	4.66111
-20.7938	-23.5374	17.8762	16.1061	37.933	2.37355
21.099	-18.923	-43.5484	-36.8282	-1.854	16.6434
16.8294	-27.0592	-30.7642	33.0866	-6.54469	14.6938
-23.7327	27.0318	-45.7518	-47.2381	10.5884	-2.80929
45.3307	-38.461	-33.5994	-3.04117	3.0137	10.839
42.1995	-49.0081	0.383007	10.3992	-0.697348	8.46536
45.2239	11.1164	27.8161	8.54976	1.92114	4.89475
-19.1336	19.5273	-30.9931	-1.65868	4.4969	8.66622
-28.8934	-36.5596	17.7023	-12.1448	48.468	12.5824
-6.20289	5.17136	-7.6281	26.5404	7.56096	-0.908843
-48.6389	-2.97708	-34.1029	-19.4906	6.51723	-2.04356
-31.6645	-34.7316	-28.4204	-21.5445	-21.0196	12.0683
-31.7957	15.3951	17.4642	-34.3471	-48.0346	5.75713
-31.8781	41.2015	-33.1599	-23.2658	-27.6971	-2.69627
2.77261	31.0724	23.339	-43.7956	-44.8881	-3.98579
36.3186	-2.44606	33.4132	14.7542	11.156	-2.67726
29.1437	18.2058	-21.8467	-1.71056	43.7346	3.55459
22.4082	-6.32191	-48.8861	35.699	49.295	1.50995
42.3734	3.88348	20.1041	-49.8108	30.6574	-3.17301
6.1388	-8.08893	-40.5942	48.0438	-37.9574	10.2512
-29.4824	-26.9066	-6.9689	-34.7957	-42.2269	14.5103
-12.3035	20.2963	-30.3766	-12.3829	-36.4284	14.4342
12.27	-12.569	-4.59761	29.4702	28.283	-0.431679
-46.0387	-14.8885	-6.59658	34.3562	-49.1119	-4.11523
22.5303	-24.3461	-33.2118	27.9473	32.522	16.2757
29.4061	32.6716	13.9393	28.5394	-35.2474	9.37001
0.398267	-42.3917	-47.5372	41.6257	-16.6005	16.7425
-10.9516	-47.0367	47.29	-29.8883	42.1964	-2.99955
-19.5975	24.0501	3.40739	29.1314	26.5221	10.0541
-37.2402	-37.4874	6.74001	-13.0696	27.8069	-4.11236
-49.3622	26.3756	-25.3868	29.107	41.3816	-3.41339
7.15812	-37.4844	6.86819	-12.9902	23.5557	17.5061
-16.6463	44.6318	41.8516	47.8057	-35.2168	9.18789
-23.7449	3.78277	37.8842	28.0663	2.48878	1.78507
27.0501	11.5711	28.28	-17.2628	9.48057	3.38016
-2.68105	-35.6838	17.6229	7.23746	2.44911	11.8323
36.7153	-11.9648	-19.7439	-10.5914	-18.569	6.59851
-33.7855	21.4408	0.618	-42.233	-35.464	10.3758
-27.2027	22.6066	18.4927	37.6431	-18.3981	16.2976
30.0165	40.3195	3.47453	-0.282296	0.108341	14.1791
42.8739	-1.06967	-20.7846	38.4243	-25.7683	-2.64184
35.6594	-32.577	6.17237	-8.76034	-28.2891	17.5491
-45.526	-9.96277	12.6148	-35.3511	-23.455	1.67948
4.95773	-26.9189	21.6758	27.8985	-29.4427	8.98444
-43.4202	12.4958	-15.2089	-48.1597	36.7153	-0.675671
-39.4955	-5.51622	4.75326	2.52846	-22.1	11.3825
32.3572	17.2567	-2.20191	-39.6359	-19.6524	11.4202
-13.4571	-48.114	6.95669	29.809	23.0064	7.00487
30.3583	-19.1824	-38.1375	21.5842	-16.5975	14.2268
-23.6778	8.47957	-8.88546	20.2933	8.30256	17.8132
47.2961	-17.6626	-12.1113	-11.0492	33.3613	17.8608
5.13474	-18.5995	8.07672	20.9464	-24.3461	8.97756
-34.5058	-17.7297	-21.5171	-16.0237	33.8832	13.1441
-11.33	49.8077	22.8538	-14.5161	48.9044	-2.59846
-35.1863	-31.7469	45.3673	-21.1539	-47.3296	16.94
-47.7142	8.47957	-30.1447	-39.349	19.097	8.504
34.4172	17.04	31.8079	4.43892	-28.7591	2.31
-39.7641	44.5097	29.4794	36.5627	-46.6796	13.3715
-32.9279	49.4903	33.9381	27.4499	30.5078	16.7515
48.0529	32.7906	-36.1446	-27.4285	17.394	-4.12422
-10.1093	41.8943	-43.7407	15.4775	40.5881	11.5439
-22.1641	15.7918	40.4721	37.8719	20.1773	5.04087
33.285	13.2405	-32.5678	16.9546	-0.767541	16.3747
8.46431	16.8264	20.8121	-40.1395	24.9962	10.4725
26.8303	47.3479	4.56404	36.1354	3.18766	8.4295
-47.5768	-3.54472	10.3839	16.8142	44.0519	17.8481
-0.740074	43.3378	-29.397	-5.55284	3.5844	-3.88617
-8.64437	-39.0316	-32.0521	5.73595	47.586	4.15147
12.2211	30.3369	42.2208	-48.9868	11.9434	-0.0226849
-44.763	32.992	-30.8527	25.4479	-6.74306	9.4411
36.6726	44.937	17.4673	19.3716	-29.2505	13.0483
48.6145	-40.7895	24.3126	-0.00762963	24.9992	15.2586
48.8708	-34.4935	46.1058	-23.0277	23.7388	-0.258847
43.2127	21.8497	-24.3004	-7.91803	17.4734	11.0895
42.6542	38.2076	-37.1883	31.5119	18.9261	-1.98346
-36.993	1.17649	-42.7885	-17.864	-35.6563	15.3859
-11.4673	28.2861	47.8149	-4.32905	14.3574	11.3477
-23.2566	-31.4142	3.05643	-21.4072	38.3511	0.941239
-19.6066	-0.950652	32.4915	42.6054	-5.03403	17.1197
-2.2721	36.0408	-47.0428	41.7417	1.4481	-4.12825
-39.8801	-27.1874	12.3035	-19.9637	11.5375	3.86114
-16.9973	10.4999	32.9402	8.98007	26.3146	-0.568097
-38.6654	-24.9626	-11.861	4.72274	-18.215	15.5431
36.7	-35.9981	4.93942	-33.3491	18.7277	8.08566
28.5455	17.9037	-7.42973	-7.18253	11.8488	8.84838
-32.1497	-6.66982	-11.8641	-15.1296	16.5792	-3.36544
9.57518	-45.3429	31.9117	-41.4914	-33.9198	11.4335
43.8993	-29.0765	-27.7612	-20.3391	-2.35145	5.52164
49.8383	44.116	-49.1119	-14.6687	-3.05338	14.696
29.5343	42.7183	-19.3655	-46.4568	-32.4458	16.6233
-0.852992	18.0166	-33.0988	14.4612	7.05435	4.41361
19.7073	-28.2708	11.8763	-45.6969	33.874	5.04824
38.2321	-44.9034	-12.7064	-25.4875	14.8946	-3.82423
-22.7744	21.0044	3.7431	44.1221	14.7725	-3.22578
4.75631	47.1007	-21.1509	-29.6991	-3.27921	11.1579
-17.5405	-21.7368	37.7956	-49.6429	-6.76443	16.1678
10.7379	6.31581	-34.0938	26.4367	42.1323	2.96345
7.63726	10.0024	46.2462	37.5546	23.4336	-2.39505
-43.3714	23.7327	-45.2635	17.6565	-47.5494	16.9024
-46.6765	-42.8587	9.74609	-40.289	36.6451	-2.83204
24.9016	-45.7213	-20.2475	24.3828	-8.25983	17.7863
42.7	10.3748	-43.2249	-13.9821	-7.28019	8.88112
40.0876	-6.6332	3.96588	41.0703	32.3817	17.8388
-27.3797	-6.68508	5.17441	3.19376	-7.91803	17.7393
-24.6483	29.4061	44.6623	49.6307	-16.3717	3.64315
-18.4713	-1.75329	36.5261	47.3571	14.977	16.3818
30.4712	22.805	-2.33314	-37.4416	14.2445	5.03749
25.7195	24.868	-22.7561	-30.9717	1.76855	16.9281
-35.2351	-14.3635	-37.0998	-46.9726	42.2422	16.4462
-30.2118	29.6503	-11.6626	-49.8352	42.9319	2.06508
4.04218	29.9982	-8.20185	34.7926	28.3837	17.8694
6.61184	-35.2229	-47.8942	33.4895	22.6768	-1.95959
14.8518	29.9615	47.177	45.5504	37.4416	-0.728141
39.5413	33.4529	0.440992	-44.7966	-31.9971	-1.57915
15.4775	14.0339	49.6918	36.0103	-14.5741	-0.233367
-2.65969	-24.807	-31.4264	-45.587	8.47041	0.383917
33.0256	-15.099	45.5748	-14.1041	34.1823	2.62377
22.7256	-16.5883	-7.15201	28.6798	-37.0846	2.01588
-17.3879	-36.5413	29.577	-30.1447	-10.6616	7.01063
-8.67489	9.87121	13.2771	-21.7795	-48.9776	10.9185
0.358592	-12.8254	-41.8577	-6.69118	-33.4101	17.2644
-8.58333	-10.0848	4.54878	-6.91397	-8.34834	0.731306
-30.99	-28.9666	-47.1526	23.1956	-23.5527	15.0298
38.8089	-9.58739	-45.5412	-49.0204	9.63012	14.9507
-3.55693	-24.4011	-14.3147	-36.3124	2.10425	9.11845
27.9504	2.10425	49.7101	-28.7652	39.9411	15.2961
5.02182	33.0531	18.5537	-14.9281	-28.9239	5.33228
42.4528	31.9086	27.5658	-25.753	6.03198	3.12046
26.7968	-28.637	1.38707	17.1651	11.2262	-3.66383
-21.9443	-39.053	20.8823	-10.9668	-30.6207	8.81665
37.9482	-38.6258	-20.1804	-20.0735	-1.60375	17.8121
-18.7033	-16.3747	-24.3492	-3.76141	13.4053	-3.72404
-31.5699	3.8377	-14.0522	-44.76	8.64132	3.19155
-9.86206	-6.05029	-32.5617	-47.3144	48.294	5.1469
-48.0865	-13.7226	47.8393	18.1906	45.1262	5.14031
-8.87326	0.3708	-2.15613	-21.0227	17.3971	16.1661
-0.791955	-15.0166	16.7989	-44.3693	-18.8253	-3.03677
-6.20594	-7.94244	27.3431	-34.0297	-37.5057	17.6682
48.1323	-21.7704	38.9828	17.394	8.71761	17.6331
-20.5649	10.1001	8.9404	32.0582	-22.6188	9.45093
26.6167	-14.4459	-47.9492	-17.0827	-31.6553	15.2696
20.7236	-40.5728	40.3104	3.11747	-40.9482	5.76635
26.0765	-33.2392	30.7306	-3.09305	25.6462	1.73372
3.06864	-6.49586	-36.7794	-46.3927	-33.993	6.85433
-18.4225	16.1519	-0.199896	43.1455	11.0401	-3.45486
21.157	-23.3207	20.6015	3.03507	26.1711	4.9619
-43.6735	-15.4897	41.998	-0.566118	19.4082	-3.17075
-13.3076	41.0733	45.6938	-30.8741	15.2211	10.1053
-7.07266	-33.7062	13.393	-39.5016	34.0114	15.5147
-21.102	-31.7774	17.4764	0.422681	-37.6461	-1.39388
-14.391	14.6107	3.52336	42.3978	-41.11	-4.12077
10.2161	3.37687	-16.1916	8.80001	46.8261	15.8799
8.17133	4.64644	3.30363	4.17951	-22.2373	11.7047
-21.8619	14.3544	41.4762	-40.5942	37.9421	2.57911
-35.3267	-30.5017	33.8923	-47.6928	-32.2871	1.74115
43.2646	0.0900296	-17.156	13.8905	15.7765	17.7225
-23.8273	-6.53554	6.25172	43.5789	45.5016	5.97148
25.1457	-1.33518	-15.3554	25.3929	2.15003	9.01791
39.6756	-20.6778	-13.1367	-14.6901	-24.8405	12.7941
-45.1323	3.46538	38.0032	12.8956	44.2656	10.9577
-42.642	20.4489	2.14698	-40.0876	-19.2831	6.91418
-22.045	31.4478	12.8346	-39.3674	38.7478	17.6153
-2.36366	18.0105	-14.3757	-13.0543	49.35	10.5689
-23.5313	-38.171	26.4336	-41.9858	-25.2403	6.32748
-22.8904	1.1063	19.5242	-7.55791	41.0886	5.53614
-12.7705	39.697	-41.8119	-20.7083	23.4855	-4.11159
6.65761	45.1842	9.55687	-5.69018	3.2548	-3.40626
46.3439	-21.2577	32.2321	-37.3806	20.1163	1.66251
-12.0655	-45.2696	20.0674	47.351	-15.7277	14.5473
1.31993	-35.6624	-10.0269	47.4639	-13.5792	0.188412
41.4579	-7.98822	49.1852	33.7306	14.1896	-4.09695
13.6402	13.4449	7.60063	30.3308	38.873	4.48283
-43.9604	7.16422	2.89163	47.4761	31.2647	15.4949
38.7509	-44.6806	-8.19269	-36.0714	32.2474	16.196
34.8994	-30.8679	-5.09201	17.0614	47.4212	11.8129
30.0897	18.2333	23.2322	16.2862	13.8966	8.07516
37.9666	23.4001	19.1366	-49.0295	22.8843	16.2018
-18.804	5.14389	23.516	-12.8376	21.7338	11.287
46.118	24.7703	-24.8527	-10.2496	24.4713	16.7205
7.51518	-21.6391	11.1133	11.2995	-37.5607	-2.09486
-37.1334	23.2444	37.5576	17.04	35.0887	-1.85242
-9.88952	11.5558	-4.35652	24.2485	-32.5465	17.7071
-14.1255	31.1762	9.53856	33.7733	26.8151	12.4048
-30.6604	-29.8883	-47.1923	-10.5152	-44.2228	17.7195
-13.9027	-16.924	-48.2788	46.8688	-31.3349	14.8214
0.0808741	9.90173	34.7987	47.3632	46.881	17.8699
-10.2252	27.5048	-7.23441	-21.4194	-24.4957	9.98315
-25.8843	2.64443	16.3869	9.95666	-23.4428	1.77004
29.6899	-23.1223	-30.575	-22.1305	-21.0044	8.95447
-7.91803	-34.1151	-32.0521	-46.6094	-14.0065	8.39259
-20.0735	-2.72988	-25.277	23.1925	-22.5517	-3.69761
39.2727	-40.7254	-4.89364	13.3045	-8.05231	15.8413
-24.6055	-40.3562	-25.0511	-40.6125	-38.5372	13.0634
-0.248726	-30.7245	3.76751	32.3664	16.5181	17.802
5.73901	8.50398	-47.4548	22.5272	-21.1295	-4.12545
43.1639	3.79192	-49.0173	3.36772	-29.2627	8.83583
25.8721	46.3042	4.81429	-12.0411	-41.8577	-3.6421
-48.2238	19.219	39.2117	-39.7153	-40.0876	-0.202704
4.43281	-5.28733	40.2219	41.1344	16.6494	8.26325
33.6085	-32.5831	16.3686	-44.9736	22.5211	-0.437587
-0.331126	-10.741	27.633	30.2759	1.43895	17.4932
3.54778	41.7783	-30.636	-18.0044	41.2717	-1.33187
-28.0999	4.79293	31.3257	27.4163	8.1225	1.11739
20.9372	-17.9128	-43.3561	38.58	-12.9597	6.25114
-24.3767	7.71355	-31.3379	11.9617	-39.7794	15.9417
-38.8058	30.3308	28.7957	-0.279244	-13.8295	6.6928
-15.4622	0.0228889	20.5893	11.4917	-30.0012	7.25198
-16.213	-24.3889	47.2106	1.32908	-48.0926	17.1166
-47.702	-28.1549	-30.2515	0.306711	4.1551	2.7388
-48.8739	49.4446	42.4162	32.9066	3.7431	10.347
-37.3012	26.2474	-0.154118	-20.1651	6.99637	10.2896
-34.3104	-5.58947	-32.2016	-2.92825	26.7144	15.4145
38.0856	-4.97299	25.222	-40.9391	-48.2025	10.0031
38.2229	-7.17338	14.0889	-35.0703	8.90378	0.346128
16.3472	39.3582	-5.97095	29.754	-39.1903	10.3504
-9.39512	-30.6177	-32.6289	3.99335	-48.2635	6.30977
37.5759	37.1364	-15.6178	3.43486	18.1356	10.0374
45.7366	36.0561	31.0266	42.4192	-12.9536	3.73178
-36.4223	12.2578	-47.1618	-43.0815	-39.8984	7.31313
-24.4652	-9.41954	2.57424	21.7246	-30.6543	15.284
49.8901	-27.8436	-38.7387	33.3918	27.1294	10.7091
-19.8508	-25.4051	12.1418	42.6603	-45.8068	17.8339
-37.3806	1.36876	-36.3033	-20.9891	-37.9513	14.29
-31.6675	6.29444	3.0015	-11.9068	36.2148	5.88243
44.5067	23.162	42.1781	-26.5679	4.95468	4.09376
13.9698	-12.157	-21.5262	-25.1457	15.8071	14.0555
47.9247	0.852992	1.6068	48.6145	26.1467	-4.12905
-11.1774	12.1723	-33.6787	6.24866	4.4908	14.5006
30.2606	17.7786	31.7957	-3.09915	19.5059	-3.00386
29.696	19.7501	-26.1986	30.755	-22.6615	10.0632
10.9882	-37.3775	-18.45	-41.5067	10.8264	-0.105284
1.37791	46.0173	36.4101	22.7256	-49.9725	17.8466
-16.8416	-32.6991	28.2922	-36.9747	-18.1753	11.5619
-21.9596	16.6799	13.5884	-49.649	9.682	12.6294
16.5334	10.3504	29.0826	-7.58232	33.6085	-4.12994
-2.94961	-46.1516	-32.3756	47.1557	-24.1813	-3.94342
48.5717	22.5822	-31.7621	44.7569	-24.9321	12.684
-46.4873	13.1001	-9.64232	18.2302	22.6096	15.9879
-5.34837	25.4784	34.6583	24.5598	-14.6931	17.4428
13.4144	42.9136	28.3349	-45.8251	-31.2586	-1.0241
-16.509	9.7644	31.8476	-24.453	26.6503	-4.12629
40.5484	5.78478	13.6555	-43.7986	49.3713	17.7587
-0.437941	33.4956	7.42668	20.687	38.9737	15.9033
-29.7693	-12.8071	46.8261	-41.7966	37.759	2.20348
-45.5626	-0.944548	49.1638	-6.77053	-10.857	16.0744
33.2148	7.08487	12.685	27.8619	-4.48164	10.4875
-24.4194	-31.5271	-5.96484	44.232	44.2015	3.56793
49.0326	1.11545	-47.2869	1.66478	11.681	-0.495983
-43.3287	9.62096	-2.1073	9.05637	45.6267	7.60076
-18.2638	17.9373	-20.2048	20.6778	-44.8576	8.54431
20.9708	44.0977	-21.8955	20.3604	47.409	13.7938
-5.19272	47.0305	17.0156	47.3571	24.63	14.9795
-29.7082	3.73699	33.4529	-19.9118	5.05844	17.7261
-31.1335	11.2415	-17.1224	21.2516	47.5951	13.8122
-9.77966	9.22117	25.985	-38.8058	28.6981	4.14966
-32.1375	-7.89972	43.9421	15.5141	-32.6807	17.7894
18.9108	-26.6747	41.8485	13.0024	3.30973	17.037
-30.7337	-33.8282	24.865	49.3561	-22.1519	8.13465
25.4875	16.1702	-5.55284	5.26292	-4.01776	17.2039
24.0257	-19.747	17.5863	-43.7712	32.2871	4.03499
46.4568	-28.0084	-43.9543	-22.5089	-24.5109	-3.0635
-4.96078	44.1496	-21.6025	-33.5963	-26.3695	-4.02811
-42.3032	-20.1956	-34.1029	-25.6584	26.9219	9.04262
-48.7579	34.7713	-43.3622	-2.13477	31.1823	10.245
-22.2129	-4.28327	26.458	-42.6542	15.1967	4.26823
-19.5151	46.9817	-26.162	23.9463	2.42164	17.8515
-31.9422	-44.4182	26.7541	0.834681	-0.636311	13.9305
40.8322	-42.8312	-19.7867	-37.9574	12.2639	10.3564
-21.2821	-34.7346	-13.8813	17.3727	-13.7226	8.1537
9.28831	47.8912	-31.2922	-32.1802	21.4652	16.5304
-49.4873	14.6596	-45.3887	28.7469	0.883511	4.21751
21.334	38.0306	37.9299	-14.1133	-43.7834	16.3355
-18.9261	13.5365	1.24973	14.2201	2.79702	9.65716
37.1731	36.0164	-23.2933	-36.3765	-36.0866	0.71888
-34.1945	44.1954	29.8486	41.4304	-41.9736	10.0915
33.2667	45.3063	7.39311	42.0866	-21.5934	16.1109
-11.5741	30.8588	47.7844	29.3329	42.7549	14.6732
13.1977	-35.0063	-15.5782	-40.936	14.2384	11.2237
27.7642	-49.0326	37.2219	19.219	-24.0593	11.9273
-27.2332	5.85803	12.1815	-2.53151	15.7094	17.5301
28.0847	-28.5424	4.48164	-47.9583	11.2262	8.03559
-47.1709	46.2981	33.8618	48.8647	-23.9982	1.04823
12.4622	-3.52031	-26.8334	-19.9423	28.9483	14.2706
-17.6565	45.7427	-36.5535	0.65157	26.0308	15.6957
-34.9544	-25.8141	3.30363	-8.96786	18.572	12.9805
-34.1273	-22.103	-1.06967	-42.1628	-14.8366	5.45558
30.8222	41.5555	24.395	6.29139	-7.25578	0.171771
16.7959	4.90585	-21.7032	39.4345	-21.3492	14.9525
43.466	0.590533	27.5994	42.1903	-10.7349	-1.28115
-7.57012	48.9196	33.9808	7.74712	-27.9992	10.9044
-44.6562	28.7011	33.346	10.6647	-41.1863	4.13914
-37.5423	-8.04621	-21.9565	-41.4884	-36.4711	4.99334
-28.7408	43.5484	-1.20701	-8.91598	-32.9615	-2.06076
49.9756	10.8936	22.5547	-16.4327	24.7917	2.09799
41.5586	-19.7378	16.2404	44.7569	21.6971	-4.08625
37.9208	-5.45213	19.4662	-21.7734	-2.35755	-3.0131
13.5578	9.48973	42.1842	-21.8955	31.9514	2.18952
44.6959	-43.762	4.43892	-35.1894	-41.6166	16.8047
34.8048	40.521	49.2737	2.88553	-20.2719	14.7595
-45.7396	11.1225	-37.7956	4.85092	-43.4477	1.24621
10.5213	27.398	-27.5781	4.43892	-5.05234	11.9212
-49.7803	-5.41246	9.18455	37.4844	40.7743	5.87429
3.03201	39.8618	-11.4093	24.6666	39.8984	16.7048
-36.9625	19.4815	25.4265	-26.8609	9.2822	12.6083
-14.7847	-12.3127	-10.5884	6.97195	-14.3513	5.8554
6.84988	-32.403	-25.8232	-47.6379	-19.2038	12.4292
-13.8356	9.15098	39.6939	49.3194	-32.5953	-3.80449
-29.9463	47.9736	36.8374	11.7267	-15.3737	17.1625
-42.8465	-35.9066	25.1122	-19.7195	-1.1185	-2.24908
44.4121	-7.14896	-24.5842	45.1842	30.1233	12.9268
2.70547	22.4204	41.8638	24.8589	-29.4	9.39529
43.0906	-35.2077	27.2454	-28.0084	47.055	-4.12865
27.1233	21.6971	32.0063	-26.1773	15.6392	10.9937
-18.1082	-22.4967	49.1089	-15.6758	2.57424	-3.99522
4.19172	-3.99945	-16.7257	25.2953	-38.1222	6.79811
-8.30866	-48.8983	-26.2719	11.0309	10.2863	17.837
48.9227	-35.815	-46.2554	42.4162	-35.9249	12.9442
6.93838	-7.73492	32.1955	-38.2748	-36.0012	0.0929866
18.1356	22.2221	12.3737	-21.0318	-14.8274	1.15652
47.1801	-26.458	44.5769	-30.6513	-33.285	2.06025
-46.3652	23.5374	-31.3135	-21.7978	36.1843	9.66068
-11.6352	46.3622	-0.0106815	-7.4633	-4.24665	-4.12998
-29.9585	-34.1853	-38.8119	-38.8668	-49.295	14.0846
20.9525	21.8039	49.0875	33.9259	-39.2575	-0.519888
42.0988	45.1628	46.8719	2.15613	25.7225	14.1381
24.807	-45.9075	28.9544	39.2087	-15.0533	5.3196
25.1885	1.13071	46.1669	-46.0601	-32.458	10.2241
-30.7642	26.8395	45.4161	27.2179	-15.7949	12.8601
11.1042	-28.2678	11.1286	43.2981	3.10831	-4.10624
-17.3879	33.6451	-37.1639	25.6096	44.5891	7.01063
40.7132	18.3035	-37.817	26.9127	14.6687	12.9627
42.4436	25.3929	9.52635	12.8071	21.9962	0.0298808
29.0643	-21.279	42.8983	-16.2801	-7.20084	4.74514
26.1406	28.7103	10.2496	-43.173	16.689	-4.0624
-31.2708	-23.5099	35.342	41.052	41.1435	-2.59269
47.1496	-13.5853	18.3889	-41.7508	26.0063	2.18083
26.6961	-35.1466	23.4031	-2.42164	-31.1182	6.59558
-6.45314	-6.37684	-48.2055	10.2374	-38.4335	8.74343
0.993377	32.2962	-49.8321	29.7296	35.9798	14.5012
-1.01474	-34.9574	-49.3927	45.7701	45.4985	10.1157
18.3676	-49.4537	-49.1974	-37.878	34.4142	-1.52969
21.2149	32.5739	-15.0838	13.4877	-13.6372	14.7692
-4.1612	21.5201	16.8813	-40.5789	-41.6166	16.2061
-5.60472	-0.282296	-42.5016	-28.5485	-7.93939	-2.36228
19.7378	-12.4958	23.9494	-31.048	0.199896	6.4295
-30.0745	33.5597	-15.4561	-24.9687	15.9413	-3.2449
-22.0756	22.3685	-5.71154	23.4794	-31.0236	7.83553
-20.4886	18.1143	7.84783	23.5313	-32.7296	11.1127
-22.692	32.5556	33.346	13.564	28.6157	-3.33826
-44.0489	-12.328	7.70135	-17.159	-40.6827	-4.1196
-48.4954	-21.7978	33.99	-27.9717	-47.409	-3.46199
44.2015	-32.5312	-40.6034	-19.6158	31.1487	14.5449
-24.4743	-11.1347	-49.9939	-8.623	-41.9462	17.5924
40.1028	34.402	20.1804	36.8557	-25.2892	3.16801
17.7511	8.00348	-38.4976	31.109	-26.6625	6.17603
19.4449	34.9666	-39.7702	18.9108	39.5749	17.0952
37.0266	-32.3206	-47.2533	-21.691	-26.2719	-0.927358
-22.0481	23.4764	-26.6045	30.9015	-13.6494	16.2908
36.8404	-17.333	-40.0937	14.2262	-47.5311	17.8691
6.16321	-26.2444	33.1538	-26.1406	28.7805	-1.56417
-18.3248	-26.3176	-15.4073	24.0349	40.3134	6.50043
-15.7064	34.0022	9.5996	49.6307	-43.8322	-3.67912
25.3655	-4.78683	-28.3319	-20.6168	9.7766	-1.5208
13.5975	0.300607	46.2218	38.7722	-24.9779	16.7844
-39.9472	-32.8822	-21.0837	36.0988	-37.817	17.2319
15.0014	41.3907	23.4855	-3.90179	-36.5047	0.201568
29.7632	3.09305	-15.7552	34.7652	-40.9604	0.446172
35.406	-21.395	22.512	49.1516	7.58538	16.9734
26.928	5.80309	45.9288	-17.0583	-13.2038	0.770822
19.3625	-27.1905	-41.5891	15.688	-4.10016	17.5841
-33.7245	-29.3176	15.1082	46.1608	-1.75329	14.7894
41.5616	-43.0082	-7.71355	38.4732	3.23344	2.35305
-29.574	20.1224	-39.8648	-5.9801	16.8508	3.58234
-33.9106	41.7081	-34.7133	31.872	4.27412	16.7255
-31.7774	-9.91089	-38.1924	49.295	-14.8854	-1.96572
14.2109	-26.9402	40.6644	7.69219	40.2127	-1.20668
-37.5118	24.1844	39.4162	-14.8915	46.8688	0.00349598
-3.94147	2.07678	2.30873	-40.4111	25.3075	-3.75301
31.048	8.41853	32.696	20.1437	38.6471	4.49668
5.59557	-7.59453	-46.0875	-1.17344	39.9777	-2.01785
46.234	16.2313	-43.7193	-13.0787	-10.1581	2.46668
4.93027	13.0665	3.59661	11.7328	24.4652	15.8333
-4.10627	39.5962	23.9341	6.3921	-42.7702	1.62272
46.1638	-3.23344	17.5192	13.2893	-25.2953	-4.09344
25.8599	-28.5913	-27.9321	5.18052	9.49583	6.30444
8.80001	-45.4344	-5.03708	-35.5495	-37.3867	12.3835
-37.7407	-11.1133	-41.5677	-26.8487	-5.9801	17.8529
-18.9871	-12.7766	-30.8832	-34.4478	-31.2006	-4.11713
-25.2861	-19.9332	34.5149	-9.72777	23.8762	16.631
-4.03912	-15.5995	-15.1845	-3.14188	39.3765	11.9476
-29.6228	-31.7438	-47.6897	-33.9351	-19.8843	-0.855874
-37.2188	18.038	-40.5454	12.8101	-27.5933	3.89042
27.1569	34.698	29.4946	44.5647	-4.16425	12.0444
17.9373	-22.2556	8.42463	-29.223	16.3991	15.3539
43.9634	30.6452	24.5293	44.9034	36.2667	6.57322
-20.9159	26.7907	24.4652	-48.7793	35.1863	17.5883
-30.1752	18.5904	27.4773	45.5809	-23.925	16.8432
22.8813	39.3918	-46.3927	-33.8435	-26.4	4.50757
33.9076	1.33213	15.3066	-9.20896	-36.3674	17.517
42.6817	-23.5618	21.5995	19.3991	-41.6562	17.8005
-2.05237	-0.572222	15.3127	13.0818	14.3239	17.2827
-15.4866	29.4946	46.0021	37.7804	1.58849	17.0298
-46.3836	34.4966	28.9697	40.2402	-45.6725	5.62561
22.4204	-25.0847	33.578	-0.273141	-46.8291	-4.1285
-47.6806	-19.1519	-45.9868	-1.73498	4.3199	-2.83123
29.6533	-6.58132	22.0237	8.86105	-16.7104	16.3962
46.5453	-26.925	-33.1965	48.999	12.2425	9.37333
43.1852	-12.1265	-7.41752	-41.8271	-15.8895	7.21933
2.57424	15.157	-46.8657	23.104	-21.7765	-0.697857
17.5375	36.3124	-32.3481	-32.7845	-32.0032	1.53911
-23.4275	40.1151	-34.3898	38.9431	24.9138	9.58194
32.8547	10.2344	28.161	13.2099	24.5201	-3.86902
-7.66167	30.2759	2.36976	48.0621	16.0482	-4.02226
-25.988	33.0256	-48.8464	-20.4184	-9.08994	-0.808573
-18.1021	39.6298	7.52434	31.106	-23.0552	-1.23482
44.4945	12.1448	-8.18964	-25.5699	3.27616	6.32329
11.9831	-25.8812	-48.9898	-3.80413	-14.2567	17.87
33.7397	14.0156	27.8863	-10.2863	41.3205	17.1033
-17.0095	-4.79598	16.747	17.9556	45.6908	11.2619
31.8506	24.9962	-38.4854	41.5464	-29.6808	2.7582
14.4704	29.4275	-24.1173	11.8976	-20.394	-3.63325
-6.49281	17.8518	45.2727	15.9139	32.5251	17.5452
-14.6901	4.4084	8.84884	-21.9596	-30.2576	10.4316
6.3036	-16.9515	-20.7663	4.34736	-40.7437	8.93707
40.051	2.2599	28.3746	-17.745	-37.4233	17.6084
29.8486	-49.0631	26.1376	13.5945	-23.336	4.39283
-32.6777	37.1273	8.18659	-13.8234	30.9778	-4.12642
-46.6216	-13.5731	24.5537	34.2708	-24.8344	7.09368
-34.6675	37.2585	1.19785	-0.7004	-1.92724	16.1096
-16.0146	45.1048	-41.5494	18.4957	17.5375	14.365
-5.43077	-44.0001	-0.840785	22.2404	40.5942	2.9995
36.9625	0.944548	-22.4021	8.18354	-14.275	12.6083
42.4192	-37.2555	5.50096	-8.84884	-32.992	-1.42381
-32.6563	-46.353	-30.3308	36.2117	24.5598	10.7098
-49.7497	-12.9627	26.8365	31.7194	-30.0287	0.173836
-30.6818	-39.4589	-25.6951	-44.9614	43.7803	0.509114
43.6705	18.8925	-1.0361	0.267037	45.5809	-3.98093
-9.36766	-23.4947	13.741	-6.40431	0.975066	16.2752
23.1132	18.5507	12.6576	41.171	16.8447	11.9099
-24.9077	-12.1662	7.22526	-34.0114	19.4815	16.2174
-22.1915	-28.0328	-44.5341	36.8648	-42.523	-0.117341
-30.2606	-44.8668	48.9685	17.7633	9.46837	-3.00386
43.1394	-43.4568	0.776696	-18.3432	47.4364	12.8067
27.3339	-1.5244	-25.0511	-41.3999	-29.8608	7.37145
-7.10318	-32.1223	17.04	-14.3269	-33.8588	-1.98258
11.4734	27.7459	34.7774	-41.8149	-31.7499	17.4429
5.7268	14.6565	0.7004	23.3482	5.22019	14.909
-16.2465	4.93942	33.282	35.8089	25.8629	-3.87992
31.869	28.0786	18.5965	-5.86413	22.6615	-3.9759
32.3298	-14.4795	25.6096	17.6412	20.8151	-0.676383
-25.0114	-33.1721	41.8455	-25.6737	26.9005	7.68688
1.28025	-14.6901	-48.6847	30.2179	19.158	-2.58388
-43.7834	40.9726	26.1986	20.1621	34.991	9.85436
13.39	20.4276	-10.0604	7.52434	32.4244	-4.07458
6.74917	40.7559	5.61998	46.8535	-43.759	7.5883
-42.9319	32.7815	25.5181	-25.6279	36.6176	17.7143
3.48674	-48.0132	-20.5954	-32.403	-25.9484	8.7419
44.467	5.26292	32.6777	-6.76138	16.4876	0.943504
-18.096	-19.6951	-49.3011	44.0641	-3.62407	4.5414
-45.9166	-48.5992	-45.0896	-12.3615	20.7755	0.821267
-5.83666	5.37584	-21.6727	-12.4866	-17.6016	10.1546
-39.3551	-3.46232	48.9837	45.2269	43.9634	-3.69747
-9.22422	-44.9919	-2.94656	-29.6564	-8.79391	14.7039
39.3704	13.7654	30.5658	20.3116	0.300607	12.6182
-46.3805	40.8963	6.07471	-26.5801	1.03305	16.8913
24.3278	0.856044	-12.3554	-38.7082	38.8577	17.1204
-40.9726	44.7417	-15.5843	18.4713	-23.4519	17.7019
13.1428	46.2157	42.4314	45.5565	-23.3665	3.99282
-35.2962	-1.47557	27.1386	28.5699	-19.9911	17.5888
-44.1069	-4.61592	-47.8179	-24.1508	13.0238	-2.30815
-44.1404	-22.2892	-29.223	36.578	-8.38191	17.7037
-43.17	-42.761	-43.3134	39.8587	45.1811	17.5103
16.6341	34.2921	-47.6073	33.4468	-11.5406	15.1153
-33.8343	43.0387	17.7541	21.7032	43.3012	15.1223
-24.9962	49.9176	-13.4449	28.2006	-8.51314	3.10462
-41.8058	-25.3594	-33.2362	42.5443	-20.7877	15.4846
-34.1975	0.355541	11.3514	-8.41243	-10.3412	-4.02312
-6.30665	-6.94754	-8.01263	-40.0266	44.2045	-0.208743
29.2261	4.15815	10.033	-11.5894	-48.8433	-2.72902
-38.3786	7.10318	-28.9544	35.0459	-45.4009	-3.8575
-25.8812	-7.51518	22.2098	-18.1631	-3.25785	-1.35542
0.0991852	7.48772	-2.07678	43.8658	39.2117	17.8697
48.9227	-3.2487	-20.2597	29.2108	1.84484	12.9442
21.749	-4.1673	-19.4662	30.517	43.4629	17.6818
40.5087	18.0471	0.425733	-4.83261	-25.2831	17.819
26.5282	4.36567	7.12455	31.7713	-16.1824	-1.35399
25.4479	30.0562	9.34935	-2.66884	-9.87426	8.63017
-11.4612	-28.1549	9.46532	14.4154	-45.1048	-2.56276
-8.7817	-12.389	-3.62102	-15.7857	4.40535	4.7051
-35.6441	-41.9736	1.12156	15.4988	43.5057	17.8566
-10.2191	-21.0471	20.7419	37.524	0.556963	17.8685
1.92724	-15.4653	-47.9156	26.693	-49.0661	7.7683
44.525	-16.6829	2.74209	3.61187	-26.101	17.7059
43.3134	47.3327	-10.7166	-20.9159	-20.3452	15.8853
-32.8211	-10.6006	-39.1293	4.47249	32.4	-3.0782
24.1508	17.1682	-1.30467	26.2169	15.7704	16.6627
15.4714	7.14591	22.2343	-30.7062	13.1977	2.4213
-9.94751	-7.66167	-38.7234	-46.0326	46.6582	1.24897
-1.56407	-22.8416	18.0441	-23.5038	-28.9422	-2.14197
-12.1052	-45.0926	-5.974	28.0358	6.45619	14.3774
-23.7053	-37.8384	36.3155	14.8366	37.6125	7.85355
-39.5779	-29.9036	2.22327	-13.9821	-46.762	-3.73351
-31.6492	4.87533	3.20292	-25.8873	44.8943	-1.24539
-11.5741	21.0257	-8.80917	-45.8861	-36.8191	14.6732
38.1222	-30.0745	-34.4813	-26.9707	15.6301	7.3941
-1.55492	-49.8535	48.6541	-19.8691	-8.80306	1.81802
32.0612	-34.4325	11.9373	36.6024	7.97601	-0.125398
-2.266	46.8566	4.21918	-11.7969	7.22831	-1.5472
-30.4254	-22.8599	-38.0093	-39.2514	26.7632	9.23573
25.2007	40.3989	13.4327	38.0001	-15.3859	17.3365
-20.1437	-49.2706	32.7143	-40.2829	39.4925	-3.22844
28.9056	-8.7817	12.3646	-24.6147	4.75326	17.6466
17.9556	-45.3276	24.865	-4.738	25.0969	6.94884
10.7105	-16.0573	-42.2605	-45.3612	-37.2616	9.43532
31.0816	31.0907	17.0858	47.6653	0.325022	-3.61143
28.8263	-25.1518	19.3106	-42.9807	24.5079	9.88649
48.5229	42.1293	-20.8457	20.1468	-25.8965	-3.31792
31.9727	-2.47963	38.2626	-10.6342	9.59349	-3.68888
-2.22633	28.1945	-22.6157	-17.571	37.5271	3.31848
27.3003	45.4863	20.3574	-18.3706	-32.3572	4.85728
-32.3695	40.9909	8.71456	-31.1548	-31.5882	17.4449
-29.7906	-7.82952	7.66472	-23.22	-6.51418	4.90876
8.64742	4.97604	27.6147	-36.3491	-22.7683	16.5989
20.7602	39.2727	-19.2495	-17.5893	-2.29041	0.762672
45.2483	9.58739	-16.0665	44.1038	8.05536	6.48053
-49.4354	-33.2514	-3.43486	-6.5569	29.5251	-3.35293
34.0632	-46.6613	33.1202	22.1	-3.28532	-3.76082
18.6666	-45.9502	-21.7032	-38.0398	48.9502	-2.25823
2.50404	-37.1151	-25.2037	41.2931	40.9268	16.9118
-22.7592	14.9342	-44.9553	45.8129	-21.746	6.07272
2.58034	6.97806	-15.3279	-40.0754	16.1245	8.19419
30.7184	0.224311	13.3015	-25.1396	41.0764	-4.12986
-20.0705	30.3339	-10.1001	-6.1388	39.0225	9.55604
-32.6746	36.3155	-18.1539	-4.87838	33.5688	6.50461
49.765	-42.5108	-37.4081	20.7968	0.611896	8.20021
23.0308	44.7356	39.0774	48.7304	-21.4103	7.30321
-48.0438	-25.2037	32.0795	-31.0755	24.0715	-3.95096
36.3247	-7.7868	19.4205	-15.2211	2.98624	9.29636
-10.1794	1.96387	6.53249	43.0174	13.4266	7.25191
21.3584	13.8752	16.0451	34.3806	-37.1975	-4.10264
3.36467	25.7988	11.2659	-8.7756	8.24152	12.2468
38.6288	-3.14188	42.8892	-14.0645	33.4559	4.7476
-49.2889	0.108341	-43.4416	-1.17954	10.5762	-1.32025
-10.4694	-29.5007	42.6115	25.7042	-5.30259	-3.50368
33.227	30.0989	5.20188	23.4977	-34.5363	3.77004
15.9444	-15.4561	21.1081	26.8456	-14.2384	6.30178
-36.6115	-30.9137	-18.8528	-27.1203	17.7816	6.50261
-38.7936	31.2708	-34.0846	39.9289	-3.30668	11.1142
2.05542	-27.1996	8.60164	-18.5568	-0.901822	17.8568
-43.1089	43.3775	-22.0969	21.6391	10.744	16.4437
45.7274	-5.81835	-42.3032	-16.7714	-19.7897	10.5571
-46.939	39.5627	25.6035	-1.20701	31.521	-4.12722
-12.2761	-27.8893	-38.5434	11.3575	21.4682	10.8064
20.8365	-43.7529	31.6248	-35.876	30.3247	-2.51609
-28.1671	-16.6066	21.2455	-2.32704	25.7469	9.31103
37.5637	-40.3287	33.7062	1.39622	46.2737	4.95403
-34.2097	0.807215	-2.97098	8.61385	10.9577	11.6925
29.1101	39.6786	41.171	2.28431	-23.397	17.8069
-32.6777	44.1191	46.9268	48.8464	32.3176	-4.12642
3.4135	7.93634	43.8108	29.2291	19.7897	8.071
-20.1193	37.637	0.221259	5.0676	-37.7285	4.97494
-23.2566	21.1112	36.5535	-40.9909	-7.92413	0.941239
21.1905	9.99634	-18.1112	1.00864	39.9869	8.02997
-18.1356	-13.6158	12.5813	-25.9484	41.4609	1.15652
17.7206	1.69225	16.921	3.55388	-4.51216	14.8637
-32.1619	45.3337	-37.8262	14.803	44.0733	14.2382
-45.0896	-3.87127	-7.76849	-28.2373	-1.64342	17.4909
-33.0897	34.5485	6.81631	29.2932	-0.3708	-3.76932
-41.5372	-27.0531	4.92416	-12.4439	39.4925	11.3878
27.6818	-49.4018	10.9363	17.9891	-43.3775	-3.48128
39.4223	10.6922	40.585	-38.2717	-10.0085	14.0787
7.60979	-34.9208	-40.8963	35.4854	7.68609	16.5085
6.93533	-47.9827	-32.8883	-15.7888	-44.5006	13.2621
-5.25681	5.13169	-22.747	38.0856	12.8162	12.9046
0.511185	1.13987	-39.9869	-4.60982	20.397	13.1266
0.556963	-1.22532	25.2831	20.4978	45.9502	10.3473
-19.5944	-37.6675	-42.5199	8.75729	16.2099	6.95379
45.706	44.5677	7.18558	27.9901	30.7703	16.989
3.38908	-36.8892	39.8251	26.1742	15.2699	9.76416
-39.285	-35.3725	46.7376	25.0633	47.5463	16.436
-36.462	47.7966	0.608844	-31.46	6.26087	14.5221
-43.4111	1.0361	-26.2688	10.5487	-33.6024	10.0281
-43.0723	-9.8529	-11.1103	8.93429	15.566	11.7573
-1.33518	-19.4388	-29.2688	-45.6938	6.31581	6.10622
-2.87027	-30.9168	15.276	-45.2544	-40.4141	9.62134
-46.8261	-35.5556	-44.5494	-44.8088	46.0326	5.35215
28.2891	-7.64336	-7.81732	-7.06961	11.0584	-2.9345
-17.568	-19.57	31.869	45.8861	34.9361	14.4881
16.2404	-48.2696	-17.2323	-0.0930815	-0.666829	16.028
-46.2279	-33.3735	46.5575	-39.7763	-17.9495	0.439143
8.49178	-37.8567	26.043	38.4365	3.00455	-1.22967
12.0136	2.96793	47.7996	-4.67391	-48.645	12.3776
3.38908	-10.9668	-49.4232	29.3939	-4.08185	9.76416
-42.4772	28.9575	-23.4764	6.37989	-25.3319	4.24816
19.6219	15.1509	47.9064	10.1184	36.523	9.85064
-15.2791	8.23542	32.3267	29.2474	21.691	-2.52451
-27.5903	-46.9756	12.0289	-15.0441	8.89462	12.3703
-18.6758	-35.934	-32.5465	-2.66274	-47.0611	-2.89834
4.23139	-15.511	26.0369	-49.7162	-6.67287	11.6645
-20.5252	37.2646	-20.9983	-32.9829	37.6583	17.7642
48.5839	16.5548	-47.4639	48.4832	28.225	4.61863
-1.48167	-27.691	7.2161	-47.2655	-41.8119	6.38413
-12.3768	-3.54167	24.9565	-14.8518	-14.5497	-0.53108
38.1558	-19.5273	18.3828	-38.4335	-43.2646	1.86969
-39.3155	39.6176	3.09305	44.0336	-19.4205	-0.416479
-17.5588	23.5435	-33.4437	-30.6238	22.9179	-1.08979
-46.4141	5.80004	12.1418	-32.7784	40.5576	-3.79897
-27.8375	-29.4946	2.00964	-40.1151	-16.863	-2.24687
10.5914	23.0888	-8.40938	46.3744	16.3259	11.7816
8.02789	-35.0856	38.2656	16.1977	48.3642	1.11731
24.2485	18.6575	1.63121	6.97806	19.4784	0.175732
-27.7032	-34.9086	16.2954	-26.1254	17.7114	15.3815
36.0256	-17.0553	32.6411	-25.9575	42.7885	15.6683
14.4856	45.233	26.5496	-21.3218	33.8069	-2.4347
-15.3737	-18.6453	0.187689	-3.12967	-43.3958	14.4522
-49.9329	35.6044	-20.5954	2.20191	-45.0591	-1.08899
32.1039	48.1506	46.4629	-4.86923	19.4205	-3.66549
-17.7114	-3.4257	-35.284	18.2699	-39.2514	10.2101
42.5901	-36.8618	-28.3898	-19.1092	-36.2331	-4.08065
-11.4002	26.87	24.2912	-6.26698	-44.8759	15.0342
47.2991	35.2351	47.5341	23.867	-19.4723	-2.94992
27.5109	-36.2606	-10.6891	-37.4966	-14.8549	6.5057
-35.2779	10.9668	-15.1448	-27.2607	-11.803	6.52871
31.2067	3.91705	20.9525	-6.80715	-30.1477	-4.0721
19.4357	2.8489	-6.42872	36.169	1.15818	15.0964
-33.3247	22.1885	48.8159	-8.63521	40.7041	17.8699
-21.1447	4.4908	-38.4579	-24.2424	-34.7743	-2.95261
-14.2048	-48.7487	41.1069	-40.3012	48.9868	14.5067
-32.6411	39.2422	35.5068	-17.7633	-28.2556	0.824263
-44.7325	-24.9382	-24.9535	35.6166	6.48366	12.4425
-16.2252	-10.6128	-11.4643	7.75018	-43.6583	17.7209
-26.7571	40.3165	18.3584	-1.25278	7.14896	6.57883
3.88043	-14.0858	-40.9757	24.3828	-2.77566	7.88314
-47.0428	-30.0378	-4.60982	-47.3815	41.8821	-3.67009
-43.1822	17.1072	11.1377	-16.2008	13.2099	-2.08709
-2.21717	30.6909	6.99026	-1.70141	-22.0481	-3.75519
-14.3635	-49.4751	-41.6135	-21.868	-13.863	16.0569
18.7399	26.046	13.9424	-4.64034	42.1079	13.5655
-0.0839259	-30.8039	-27.3614	-39.761	-41.7112	17.8699
-32.345	20.7724	-7.4572	9.61791	34.0205	4.36476
-34.4905	12.1876	33.047	-15.1906	45.4253	-3.82735
-10.9333	12.1174	39.7641	40.228	17.2872	13.8029
14.7603	-5.65966	15.7186	-7.14286	22.7134	0.812034
44.0245	13.4419	-42.7732	-36.5566	0.965911	16.9523
-36.813	-27.7703	47.7874	-6.32801	46.4965	-2.29898
42.1293	-33.6787	-9.70946	-10.7654	48.3428	17.8306
47.6928	36.1843	11.4338	12.4928	31.9636	-2.31392
46.3622	12.4256	-46.5972	-37.8689	43.4477	13.6445
19.5212	-46.3439	46.9359	-18.2485	-21.7643	17.5876
1.36876	-1.9364	48.117	12.2669	22.7531	17.348
-5.0676	-19.8599	31.3257	-28.8507	-19.9179	6.82697
-7.58232	14.9251	-11.858	38.4182	-48.6053	-1.64607
-49.7009	2.31788	-36.6909	-10.4999	-47.4792	-3.2775
-18.5995	-37.228	-0.852992	44.9858	3.29752	16.9803
8.79391	-2.7543	28.3654	-38.2626	-17.0675	-3.85171
0.856044	16.1763	-27.9199	21.3858	4.59761	4.93454
-34.9391	-7.02689	12.5233	0.413526	-22.0786	11.8237
29.4244	-49.8566	30.401	8.034	32.9768	-4.04759
-4.4969	13.2038	42.2727	-35.4488	-48.7793	-0.12786
34.7224	-8.46126	35.6319	0.306711	43.6796	-0.202449
-33.4407	-6.6332	13.2527	42.6817	-32.8303	14.0297
-34.7224	-23.5099	15.453	-36.8404	29.1406	-0.202449
45.2361	-19.2251	-5.10727	23.6778	-26.1406	-4.10018
13.863	-28.2525	-34.2769	26.9463	25.7073	5.14827
-3.45317	-10.5548	24.1234	41.0672	-5.91906	-1.23588
-26.7479	21.8101	-34.283	-28.1396	-29.9646	-0.448433
-14.9831	-16.4052	-8.75729	6.34938	-47.7081	-3.32068
-25.5882	-23.0216	-33.8374	46.9695	-7.54875	9.96066
43.4324	24.8161	37.8079	-2.91299	-34.5363	12.8429
48.7762	2.21107	-24.3126	-27.7886	26.8548	14.3904
-4.92111	49.5575	-8.18049	48.4985	-23.5496	14.1568
3.46538	25.28	-5.24461	1.06662	29.4855	15.173
-22.4937	-42.4131	22.982	25.6584	23.7419	17.8058
-46.8932	18.3248	40.2158	39.4589	44.3968	1.24968
-20.6534	1.90588	-28.1426	39.5047	-17.0919	-3.50384
27.0898	-18.9108	-19.6982	-13.5334	44.2137	1.05208
29.3298	-12.2608	-45.2361	26.2871	45.8251	-0.80927
-20.809	-29.7174	-27.9901	46.057	23.513	-4.0035
30.6238	26.1467	33.1019	49.3835	-14.095	5.44592
-20.2445	-40.6095	-27.3675	19.3747	40.9909	9.4426
-23.1071	-41.9004	24.2424	16.979	-46.0723	16.5424
-18.273	-20.0186	-2.53151	-13.2801	8.42158	8.49104
-18.8559	-19.1153	-16.2465	-48.5687	21.8497	2.3106
33.3674	-48.8311	28.7255	-10.9516	21.4347	17.864
-42.7946	-17.8915	-32.2718	8.9465	3.9079	17.8435
-25.3533	11.1225	-41.1008	-15.8437	32.0399	-4.10239
-20.8945	30.7703	-47.7996	43.5423	-2.11341	5.81789
13.9637	-14.2323	-11.8732	44.0886	-11.9678	17.7182
-32.0765	1.42064	6.38295	-49.7162	-33.2423	11.1062
49.1119	27.7978	1.38401	41.0794	22.4174	7.24036
-18.2119	29.5892	-49.8321	21.2546	-14.742	0.628636
-15.7399	-4.19172	40.7315	1.57628	-20.7694	15.6213
-25.3746	26.5648	36.7977	16.7074	-31.0785	17.4238
15.0929	-17.8579	-27.7184	-45.8831	23.4764	9.8077
5.91906	31.7194	-49.1028	5.70544	47.9522	-0.8598
20.1132	0.245674	40.0754	19.7073	14.0584	6.9466
-10.5945	-36.2972	-36.8191	-22.5425	6.99637	-0.0614715
19.7836	-28.283	11.5833	-44.6867	33.105	17.5938
25.8568	-39.993	-1.99133	-20.4276	47.3571	9.3514
-40.9238	-28.7774	-34.7407	24.4957	-25.5211	1.41238
36.346	-19.3289	11.7847	14.5863	2.46742	-2.80786
45.819	-42.761	-38.8119	-3.26701	11.7512	-1.68506
-39.7031	8.22932	10.6281	34.1578	13.5212	10.2675
49.1516	0.367748	-15.3523	31.2281	3.53862	13.375
-30.4437	15.3676	18.1631	23.6229	12.1448	7.95912
42.5565	-18.685	-28.7133	43.8932	-35.3267	-3.37488
38.052	6.2212	0.440992	-19.2709	23.6259	6.4264
-24.1844	30.0745	24.4133	-48.7335	47.47	-1.54397
-40.6217	-20.3085	27.9168	-26.1406	-40.1547	-3.58791
-6.52944	-21.2699	31.8934	-6.40736	-49.0631	2.13105
-16.4602	25.8721	-33.7062	29.2444	-21.6788	2.83696
-4.4145	-34.5088	-4.87533	24.8344	19.863	17.8588
12.3463	-37.9116	1.54881	-43.6979	5.02487	-3.88029
-27.1996	19.0054	7.72271	-18.2119	22.2831	14.9438
12.6759	-43.9787	-18.0502	-12.4226	16.5304	-0.104753
-45.9593	32.7937	-20.5405	-29.6442	16.0421	16.2077
40.6003	-18.1448	-35.9676	-2.54372	13.9119	11.7641
-5.41856	-28.2098	4.53352	-2.86111	45.0255	16.9054
-20.3116	24.4591	42.6237	-15.6148	-40.6522	-4.06135
16.6433	-0.657674	34.1517	-8.88852	-44.2656	14.1455
46.3134	-1.66784	-10.271	-32.9463	48.8525	9.805
7.20389	35.7326	44.998	-34.1853	8.06452	10.9137
-34.4234	-4.91806	-14.0584	-31.2616	23.7053	4.71732
-9.70946	21.4194	9.35545	29.6503	-17.7694	4.75442
36.7977	28.1121	-36.7061	-42.1476	41.3877	17.3268
36.5719	21.4377	-17.7145	23.2566	-29.8212	14.6753
48.7579	18.4194	-47.0397	-10.3961	-3.68206	10.245
-36.111	35.1039	38.5006	10.744	-3.94452	13.6759
35.8943	-26.6442	7.18558	-34.3806	-35.1955	3.39497
31.0419	29.1864	29.4946	38.4487	49.6673	-2.34115
48.6023	-36.4376	4.80514	8.38191	8.67794	-3.7347
45.9502	-44.0733	1.76855	-36.578	-48.6023	12.45
7.26798	14.4063	16.3839	47.4578	-28.3166	8.52183
11.2568	11.9617	32.9768	6.35548	9.52025	1.15443
-17.5893	9.6942	-39.3735	47.528	3.60576	16.3934
27.3858	2.99234	16.3503	-37.2799	-6.68508	11.7683
-44.7417	-30.2698	-9.0289	-13.4541	12.1235	16.1489
-22.0573	-35.5037	-32.2291	-25.8354	41.2381	-3.72716
26.5404	25.28	-27.514	28.4722	34.051	17.2314
47.6562	13.0512	-43.4263	-18.1997	-36.111	16.9082
18.8864	-23.5649	7.20389	41.4945	-1.75024	12.5238
-19.1092	28.8873	-16.7653	16.9332	0.3708	-2.3525
22.1915	13.1245	2.73293	1.90283	-15.2791	-0.117341
-7.68609	-39.6634	-42.9594	-4.96384	-44.5189	-4.08445
24.6361	-5.64135	17.6534	8.34529	30.6635	3.99655
2.15308	-42.5535	-23.0522	28.2617	-3.02896	-4.08262
16.6036	49.3316	19.5914	23.5557	-42.7854	17.7972
0.178533	47.6104	1.89367	22.7012	39.1507	17.8607
13.683	-13.0634	21.0959	-26.5801	-47.6196	11.1019
-43.3439	23.4245	25.1335	41.6654	-5.96484	2.68746
-19.8019	-5.6505	-23.4977	-21.3675	9.24253	5.32137
8.13776	-15.8406	-46.6582	-42.111	46.4019	15.0614
9.13572	-18.0197	-7.24357	-14.8793	45.996	-0.998235
-36.7	20.1651	47.586	48.1872	17.101	8.08566
-9.65758	4.2375	-9.07468	8.00653	-11.4399	-4.09095
11.8244	16.3411	22.5883	-33.7153	32.3908	-0.746223
38.937	-34.582	15.5232	22.7866	39.5627	6.97678
-10.3046	39.4223	35.3267	25.9758	28.0633	16.9254
22.3136	20.1956	-11.8854	39.2666	-47.7172	17.6527
-29.7815	26.2474	36.2239	-0.599689	-1.32298	2.22789
-19.921	11.2049	2.74209	-9.27305	36.9655	10.7886
23.6625	-30.6665	19.0847	47.3632	-33.578	-4.12798
38.1375	-35.406	25.6157	-24.1966	12.1601	0.836616
32.3115	-35.7784	1.29551	11.9251	3.70952	-2.11894
39.7244	0.456252	-46.7162	15.6392	38.2778	-4.10131
-25.3899	2.82144	6.69424	-20.8762	11.0034	15.4106
13.8874	21.5537	-35.9828	47.0244	-3.55998	17.3546
13.979	30.7337	22.1122	23.7999	39.0744	2.89807
38.8363	33.0103	29.4275	-24.6147	-34.2128	17.7228
-42.0713	-3.10526	-32.4152	41.5281	-34.6828	10.2479
-3.88958	30.1996	-0.352489	-27.2057	-31.0114	4.29221
3.16935	-26.6869	-28.0725	17.6382	-0.25483	-0.527402
14.0278	-15.5599	-1.7777	37.4203	-38.6471	-0.319468
-34.5027	-26.3878	-7.52739	41.7844	19.689	-1.57037
27.9504	-31.2159	24.7703	45.3185	-3.75835	15.2961
21.5323	14.1713	-27.3431	12.1357	26.3848	1.28911
3.14188	11.7634	26.9707	34.8476	-29.3847	2.71991
-24.5262	3.24259	6.34327	47.5494	-6.74612	-3.74892
35.6258	-42.3002	30.9748	-18.5385	2.62612	6.11967
20.6259	-25.9331	-14.3025	2.05847	47.8149	12.6254
30.2973	-39.1507	-26.5862	-41.6593	-20.2078	1.37365
4.45112	-39.7214	-37.0907	16.097	8.98312	-4.01549
15.9108	-40.3928	21.3553	48.7671	5.10727	13.8239
40.817	8.12555	-32.9859	5.48265	1.8479	-2.27559
-44.0733	-21.2485	-38.702	-7.98822	20.6198	14.4176
-44.882	-7.06046	-1.37181	44.76	4.81429	6.42757
15.1967	4.73495	47.0794	18.1814	-32.5587	-0.417131
10.9973	19.1702	-10.3687	8.87326	-37.4569	-3.78328
7.53044	-15.9841	-18.1173	-28.7103	9.08078	-1.27562
-37.4233	-3.23954	-25.6005	-41.7112	34.0663	-3.80041
40.7712	19.4937	34.0236	46.704	-35.2016	-2.85237
17.2506	-35.7662	-13.4114	-49.3622	-47.9736	17.4794
-43.3439	-1.83264	12.0808	-8.90988	33.5627	2.68746
-7.60979	32.9157	-16.8874	-1.21921	-41.7936	16.5085
-5.02487	-13.4358	15.0563	42.9991	-0.669881	17.8609
18.5842	19.863	17.5802	33.7916	-34.9788	5.33153
-42.1445	-8.6108	-10.2008	42.2117	-41.9736	-4.08865
-6.48061	-18.1051	-48.8861	33.7245	-14.8274	11.0444
-27.1874	14.5344	33.6116	19.1946	-42.6237	17.4565
37.8658	21.8009	12.3066	8.32698	-15.804	5.0297
15.1387	45.6542	37.1639	4.23444	-44.116	2.53234
-40.7071	-26.8395	11.7634	47.8607	-43.7254	7.82184
13.6799	45.2269	34.1884	-18.1143	48.88	12.8136
6.05945	44.7691	-6.25782	13.979	14.4398	17.8453
-8.39717	-11.7023	-27.8161	-27.0135	40.1028	1.62543
-0.532548	-18.6117	-20.8396	34.4752	34.8903	11.938
47.8118	-23.1376	5.37278	-34.4356	19.6463	2.52874
-12.0563	37.8567	34.3898	23.9097	14.2354	-3.94133
27.871	-0.703452	-0.456252	-49.3255	5.28123	-4.12031
-23.4214	29.9493	0.227363	-48.3154	0.0259407	8.37347
28.0663	31.164	-8.97092	-38.4854	-22.9026	17.1393
-32.6441	-18.7674	48.6755	-19.9637	-47.7874	15.032
-15.1082	45.2269	21.1112	-23.1407	47.2442	9.03134
9.66979	-7.75323	13.2069	-40.5698	-2.1012	-2.83466
-12.27	42.526	35.3023	45.3978	20.1132	-0.431679
20.1712	-20.2445	-25.3929	-39.4284	-32.9768	17.5491
-23.1468	43.1639	-43.2035	28.3715	-24.2241	11.9578
-1.49388	31.521	-9.26695	2.72683	-45.3642	12.5434
14.8671	-2.62001	-23.0186	-43.4812	13.6036	6.19995
-46.939	-40.8689	47.8149	-29.577	-41.345	-4.12722
9.69726	7.56401	16.4052	-33.7123	-13.802	2.62707
-28.5455	-30.2515	-4.37483	-43.1516	3.2487	8.84838
-16.0604	1.88147	-41.0306	32.0612	-1.56102	8.63503
36.2575	-19.7592	21.0654	-4.94858	-10.6708	17.4808
-9.05942	-16.7043	13.0573	-41.8638	5.29954	-2.83927
10.1032	26.2963	27.4682	0.0534074	27.9717	1.43865
35.2565	6.05945	-31.637	49.2523	-22.6554	-3.92218
8.30561	37.225	32.4793	8.43989	22.0878	4.44927
26.4367	17.8945	-41.1374	-46.6399	-22.6463	5.34432
-46.2493	16.8874	-11.8549	29.4488	-20.8762	2.12006
42.9075	-37.5118	-27.1508	-21.2851	-32.6014	8.35146
-18.9077	-44.9736	-24.5628	-24.1905	-24.807	12.1274
-30.3644	-23.7602	33.4468	40.3012	5.77258	-3.44801
36.9442	-46.4232	44.4761	-14.333	-38.403	-4.04923
-38.2076	47.7233	-30.9961	2.06153	-40.2219	-2.85407
23.1498	-48.0499	-26.5954	41.6532	20.4917	11.4715
39.0469	-49.2706	-34.0693	-37.3257	16.0604	-1.15851
-36.9076	36.3216	15.9841	1.96997	-49.8962	13.8956
-5.60472	24.4896	8.14081	-3.15104	-22.6768	-2.36228
49.3957	-17.1194	12.7613	43.7651	3.8255	14.7249
-30.5536	-29.9371	21.044	23.8273	-44.3236	-3.61398
-32.5983	-23.2475	-33.9503	43.3378	34.3043	4.69015
-32.1223	-27.1325	15.3127	42.0682	-29.4031	-0.128371
-4.51827	28.7957	36.7458	43.8688	15.6575	13.9525
12.5568	-40.1914	29.931	-43.2707	-3.54778	7.51987
-27.8619	44.8424	24.4774	-48.7243	46.939	17.5849
-37.817	-31.4844	-32.9005	47.2594	43.054	15.7104
4.8204	48.1964	-46.3164	15.4744	-9.99939	15.1873
-47.2991	-42.1445	-43.6674	-12.0258	-44.8576	-2.94992
-12.5721	-21.0044	19.6219	-40.0937	-21.8894	-3.4479
-20.2872	36.1049	43.8475	-41.6105	45.9166	9.48919
6.41041	-43.9238	-37.4142	-20.4215	-40.1883	14.8273
-46.8261	37.8445	38.7448	-26.1834	-2.20801	5.35215
-39.3124	-49.6918	48.2452	-1.07578	28.8049	0.309694
-2.74514	-43.939	21.8711	43.6033	33.4071	10.538
11.6382	46.0662	49.2492	28.8537	46.939	16.7115
-1.12461	43.762	-0.846889	36.4254	43.5148	-0.317503
27.8039	21.4743	-38.8516	49.1546	6.79495	15.7258
-9.25779	-47.2106	21.4103	11.9648	18.981	17.7816
8.14081	21.3157	-44.0214	30.9168	14.7694	11.1903
-49.1394	-11.2201	-40.9665	-21.5812	33.2881	16.8555
-30.8008	-8.88241	-7.19474	-33.7764	18.0746	-0.415657
-26.4946	42.3978	-24.1966	-31.6156	23.1162	16.8913
-21.1509	49.8749	-21.8711	-48.6389	-38.3023	13.2795
-21.569	21.4805	-46.8413	3.9201	-20.5588	-1.13687
23.9128	-35.9554	13.0055	38.0825	-43.1089	0.976236
38.6166	-31.814	37.6217	-42.2422	-46.6277	-2.7323
24.3797	10.0269	-9.56297	-12.8956	-16.4449	12.4481
-15.5995	12.5813	-18.0715	24.0867	-38.583	15.3834
-35.1985	38.1436	28.7408	-8.15302	47.5799	14.611
45.9532	1.92724	-12.6972	1.49693	7.28629	-2.45629
16.8386	41.3633	-43.5698	-49.2767	-16.9271	12.3176
-10.8692	-34.698	-7.23441	-24.5811	-16.5487	-3.16494
-11.9892	48.4649	14.3788	15.7826	41.2259	17.7105
44.6379	39.0866	-40.0082	-20.4245	38.7173	3.95855
-36.7763	-32.9279	23.9555	-3.5905	-45.4253	6.84681
-11.0034	2.48268	31.2464	28.8354	-40.228	17.8498
19.8172	-40.8048	-1.6892	11.8793	20.3848	-1.97136
-28.576	-33.8832	-43.8688	-38.7875	-21.6514	12.8449
6.50807	3.21512	-40.0693	28.1182	21.9749	11.1056
-45.1231	33.5994	-47.3968	17.7236	43.0204	11.8155
-6.01672	44.0886	-15.8498	44.7447	14.9098	-0.493411
15.7155	27.9626	-48.5015	37.3043	48.8708	6.4836
42.5443	20.4794	27.5384	-19.4021	-41.7753	13.7167
-13.6708	-45.2422	34.1762	-36.9594	-38.6288	16.8267
2.7604	45.9807	34.6248	2.40944	-17.9586	10.0533
-8.22626	-26.1467	-27.7459	-42.2788	-34.4783	-3.09182
-19.0817	-25.866	-41.1466	13.8874	-35.6685	12.4494
-12.9688	-15.1387	-20.5222	23.629	-19.8386	16.8697
-25.3838	-43.9268	-3.70342	34.6767	-46.1211	2.7054
8.82138	9.59655	-49.3255	26.6717	-37.3623	15.4007
27.8771	-32.2352	26.1956	11.8915	36.0591	14.7761
-22.8507	-9.01059	-45.5046	49.8291	-46.5117	-0.56695
-18.1234	3.53862	-6.75527	-15.389	5.36668	11.0636
-20.4184	34.3593	27.1661	-40.878	36.755	-3.44772
19.4388	-33.5841	-34.8659	25.7378	-3.52947	15.9363
8.24763	6.19984	46.82	-31.4478	-18.4927	-2.98691
31.3593	-3.9079	-32.226	-21.1447	45.8983	17.7947
-42.056	-9.76745	14.1804	-48.4619	46.9726	17.8691
-17.1743	24.7795	-47.5249	-47.589	22.4052	17.8423
-3.64849	-7.17948	-11.7298	-22.0542	39.0011	15.1322
41.1435	2.20801	-3.63628	-7.68303	-12.3096	-3.96893
46.3561	2.55898	-12.2944	-30.0348	-36.8313	13.9087
-45.6328	46.0356	-7.81426	-10.5548	43.0143	3.88776
38.8028	-45.6297	31.6279	-20.3085	-9.12961	-1.55882
-43.4111	15.5171	-41.0886	-47.0641	-5.94043	10.0281
-36.462	39.2209	21.8741	8.64437	2.6719	14.5221
31.9391	37.0113	12.4805	-43.8597	38.522	15.2194
30.5475	49.2462	22.0573	27.1874	-39.8221	15.0367
8.77865	-7.92413	-10.5762	2.0951	-39.3582	-3.92671
13.2313	-33.0042	32.403	22.2495	46.0448	-2.83104
-9.89868	-24.7887	27.1661	22.0664	17.2689	16.9223
45.4192	9.2822	-46.0662	17.6443	-35.6685	8.69622
-31.6095	1.13071	-13.7043	-23.7022	32.8364	-0.514707
44.4792	33.1355	44.406	-15.1265	-27.4071	17.8563
36.1019	-46.5667	-35.641	33.3735	-0.764489	0.556402
-1.854	16.3472	-46.3958	6.25172	-14.9373	1.38435
-1.71667	-20.0644	10.2588	25.8232	12.4042	11.6314
44.1862	-49.7986	-49.7101	-21.0654	6.24256	7.16543
34.7499	17.5039	15.7338	-22.3838	-15.8895	8.06233
-47.4059	40.0204	-21.2363	-29.4397	-12.1723	-0.588007
-42.2086	33.343	48.1719	35.8486	-43.4416	16.8667
-47.4944	12.4378	-26.7205	-32.9707	12.3493	6.51463
-19.5669	-37.17	9.35545	-22.3411	32.0795	-1.95367
-8.05231	-10.4175	-24.9413	3.15714	-43.7529	9.32554
-38.0734	-31.2769	-29.2627	-34.2189	22.4754	15.8537
41.7234	21.6025	2.25074	49.9817	36.1721	17.2245
44.2869	5.36973	-40.6705	-44.6989	35.3938	-2.87905
16.4327	-16.6463	-19.4388	-39.2087	-42.7915	17.4575
48.5626	6.87429	-37.6797	-27.633	-39.5322	4.24871
49.2035	-49.3927	13.4541	-35.9066	23.5099	17.8374
-25.3166	-7.38395	-4.70748	-44.7233	8.93735	-0.447987
-15.8071	-11.4551	18.6697	48.1109	2.24158	8.24021
-43.2188	-40.5026	-49.0875	32.2138	8.94345	-3.81074
5.09812	22.8935	44.821	20.8365	14.2384	-3.95042
-20.806	-29.7327	24.9321	-29.7937	-22.1854	16.3238
-39.0378	34.756	-29.8303	-35.9859	20.8335	10.0278
-30.5445	13.9668	16.4693	29.342	-5.80309	17.2607
45.4161	35.7936	38.3877	41.9919	49.3042	-4.1155
-33.9015	-29.8303	32.6167	-42.8312	-9.82543	6.09392
-5.83972	-45.7823	-35.0154	-11.0828	11.269	12.9181
23.2322	15.8712	5.6505	23.4184	-11.7512	10.4625
-48.9929	5.94348	16.5365	-6.52944	-18.1936	-0.809166
-26.4061	35.2077	-32.6807	-13.5029	33.3247	11.3907
-23.0125	-48.0773	-15.7216	40.8811	-15.3615	6.55346
38.995	-9.90783	31.1579	-35.7326	27.8039	2.08631
3.23344	-35.0734	7.64336	-29.1375	32.8364	15.7753
-35.165	46.6674	22.8904	13.4083	-18.7033	2.54922
18.2455	-41.2412	13.5609	-21.1356	-32.3786	12.6665
-24.0104	-9.035	-16.2343	-31.6858	47.4548	15.9444
-3.20902	-16.8172	-13.2405	39.8862	-17.3635	17.7279
16.9027	-30.1538	-36.1507	13.1336	-47.9949	10.3529
-16.6128	-29.2169	37.3623	-18.8498	-20.2811	5.91379
-37.2921	22.1519	35.1497	22.5181	30.2881	7.90782
0.434889	-49.6002	46.9634	-15.1753	37.7682	15.9817
-18.1509	-16.6097	-0.175481	-29.8669	2.07068	17.8682
22.5272	27.752	16.1611	-22.8965	-49.527	6.1563
7.61589	16.8783	-40.3165	31.5363	28.9941	3.39409
6.14185	-9.5172	-33.0012	-31.8751	-35.1497	-2.13013
47.9553	8.06757	-38.287	-37.9452	37.4783	-1.02458
-49.0448	34.0175	36.1507	-39.6542	-7.59148	17.7131
42.9319	19.1671	-46.6918	-26.3756	-39.404	17.7143
-42.5779	39.1812	-9.16623	-45.7671	31.5455	16.9133
-20.7297	0.581378	-17.2231	29.0246	-31.8262	2.32987
-2.14698	-25.0298	-27.5323	-38.4487	-4.78683	-1.50893
4.52132	-43.3775	-22.4326	-19.0085	27.9626	0.189159
-2.69326	-37.4355	-15.2547	0.807215	45.3825	-4.04156
-38.3511	28.048	37.698	-31.0907	-15.2364	17.7692
-11.2537	32.0704	-43.4324	8.88546	-43.1425	17.8688
1.04831	45.5046	6.99942	10.1459	-28.8446	1.83617
26.7113	44.4517	-12.4226	-29.5434	31.0785	2.90823
33.3125	-11.2476	42.7885	49.2309	-14.6535	9.10098
-22.5761	49.6612	-11.7267	-45.7152	17.2658	-3.89603
-24.4957	18.5904	7.94855	17.9586	1.8601	7.012
13.7837	20.8762	19.7928	-33.8862	36.9289	-1.31976
28.1091	-5.15915	-29.5373	-23.7724	30.7154	3.36037
-7.1276	-43.3378	-16.7928	-6.28834	10.1062	1.32653
12.2608	16.567	26.9677	8.97092	23.8701	14.876
44.8424	-10.2283	-33.0775	43.1425	10.9607	-1.47448
9.63927	-17.4764	-18.9199	11.8488	-44.0001	-1.9425
16.86	-3.71563	-3.80718	-40.585	-1.57018	8.1745
-7.25578	33.4925	16.8905	-30.3491	-7.12455	-3.55476
-42.468	-26.0155	3.07474	1.33518	37.4081	5.20254
24.2821	-34.5363	25.3044	-20.8457	16.8661	-2.45721
-42.1537	-33.1721	11.2568	12.4531	9.66674	1.13371
-47.1374	-43.0082	-21.2546	-44.8424	18.6392	1.08361
46.8688	-34.3013	-29.9158	9.95972	-25.8324	-3.02382
-48.7121	-3.05338	20.0858	46.8657	-1.59764	-3.8938
36.7794	26.8059	38.8577	13.4907	35.7051	-4.12997
45.3368	-6.17847	47.6104	44.3022	-37.3623	-4.12224
-15.3157	30.4743	-22.0176	-31.1396	-18.1051	17.8682
-21.8802	-43.5392	-48.59	33.6238	-35.1497	-3.58029
-49.5758	-32.6014	10.9699	0.0534074	13.6006	5.5968
-40.0021	21.3736	0.526444	28.2586	34.3928	17.7381
43.2859	-1.06357	42.349	-41.1008	-14.7389	14.1698
-20.9616	26.3298	6.94449	22.6005	-21.7277	6.9822
27.8893	5.44298	14.6321	48.3825	-47.3937	-0.0846255
5.28428	-44.1893	14.629	48.7365	39.4925	9.704
-36.2758	24.3309	24.2088	-15.2882	-42.8892	15.8711
25.2037	-26.0125	-8.35749	27.0837	-35.7204	-0.0524656
45.9075	0.0442518	-45.3887	47.9156	23.0949	17.5997
3.92621	-22.5669	-46.4324	-48.8556	-17.4245	0.0218171
-40.4996	33.9747	-11.8732	-36.9839	-33.9167	12.5551
4.30158	5.5681	29.5434	-2.32704	-47.0397	-2.45207
18.5476	45.941	-14.2018	-33.3247	-26.986	13.3023
6.05029	3.87127	10.4114	-31.5394	-21.746	13.4446
-3.79192	-47.174	44.055	-40.4569	-21.6666	6.1102
-22.1213	6.3921	4.78072	11.6932	-26.8609	-2.33247
26.9799	46.7711	5.92212	35.5342	-12.4561	-3.80758
-27.2088	-48.236	-14.9251	1.34739	-26.8029	-4.11183
37.7804	27.224	-11.4216	27.7093	-46.0295	5.25172
-45.4863	33.9839	45.0133	35.4579	28.0633	17.135
4.85702	21.3248	49.2828	29.574	-42.5108	13.1334
33.5292	-22.4448	24.4987	10.2313	32.4885	3.43392
-0.0289926	26.9341	11.272	-47.821	28.8781	17.87
6.90481	-20.7144	0.312815	0.019837	30.6726	10.5079
45.0499	45.9502	-27.9473	-25.3533	-27.871	12.9024
-30.1141	37.9971	3.5905	-15.1326	-6.67898	-1.93297
1.69225	-46.3317	-18.3615	-49.5361	22.4601	-2.88713
11.0431	-38.3694	20.7511	-18.984	26.5679	0.503679
43.231	-13.8142	-30.166	-42.7396	2.0951	5.21903
29.6014	-38.992	-24.8375	7.13065	39.2605	3.95893
-45.1872	34.1823	-17.6077	35.6105	-37.9574	16.8003
35.5922	-26.8639	-14.3239	23.2475	-17.2231	9.8728
44.058	20.8274	18.0349	-34.1243	-12.1082	13.0069
23.4214	-32.4793	-33.108	-27.4804	-1.91504	8.37347
-16.924	26.0033	4.63424	-6.84683	-35.5281	15.6585
-40.4447	38.1497	-12.0624	0.581378	-29.4977	-3.69479
5.47044	11.4338	-24.2515	41.818	-0.260933	-0.963372
8.11945	34.9208	-46.469	-13.8447	16.4174	17.0891
10.7257	14.0736	-29.4458	-24.4987	-34.4386	12.6917
46.4385	3.32804	26.0491	-48.1201	19.9026	10.2839
46.82	20.5405	43.7223	-32.1497	-15.6911	-3.89017
8.7817	42.6969	-17.6199	-1.24973	14.2262	4.7051
11.4917	26.2597	-0.663778	-33.2362	38.0398	4.14134
-47.0794	24.0623	7.55181	-16.5181	-24.9199	-3.53091
-3.63933	31.5638	17.0553	-27.4041	-36.0042	-3.87374
-16.5548	-9.01975	-19.7531	-1.71361	-27.6574	2.52892
-41.4365	45.9716	-18.1845	21.2455	-11.4399	10.3291
0.279244	-37.2524	16.5883	-21.0562	27.4163	17.734
3.84686	-26.3695	23.2505	-21.1264	4.37788	-4.12373
-16.7013	32.5312	19.9606	22.9667	-43.9055	-4.12482
-33.8435	49.9664	-20.4367	28.695	-25.5119	16.6473
-13.4022	-35.3603	48.8861	6.61489	-44.6898	17.4055
33.7275	4.4145	-13.7684	-25.8751	15.4317	15.5497
11.4582	8.82748	-25.4173	11.0706	28.225	17.6691
-36.7153	49.4751	14.0095	9.43785	31.0022	6.59851
-32.0734	26.8639	-32.7815	-34.3074	48.526	17.7266
4.67696	-45.9319	6.98416	31.045	2.19275	4.80111
33.5261	30.9046	37.4477	-46.6277	-45.8403	13.7093
-9.57518	-37.225	-38.7661	-7.49382	49.1668	11.4335
-13.4724	26.2017	-19.4479	-38.6135	45.1842	10.1513
-8.98007	-16.5426	1.40233	-43.5118	30.4376	3.92558
43.057	-4.4908	36.1171	-36.3033	-47.1801	-4.08484
-40.3806	-2.6719	18.0471	-20.0858	-4.35652	8.83391
-25.7042	21.3065	-0.114444	49.8016	-40.3592	15.3636
-48.3001	-40.2493	-14.0156	-3.10221	23.0277	15.4036
34.9788	-22.7317	18.4469	33.2942	-3.96283	9.99073
-31.2799	-30.3827	-45.0377	-49.8169	14.6077	1.58063
9.52025	-5.05234	-25.9789	43.173	29.2688	15.5648
2.40638	2.53761	-47.9644	-21.7856	-47.4456	17.6136
-9.80407	-12.569	38.8333	-15.4195	9.73388	-0.697746
10.3046	40.8048	21.7582	4.25886	2.50099	16.9254
-44.937	-48.0651	-41.6776	16.0817	-41.7081	4.93692
-3.5081	3.54472	18.9413	8.56197	45.8983	2.14159
24.4255	39.8465	22.7531	-10.0085	-20.0034	5.55744
-34.0022	-3.66985	21.1325	6.91702	-3.71868	-4.12942
-43.8505	38.3023	19.6158	3.26701	-13.1214	9.17014
30.3247	-26.8487	7.16727	21.6819	-33.697	-3.52117
4.40229	14.803	37.7926	-28.576	17.156	11.9342
26.7541	47.589	16.2191	26.8242	-34.2189	4.3002
25.8049	-2.56508	30.3247	29.6747	-36.5078	4.34949
38.638	16.7684	21.6391	-10.6189	-11.3453	-3.66362
-15.3645	-38.6746	49.2248	46.0204	-19.0207	1.17575
29.7021	-16.2038	-12.5355	28.3502	-49.2401	-1.23011
-3.85296	28.7225	-44.9736	-36.6604	48.7182	11.4078
-4.41755	-5.78784	-13.9302	-19.0085	33.5139	10.3826
-32.2413	28.6035	-11.7328	33.8221	20.1529	12.2887
-47.7142	-47.821	4.5793	18.2455	33.3522	8.504
-36.3826	-35.6288	-17.5039	31.7682	28.6523	7.24504
-12.9475	-34.7652	18.9077	-1.93335	-24.4377	-3.62225
41.6593	-32.9096	11.1957	-6.98111	29.1162	-1.78579
-45.8007	-5.40025	29.1192	0.355541	-13.5609	6.22109
6.27918	30.0348	6.35548	-7.60979	-34.0083	15.0711
-30.0775	-25.6951	-8.50703	-37.6308	-7.86004	16.0041
-3.53557	-9.96887	-22.631	-1.6892	-24.5781	13.6301
7.82342	18.7735	13.3869	41.4518	-11.3178	17.8663
1.29246	4.79598	7.53655	-2.21717	-33.05	-4.0767
-16.1672	-22.2404	-40.9207	-14.6687	-32.6319	-4.05442
-25.4204	35.8913	24.3522	28.0786	0.740074	15.2522
7.75933	32.1528	11.2384	1.30467	46.7345	-3.21557
20.7511	46.2706	41.5922	46.1943	-7.91498	17.5118
31.1182	-33.5292	5.33921	-2.94351	17.6199	11.88
-43.1852	22.4509	-31.7927	-24.0287	48.5717	7.21933
0.0869778	16.6585	-33.581	30.1843	15.3127	17.8699
33.9228	-3.70342	-16.0024	-41.9156	-10.7593	-3.5968
-9.44395	-12.8346	-9.06247	-36.9655	-46.1211	9.31174
37.7956	33.0683	7.1276	-47.467	21.9047	-4.11397
21.984	-27.6635	-5.93432	-13.1825	-44.2198	13.3418
-5.90991	32.9798	36.6543	-30.7459	-23.3329	-4.03989
-19.4815	15.4622	46.878	-33.3094	46.6643	17.3502
-6.26087	25.8507	-43.4904	-7.50908	23.8487	-1.98292
-7.69829	8.10114	21.0135	-19.982	23.7877	17.7742
38.0703	-15.4042	48.5504	-18.8101	-45.5626	12.0165
37.1334	-16.1824	3.16324	-14.1743	9.05637	-1.85242
-4.23444	6.24866	-6.40736	33.3216	-15.6026	-0.506899
43.7742	7.65557	0.492874	-12.9536	26.6594	9.00407
-23.455	-28.93	-46.1028	-40.7285	-27.6391	15.3829
23.162	17.4978	-6.5508	41.2076	-36.3918	-2.57895
-28.2006	-46.2035	39.7885	-19.2526	26.458	12.661
37.4111	48.7457	-33.1141	-48.1292	41.1283	-3.81399
3.38298	-11.3849	-19.2648	19.4601	32.4061	-3.57447
33.1202	-18.3767	26.3024	45.2757	8.57418	16.4573
-29.7143	43.5545	-41.1557	26.7815	-25.7408	-2.95089
49.7833	3.85907	46.1486	16.4296	32.0612	-0.812553
1.96387	3.13578	33.1416	-5.92212	-46.1364	4.50651
10.3351	-7.45415	-36.3338	29.2261	49.2431	4.38064
28.7225	-47.1099	-1.04831	35.8913	-42.7183	8.97083
-26.2413	0.489822	-12.5233	-11.9831	-37.2372	17.6398
-23.2414	-31.93	0.257881	17.3147	-20.6656	14.3169
41.5494	-3.45317	-2.79092	-23.4855	9.90478	16.2045
0.260933	-5.70849	-43.1028	-34.994	12.7949	17.7794
23.3604	-30.9046	31.9758	-4.04523	37.5271	17.2097
-11.8061	32.2687	-4.84176	21.099	49.6094	-3.64504
44.6593	-30.9168	-36.8831	40.9391	-7.8753	4.84756
41.4029	-35.2931	-7.53655	32.9127	40.1761	17.8244
-16.6829	-43.112	-16.2404	40.6095	-32.989	15.4583
18.9718	-46.4751	-23.2688	-18.0776	25.6676	-3.89802
15.2669	37.6461	-13.9943	-22.6035	-5.09507	-2.66828
13.9607	-47.8271	-28.9178	4.66475	10.0909	17.7086
-5.98926	35.5556	-0.688192	-12.0563	-2.87332	9.17106
49.9695	-16.5883	-42.288	9.30357	-14.1255	17.087
47.6531	-18.6361	-7.43889	-36.4956	-37.582	13.777
4.42061	-9.73998	-37.0113	6.72475	-18.2913	-2.18907
12.3676	-18.9535	-39.4253	12.6911	-7.99738	9.9139
-26.1864	39.0011	-48.0499	16.4235	-23.5466	0.818319
-4.2497	10.5518	-14.4765	40.1151	-25.1183	2.50752
13.7837	1.00864	-23.0796	38.3175	31.0266	-1.31976
39.3551	-46.411	47.4731	43.292	11.6779	-3.69747
24.3034	27.1691	-35.9249	-36.3338	43.4568	15.3711
-10.1703	-20.8243	18.6514	48.941	48.2299	-4.07066
21.0654	16.9576	-43.4843	-5.24766	43.4568	-2.66866
-45.2849	-44.0123	-24.5293	11.7084	-24.8436	9.73887
49.7406	37.0205	-25.3441	15.6087	24.2637	13.6949
-25.5577	33.5292	-36.7244	-4.65255	-41.821	15.6641
-26.4672	22.9118	17.5314	-31.7438	-26.1986	-3.43476
49.5605	-1.61596	13.8112	-38.7478	49.4354	12.9564
8.37275	-33.8679	24.0226	2.11035	26.7968	-2.16751
-16.7257	-49.8871	7.11234	14.5009	-45.5992	17.3713
6.84378	8.04621	-45.996	41.9919	26.7449	13.142
-2.60475	47.5799	-49.9878	15.5385	-44.879	1.22941
14.0034	-3.79192	47.8027	24.1417	-25.4418	10.7432
16.5761	-34.051	-24.1142	-31.0877	-19.747	16.5912
48.175	-31.0022	-8.49483	42.8373	-39.0561	17.5979
-45.6847	-10.9302	16.3167	-38.3023	29.3023	16.6179
9.92309	-16.2648	-32.6319	-5.04318	45.6114	0.677078
36.7031	-45.6572	18.4652	-44.409	-36.111	17.4998
5.49791	-45.4405	15.5354	-31.3959	-30.0775	8.39468
28.869	-20.1132	43.6308	-49.0143	36.2331	-3.85556
-0.697348	-18.6361	-11.6932	-42.7519	-16.393	-1.61523
47.5036	49.3347	46.0662	-49.115	-3.75835	-3.29702
-3.89569	-7.40226	-46.6887	-44.7081	42.822	17.6536
12.2883	20.3818	-41.3236	-30.1202	-33.4681	12.4537
10.1398	-44.4609	9.97497	-33.105	9.05332	-1.19338
-26.9433	-28.1365	-33.7825	-28.8659	-38.4487	-3.31893
17.5192	-10.2008	36.9411	-0.0137333	-41.8607	6.98322
9.72472	23.0918	-10.0848	-15.1784	15.4653	6.55396
22.9148	16.0482	-0.648518	-16.0634	8.858	-4.02107
1.52135	-39.1415	2.04932	-22.7348	36.0622	17.2934
13.9119	44.9522	26.1864	5.0737	13.6616	7.95075
-36.9564	6.78884	-2.13172	13.7043	-19.0603	17.216
39.053	23.1071	32.2626	-38.583	32.342	-4.10624
9.58129	-37.7163	37.5759	1.47557	20.4978	15.1227
41.1618	-33.7489	18.9444	-40.6522	45.587	-2.8275
5.88855	-6.13575	-4.50606	27.2729	-28.1121	17.4126
18.3432	-12.3676	-44.8912	-27.3186	-28.1762	17.8567
33.2148	-20.6259	-20.4428	24.0959	21.9718	10.4875
-16.3503	33.4162	27.5109	21.6727	40.0723	-1.28411
41.5433	39.1446	-25.7714	33.4864	-32.4152	-3.75612
-36.578	30.2881	-29.7662	-32.2138	-44.1038	17.0472
0.389111	37.0785	-23.3665	-21.2302	-49.0967	16.8871
25.9697	-4.93332	48.8098	22.7897	-9.72167	17.6143
-15.6758	-31.7286	1.31687	48.059	18.6087	-4.07788
-20.5466	14.9159	-1.96081	-0.361644	33.5047	16.5585
-8.74203	-36.0866	-13.7532	14.1072	48.6511	8.05886
32.6044	42.1659	6.70644	-49.057	2.04627	15.2138
-44.9492	-46.1852	4.03607	4.22224	29.9921	12.8408
-12.8681	22.0786	18.9871	10.4755	-23.0094	16.1939
41.5586	44.3449	30.0989	-10.1337	11.3544	-4.08625
38.7783	47.9949	-5.52538	36.8923	1.32298	-3.08986
-28.7622	7.15506	6.49892	4.89669	17.2414	-0.307025
17.1224	-21.8253	48.6297	19.3411	-17.7725	0.716414
-45.2361	44.7233	28.6615	35.873	25.7866	-4.10018
5.54064	15.3981	-4.36262	3.95367	46.4904	4.86814
22.6371	14.3422	34.5851	-29.6442	-24.1569	13.3835
-35.9249	5.93432	48.7304	1.13681	-6.11133	13.1893
38.6959	-33.9137	-44.5372	-48.2879	-17.3452	5.67678
42.2391	21.8528	11.1988	-1.22837	-1.32603	15.6077
-27.224	-5.9801	-45.3398	-15.4775	-45.1537	-3.96008
28.3593	11.7542	27.6788	-2.08289	34.0968	17.6861
32.11	26.7571	1.6892	-24.5689	-16.8569	11.9123
49.4964	3.03812	-28.5089	-31.7164	-46.7772	14.5273
-22.9179	5.54979	-38.2382	-6.95975	-24.8039	17.8472
23.5527	-24.3889	33.2881	-46.9665	-37.524	14.4023
37.0205	27.9809	-8.25068	-0.764489	4.17646	6.35289
-14.1743	-34.5271	-39.3094	-1.31687	-14.5924	16.3674
-41.7661	-14.5619	-17.2597	-43.7986	-16.6036	17.6724
-22.0359	-40.8658	-8.9404	8.76949	45.8281	-1.50614
22.2526	5.70849	40.5087	-39.5596	38.1497	-2.3965
11.0187	-31.0694	32.168	-18.1295	13.5182	-1.87576
29.3695	40.2188	10.1398	9.91089	-18.8314	-1.92083
8.14997	-2.52846	-8.8641	-41.9767	-34.5851	16.2014
13.9454	21.6208	-7.33207	-14.275	-27.337	4.62677
9.36766	-30.8466	42.7641	25.0877	32.4793	16.2752
5.76037	-26.0796	32.3206	37.7529	21.7093	17.1612
-7.32902	-9.46837	-23.0277	-9.1998	40.1761	17.869
38.5739	-3.47148	35.0551	16.8142	25.9606	4.4478
45.9563	-38.4335	-15.8315	-30.6635	21.0837	0.960088
-4.39314	-21.7978	-24.4713	7.34123	13.155	-3.28986
24.1447	-40.6705	38.9065	25.9789	-6.2212	-0.233678
34.1456	39.3033	22.3563	-4.25581	3.5905	-1.58255
-40.9604	16.6097	39.4681	32.223	-24.0074	6.93478
10.5487	-36.6695	23.4733	-25.9575	19.9271	3.30145
-32.2321	-17.0522	-34.2708	-30.8985	43.82	1.98043
-4.81124	-25.5791	6.95975	37.8475	-7.94549	13.1411
41.7112	47.2594	43.0052	40.8139	-24.3919	-1.76969
-13.4938	-41.9156	30.0867	5.20798	2.52235	9.95042
4.38704	-18.215	-42.6023	-13.2435	41.1863	12.9658
-32.8547	21.2821	13.5517	-29.4977	-45.0438	-3.86902
15.9108	-0.566118	-28.2739	-29.812	26.9707	13.8239
-44.4487	-43.2463	-8.93124	28.0328	-13.5548	4.97739
-13.7379	-37.2341	-47.998	38.168	37.7377	-3.77603
-44.2015	28.3868	49.0143	-34.1151	47.3052	14.5449
-48.001	5.86108	46.0631	-46.7376	-1.23447	-1.51235
-40.6796	41.3114	-10.1398	-45.8251	0.81637	8.6501
-16.3137	-7.96991	-29.8975	-45.3429	10.4511	15.603
-32.6075	15.5416	-11.6688	45.7579	13.6402	2.59927
36.9198	-5.95874	-31.5027	-22.4693	-6.38905	-3.31625
44.6959	-43.0967	-16.3808	-15.7308	-22.6188	16.8047
-49.4964	10.8295	29.6014	7.58538	20.1132	14.5273
45.0041	27.2057	27.1081	-13.5517	-14.452	-3.61784
44.1313	-11.034	-21.9901	34.3318	-37.2799	-3.79735
32.3054	-31.1762	44.9034	45.4375	-49.5361	-1.87405
-13.2771	-39.8068	34.2158	-44.6348	32.7235	11.3495
16.8416	-49.942	41.2778	2.19275	44.2198	11.5619
8.42769	1.13376	48.3917	36.3124	16.0665	9.25326
-1.45726	-20.9983	24.5994	-35.0856	48.5321	-3.33263
26.3298	30.0134	-11.269	10.2496	-18.2882	17.0486
22.1183	-2.00964	44.6989	34.8659	-36.3277	6.66297
-41.2381	40.6156	8.68404	-31.3593	31.1701	0.408322
-38.348	30.2271	-48.1841	32.992	17.98	-4.0774
28.4082	-1.83874	44.1435	15.4103	-0.883511	8.36196
30.0195	17.568	-14.7969	28.3258	0.285348	-0.0743559
12.212	47.644	13.8112	-10.3168	13.686	-0.0979219
12.5446	-23.8273	36.2697	-41.7478	-30.2057	-1.92541
-0.294504	-24.7063	25.7683	-26.9402	-6.20289	17.683
17.5283	17.1651	-30.2423	15.4286	44.2015	17.4107
-17.8243	-19.509	43.4843	46.6521	12.8254	6.11111
-19.0237	45.3887	-11.1438	-31.5882	-10.3412	12.0369
26.7937	20.9128	47.5372	14.1133	4.87228	15.3181
21.6178	-27.1752	-40.6491	-4.11847	-1.70141	17.7494
3.9903	-48.822	-42.3887	21.981	44.8119	15.3701
-22.2922	-22.6676	26.0186	-40.2921	2.17139	0.477617
45.8769	46.3591	-34.4905	-49.8749	8.48262	13.1137
31.5058	14.0126	24.2271	33.0287	0.349437	0.0403623
31.0236	49.6368	-13.7501	-24.041	27.456	-3.8864
3.24564	-41.3785	-26.5038	48.1109	29.7998	0.836429
28.4692	-29.6594	-26.2078	-1.95166	5.974	11.53
36.5658	42.3795	0.0961333	47.705	-46.1058	3.37706
4.42671	47.0031	-17.7633	1.2833	-20.9861	11.3226
-36.1782	37.5912	35.1741	25.3655	37.1731	0.622972
10.9882	42.642	-4.04523	18.4713	-28.338	-0.105284
-4.47249	-13.3381	35.9584	37.2921	-16.3747	17.223
49.6216	18.6331	14.6748	-44.8515	-15.6087	17.7633
-14.7694	45.3001	42.5108	-26.9097	1.37486	8.05108
46.4293	1.58238	-24.9229	-42.0164	-11.6962	17.2279
42.5993	46.8352	-25.8599	-1.88757	-19.2801	11.9996
2.66884	-22.5425	31.3379	-15.4897	-18.1173	14.5982
-34.8628	1.1185	-49.6582	37.9757	-1.2009	17.86
6.23646	-19.0634	15.566	36.2331	48.3734	15.4323
-3.88653	30.6299	-46.8139	-20.7724	-46.0967	-3.52361
19.686	-41.6715	-31.8323	10.1184	-26.4611	1.3282
-45.5229	30.9992	-5.45824	21.2394	49.2737	12.6366
10.4877	31.8537	-20.1651	-31.6492	49.2859	-1.45409
-14.6443	35.6105	-25.7683	45.8373	-48.2421	10.6871
-27.6666	43.9451	33.9412	-15.0166	12.2791	9.44165
8.59859	-23.4397	-22.7592	-14.5161	7.99432	-3.72156
14.5222	-24.5445	-6.97501	-36.6329	-39.3033	11.2859
-38.8394	-20.1865	21.4743	-19.6402	-28.0145	16.4129
-17.3757	-26.9707	48.2727	-7.11844	-31.0999	-4.07404
-1.25584	23.1498	-4.79598	32.0612	45.9746	4.87189
30.1538	-48.2452	-41.1893	-10.8112	-7.99432	17.6438
5.94653	34.2189	-22.6432	-0.636311	23.162	17.5799
0.0534074	21.3523	-38.9309	2.51015	32.1009	17.87
24.5201	24.9199	-22.9911	-47.9644	9.57518	14.4297
9.56297	-19.5791	39.5138	44.8546	38.1527	1.98763
8.76034	-39.9716	23.1529	14.3818	-45.3001	-1.68636
-25.7134	-3.79498	31.5394	42.935	44.5952	17.8698
17.9586	-44.8332	44.6318	3.96588	-0.23957	0.183384
-29.9768	-0.862148	3.55693	30.5933	31.8842	-0.592481
21.0196	4.02387	-34.5546	14.864	20.5741	-3.46006
26.4611	35.0215	-5.10117	15.9658	28.5485	2.5936
-20.1956	-40.0632	-34.9452	21.5018	-38.287	3.78084
-12.4409	-4.87838	-6.53249	-43.6064	-19.4205	3.39304
-41.4823	-45.0011	-20.7053	1.28025	-7.53044	-3.15465
-27.7673	48.6847	-5.08286	11.0523	3.34941	3.73872
38.6715	43.1028	7.57622	4.03607	25.4265	-1.56167
37.6858	-4.60372	17.4642	-20.3299	15.7857	5.0034
-34.64	14.5039	8.57112	46.5636	-12.035	8.43472
-0.270089	0.202948	10.3839	38.3663	48.9044	17.7586
-26.3604	-39.0042	-27.633	-6.52333	-12.1235	11.3639
11.3269	31.518	17.8488	12.624	33.5383	8.04521
5.41551	-15.099	14.1621	13.9851	29.3909	7.42268
-44.5006	-40.6339	-46.3439	45.642	17.5527	17.7644
-8.99228	-45.2361	5.9801	-9.73083	-22.5303	3.21263
-15.9169	44.3144	19.2557	-9.99634	-46.3256	10.5941
-3.04117	28.0206	10.6616	9.63012	-1.04526	-0.422507
41.586	24.0043	-30.5902	34.4539	47.7752	0.198608
-4.28938	-1.49083	-30.6421	11.8122	-8.72372	11.0167
-33.0775	44.2991	9.90783	37.8048	-23.8121	1.27098
-43.9055	-2.64443	-17.8518	-2.48878	5.81225	14.9409
-23.1285	48.4375	11.6932	41.5433	-17.2689	1.36565
48.1384	-8.6108	-25.9514	46.3713	45.8037	13.5253
16.4418	-6.61794	-40.9787	33.5902	-37.2341	-2.66606
-35.4152	-2.91299	17.6962	-44.4212	30.6421	-3.19847
25.8049	-30.163	27.4316	0.764489	46.8719	4.34949
46.8932	-28.1976	-47.824	5.62914	31.8232	1.24968
32.8181	23.4764	23.4519	-0.965911	21.691	8.76683
27.7245	-29.049	-42.761	0.599689	-36.5871	6.91995
47.6348	-26.9677	24.5231	-48.6206	-16.3991	0.729831
28.1915	-18.2485	-24.1569	29.0033	13.9546	4.21673
23.6198	-42.3551	46.7315	15.3035	24.1417	16.8645
37.875	-25.869	-11.5894	-39.8434	-0.0717185	-1.8414
-30.7489	-15.6087	-47.3998	8.21711	7.28324	17.8391
22.4509	-40.4813	-8.44295	42.8251	-34.4142	-3.89968
-38.4976	49.4476	3.60576	1.94555	30.0928	-2.24534
9.30052	31.2708	-15.0227	19.8447	12.7827	4.79169
34.8476	35.4884	-25.3777	-40.6156	-27.4438	17.8412
-41.2503	-11.1805	-14.6596	27.5506	-20.2261	1.25347
14.0309	6.01062	-6.77053	49.8444	-48.0987	-3.27775
-0.0991852	33.758	27.5048	23.7327	-37.64	17.8697
35.3816	-12.9383	-42.5748	7.17643	14.217	0.201779
-42.2391	-17.51	44.1191	-3.9079	46.7467	15.6077
-26.3512	10.5853	34.0846	48.9196	33.7184	8.32454
-14.51	-20.6137	-3.11441	-43.6491	-36.5047	3.18137
-28.8812	-45.9929	-40.6796	17.7175	-39.3063	1.65622
3.78582	28.8995	29.0216	36.401	38.6288	-3.26657
-33.9808	10.0818	-36.2117	1.18564	-25.1793	4.13297
2.25379	7.52129	-18.6728	-15.8193	-26.5618	11.9584
-49.7406	21.9199	42.9075	-4.94552	-25.7073	13.6949
36.5047	-20.8518	26.223	21.4438	-7.96686	-3.4973
-35.2474	-16.6921	-3.05033	-40.228	-24.9413	6.54299
22.9575	32.8974	-12.5477	-15.1234	16.6952	16.853
-23.1468	-4.11237	-8.81222	45.291	21.334	11.9578
-46.9024	3.26395	-9.05332	39.6908	29.1131	11.6698
-9.24253	-44.5128	44.0916	-15.453	30.4621	-4.09364
-17.3788	31.1823	-3.88653	42.288	12.4592	3.29779
31.0785	-27.8466	-44.8424	46.3652	25.2861	-0.778936
-38.6502	-6.59963	-49.7253	49.2187	7.7105	-1.38383
24.2576	-25.3319	44.8912	-45.0285	-42.8312	17.2173
19.1855	-20.5771	-46.4324	35.4518	20.1621	17.658
-4.96994	-26.7907	10.9363	-10.8814	6.02893	6.34827
-25.6981	42.3063	-19.6554	8.58638	41.2534	10.8204
7.63115	15.7155	18.7582	30.8222	-28.1671	-0.279226
44.8698	4.48469	38.6471	-0.376904	-31.1609	-1.65398
27.1661	37.0388	-45.4161	5.31175	-41.5983	-4.10354
-12.804	-24.9687	23.5862	-12.4042	-21.0135	-3.75633
-32.7906	27.4224	-14.0339	1.33824	6.55385	11.0718
13.8081	42.642	-3.52031	-12.4622	-14.1011	-2.92188
38.464	1.04221	12.804	48.1262	-26.9127	17.8562
27.2423	-37.8353	-38.3358	11.0431	-12.804	-2.35851
32.1284	-11.568	-37.637	13.5487	-13.4693	-1.41135
1.60985	-36.5902	-20.5039	8.94955	-9.05942	10.3233
-26.4885	-28.634	-2.51015	40.8719	-46.9543	13.6095
16.8477	-7.42363	9.66063	38.6196	22.0054	10.1854
-21.6086	-12.4012	-19.1061	20.2414	48.5473	9.44107
-37.5607	-39.2148	-13.7562	-23.336	-29.7876	13.7655
49.5727	18.1539	-17.5558	-40.5271	28.576	-1.00814
40.9757	33.8862	47.1892	34.0693	34.4356	0.94673
-23.7632	-5.68102	42.9594	38.3541	28.3685	17.8617
-20.7114	-35.0459	38.702	37.0998	-2.59865	11.6442
-43.2188	-12.5721	30.2271	-35.6349	24.0898	-3.81074
-40.7834	-41.2626	-47.9492	26.7083	-1.71972	-4.12169
-31.0297	34.6034	-47.1923	-41.699	-4.77157	11.3677
-26.9951	-22.3289	-11.3178	13.5701	16.2862	11.9682
-27.3644	-29.7998	47.3327	47.4181	-20.1559	-3.40406
-46.7895	-34.9605	-47.9278	18.4896	1.49693	6.21649
-38.6654	38.3877	38.0703	-5.08286	-38.4793	15.5431
-14.2384	-15.6209	-6.02283	40.3745	-49.0326	-3.18044
-6.18152	19.4357	-4.1551	9.54161	-18.3828	10.0908
-49.9512	-31.7469	-39.3155	39.6664	-8.34834	4.6043
45.6267	-26.2291	9.51415	20.6137	45.7915	12.5377
4.55489	46.2096	-45.1659	15.8376	-40.7498	6.21517
38.5769	-44.5463	39.6268	34.5882	1.54881	-1.67981
12.27	-6.11744	11.9648	6.2273	16.1458	-0.431679
43.5759	33.8191	-36.7763	-28.5943	17.1773	17.7527
40.3684	24.9931	-48.5748	-47.5768	-5.18967	-3.96265
22.6829	-49.5025	-46.7772	-24.8589	3.22123	3.95512
35.1009	48.2971	-39.3185	-17.7877	47.7416	-1.80903
-7.7929	-8.53145	-21.7338	-33.5841	-0.563066	-2.99815
28.6157	44.4151	-27.0867	-47.9614	-6.2212	13.2254
-37.7926	32.9737	-28.4143	15.865	14.1469	-3.43122
41.5281	-4.02387	-36.9564	0.0442518	36.0958	1.2238
-48.2299	-11.7084	12.978	31.4539	-37.3409	0.132044
-33.4895	40.405	-21.2668	-15.3432	-48.6328	16.2711
6.1388	2.06458	8.72372	30.0012	18.7399	10.2512
15.8589	21.3614	3.68816	41.9858	-24.1081	1.39226
-36.1446	-27.3614	-46.9665	-32.6655	-19.216	15.1482
-47.0122	3.93231	-17.2506	-1.61596	4.1551	-3.76234
-47.9888	-6.66982	23.4489	-5.32701	-25.0694	2.4418
-33.6268	3.34941	-15.3737	35.8364	32.2016	10.5081
37.814	-47.1923	14.4002	-46.4202	-16.9118	12.3562
46.7467	-30.7062	0.868252	39.111	-16.335	14.087
47.6989	-14.1163	-39.697	-19.4021	7.54265	0.96449
-42.2697	-19.3381	41.7051	-31.9452	13.6555	17.8652
-6.34022	-19.0847	-45.7366	28.045	-22.2709	5.31355
8.1164	-48.9532	-47.2472	7.83563	-43.1516	7.18845
32.4061	-8.18964	43.8231	-18.1722	-18.4652	-3.12157
3.67595	36.1263	4.23139	-32.6411	34.17	12.9429
39.526	33.0226	-6.87429	33.1812	-24.5018	4.63091
40.3378	-17.3177	-41.7112	33.8466	19.1397	17.7388
20.1163	18.4439	-45.8068	1.16428	8.28425	17.8294
-39.2331	-21.9779	-36.5902	-38.0428	-46.3042	14.8254
11.7939	1.17954	1.13681	-30.4956	-8.13471	2.17173
-4.13068	-39.7977	19.3686	-8.21406	-44.3968	15.7516
-21.514	44.1069	-37.4264	-43.1425	-12.0441	-1.28371
13.7074	46.6674	-34.8384	-36.4589	38.7631	-1.12258
-43.9238	-36.9472	-48.1658	46.9512	-44.5006	9.16972
-36.642	43.6888	27.6605	40.8536	35.9737	-2.51308
6.41652	-2.05542	-45.9929	26.2352	41.1802	17.8386
-7.15201	24.2576	-6.99637	-18.8131	33.2972	17.5637
-22.8568	44.644	-3.64544	-25.3563	1.35044	-0.309677
0.907926	20.0125	-10.9912	14.1621	-40.997	13.9459
-36.6695	-15.4775	16.2343	-8.16828	33.0653	17.8372
14.6229	-23.7877	-43.4141	18.215	-19.5029	17.8268
35.876	41.8455	-38.699	-20.1498	-23.5923	15.8133
31.2525	-20.2017	5.02792	36.4284	11.9312	-0.186895
-46.5972	43.7346	22.4021	5.73901	42.761	0.790065
-14.6138	2.06458	-48.4832	-44.7722	-13.7349	6.17219
21.4713	16.4174	23.3818	-3.4257	36.3124	6.81327
-35.5159	11.7756	2.54372	-1.90283	-39.4406	13.7373
17.7328	-13.3045	-14.1316	37.6888	-18.3798	-0.28179
-40.5972	24.0287	6.10523	-27.6116	-35.1466	-3.76034
-23.0613	31.9697	-36.1171	14.565	-39.1202	4.19579
-36.0775	-32.3695	-48.4558	-35.9401	35.6685	14.8369
37.6827	-1.73193	15.1997	22.5852	13.1458	2.4342
-8.46126	-8.57112	-19.3564	14.0675	-42.5871	17.3614
6.03809	45.6206	-43.7773	29.281	-33.2667	2.66316
20.7968	0.502029	-37.7895	45.0468	31.2891	7.63819
2.47658	46.7711	47.4761	-26.9372	-22.2068	-4.03342
-24.691	29.0368	34.8476	49.0265	-36.0317	17.0914
39.8038	20.9586	-10.4419	-16.5578	45.0774	-1.05738
-46.6918	30.2149	1.67089	9.83764	-19.4327	8.61645
44.1679	-8.43074	-11.9495	-27.279	-24.1905	14.9751
6.91092	7.49992	29.0796	29.2047	-20.4855	10.8612
-9.25169	-22.0878	-18.2974	40.8414	2.84585	9.23518
-4.21003	38.4182	21.1112	-33.5597	24.7765	14.117
-6.8865	29.1284	34.8842	15.6209	11.1774	10.1337
-34.1639	-36.0408	-24.9779	0.291452	-25.1549	14.4742
-27.0959	45.1445	-15.5843	-17.0431	35.2718	14.5296
-6.54469	46.7254	33.871	-9.67895	41.0855	-3.02637
-42.9014	-31.8323	15.5568	7.72881	49.8413	17.8229
-47.2533	-49.0143	1.34129	-32.8364	12.7338	-0.912649
15.7949	30.6177	34.1975	-30.8893	8.01569	6.96914
-31.4966	-19.0207	35.1253	27.8314	44.7844	4.78738
-22.7897	-25.4357	15.1326	-4.12458	-4.70443	15.9691
-24.8405	41.9645	-49.9664	-32.6655	40.0632	2.46525
-49.5239	-24.0318	-48.3001	-49.3408	-22.985	-3.63372
-26.9005	-25.222	3.80718	-47.0458	31.5394	0.99249
-36.4284	-23.4306	22.924	39.8953	34.7072	10.2716
21.6483	-28.9575	-30.9107	-44.467	46.6002	4.80998
-4.20392	10.268	42.9319	-20.0461	24.1386	-4.11451
-5.10117	15.3981	-22.6188	5.51622	-24.7063	6.53725
-35.8699	-28.9758	-23.632	-6.47145	-41.3694	9.35006
15.1021	35.7967	17.0248	-47.4548	30.9626	-2.4541
22.9362	-31.1731	5.30259	4.63424	36.7763	7.75742
30.752	-14.8091	40.0754	-11.0675	47.4792	17.7227
-30.4682	21.1905	30.0897	9.78271	7.53349	17.159
-14.2354	40.6735	44.9767	-38.5495	-35.5495	-3.11947
26.4397	-7.30461	-8.27815	-12.0899	9.52635	16.0931
-5.82751	1.65258	15.2272	-44.3144	-26.8853	5.02988
7.28629	-13.2313	28.2434	36.285	48.1414	14.8196
-45.4314	9.42869	-28.0328	4.326	-6.63625	11.6054
-20.2292	-25.6066	35.7936	45.4405	-3.93841	-0.138093
-27.7429	9.22727	2.36976	-41.3938	-10.5152	-0.667097
28.3013	-23.1773	8.3697	16.3259	32.8547	2.58451
-32.4976	44.6043	18.9505	-17.3635	-29.6045	-2.59534
3.61187	-34.3837	-8.72982	39.4253	-10.6983	8.98491
-2.40028	25.9972	49.646	-3.91705	22.9423	16.2572
38.9187	-33.8893	14.7786	-38.8089	45.2574	17.566
-28.4783	-37.8048	17.2536	14.3452	-44.2289	10.5834
24.9382	12.4378	-11.0767	20.5741	-41.9248	-3.95874
-49.1028	-1.6129	2.21107	29.3756	49.5178	17.7151
-18.4042	-34.4081	49.6155	9.39817	-15.1112	14.6869
-27.2668	-20.3177	-42.9014	-49.0905	-21.2516	17.8291
-44.94	33.7001	-36.111	-41.464	18.2913	17.8685
-40.1486	-33.0103	17.2384	0.102237	-45.056	14.2776
17.3452	-12.4012	39.7855	38.4701	-5.58336	7.8698
-32.5892	-14.5619	-8.25068	27.3125	0.0625629	13.7796
-35.2565	8.16828	-43.3439	-48.5717	-33.1446	-3.92218
9.95361	-3.33415	-13.86	26.0643	-40.2768	6.93188
13.039	-3.59966	47.8149	44.8881	-17.7053	16.0391
-13.5151	-32.223	-37.0266	48.1933	-33.9961	0.62779
-15.4897	-13.8569	40.8109	-44.9004	-43.6003	-3.85909
32.8364	-25.9972	-45.3398	3.47758	24.8436	0.942633
-13.2588	-15.2791	4.7441	-42.1812	44.0764	17.2036
44.1435	31.6431	-36.6024	-36.755	-5.29649	-3.46326
8.25373	-8.94955	-19.3319	22.7378	38.9187	17.8577
-12.2211	25.3105	-18.5781	-6.17237	3.78582	-0.0226849
14.1713	-33.1233	-6.72475	2.2721	35.4518	10.2461
31.1518	-18.8498	1.42064	35.0307	-14.7237	12.4757
28.3258	26.7632	-28.0847	-4.53658	-43.4751	14.825
2.00659	-41.7753	25.5913	23.3848	-43.524	3.67876
49.4018	29.1192	-40.8109	-22.7256	0.215155	-3.77957
43.5301	-3.92621	-15.7247	-47.766	-9.55382	8.96872
-19.8416	-43.8597	-31.6279	34.5241	7.3809	-3.80862
-14.6077	-19.9057	4.25581	-26.4611	-9.26389	7.7073
-37.0266	27.8436	-20.7572	-35.2809	6.19984	-0.927358
-12.801	-19.6341	-15.1021	-8.37886	43.2615	5.60324
24.63	-33.4407	48.0285	35.6929	-35.0673	16.5985
-14.7877	-3.79192	10.1703	-9.89563	46.9054	17.5475
-49.5025	-23.7236	-36.3918	34.518	-7.63115	7.15869
49.2431	10.9302	8.18659	-18.2974	-21.4652	11.993
46.1852	-12.0899	21.4347	16.5609	-21.3767	6.63825
-3.44707	41.0825	30.4621	-10.329	-8.71761	14.3471
14.8885	10.2588	21.044	-38.3633	-19.8599	-2.65604
-23.6351	-35.3359	22.3167	-28.6859	39.6695	-3.99738
-5.03708	-21.1905	35.6563	17.2597	34.1517	17.094
-5.98315	45.8464	-43.0448	-8.84274	33.9534	-3.8082
-24.6391	-26.2566	-35.1711	20.7114	-47.8698	15.649
-48.7457	-48.0224	-29.2749	-43.8231	11.4063	-0.0362319
-49.0356	46.5789	-23.217	5.32395	1.42064	17.5814
0.328074	-5.10727	28.7042	-49.3042	36.6573	17.5135
6.31581	14.6748	-12.2791	-26.2322	-48.6267	15.6723
7.36259	34.8659	30.3644	-33.3766	-30.7886	6.78328
38.4213	16.628	24.2729	25.2586	48.3551	17.7684
-42.4894	-25.0816	-2.61391	27.9443	26.3237	0.668637
-40.7773	31.814	-16.0939	16.8172	4.18256	-3.65235
-27.1844	-42.3154	31.8781	-30.4529	-14.1072	12.1728
-31.5394	16.924	-39.874	-16.5487	48.5839	10.0952
16.1824	-30.5383	-43.8231	-38.0276	-20.0858	3.47036
-29.3542	-36.813	46.1974	0.767541	19.7745	10.9419
-15.9261	-31.2494	7.32902	-12.2364	-13.9698	9.81409
38.2839	-6.94143	-13.9149	9.09604	-38.7295	2.1618
8.67183	2.09204	22.7226	-15.1234	-3.84991	-1.92568
9.50804	-43.2554	16.5212	-7.55486	-30.2179	16.4917
-40.112	-39.1293	-18.9291	-10.152	-11.0706	-3.8445
-35.1833	19.6463	-48.0255	-18.3248	11.095	15.4253
21.5476	-18.6789	16.8264	-48.8586	19.7928	15.5442
-33.2331	13.8936	17.8823	-8.73592	0.755333	17.6914
-23.7205	8.96176	-30.5689	-46.3591	30.6513	13.6404
-18.8375	23.6412	48.291	-34.2952	46.5575	14.1701
33.166	-49.5605	23.5069	11.037	34.0907	-4.11991
40.5789	46.4629	45.8617	-32.8394	-17.1896	1.88422
33.1019	32.8455	4.77767	-43.5057	5.75732	-1.2746
-26.223	-14.8396	-33.8466	43.3012	4.75631	-3.93507
31.9086	-4.65865	-17.9739	6.00452	-12.9902	6.51824
20.0888	37.8384	47.8423	35.4701	47.5402	3.27649
-47.1709	-36.6207	49.6582	-4.60677	19.4449	1.04823
-11.3483	31.5058	-22.1671	-14.7572	-39.3063	4.29969
-19.3136	13.4663	-8.48872	14.3056	-33.1141	16.752
21.0105	48.7487	-31.9758	34.3226	18.276	-4.08815
2.21107	40.0418	16.5761	-9.91089	-9.38292	-3.3156
-15.4439	-10.0543	40.8139	-48.8617	-10.6738	1.02819
43.3775	-2.97708	-26.1895	24.929	-6.8865	-2.98141
-23.9525	-41.5311	-13.5762	20.2231	-14.0889	9.28747
-22.631	18.038	-40.9268	-27.6177	-3.4196	0.140953
-38.5464	14.9342	-21.3065	-40.7041	18.3859	5.69668
38.7814	33.5994	-15.801	-32.0002	37.4752	-2.54271
33.3613	-18.0441	29.8975	47.4059	33.3155	-3.5899
43.0479	13.1703	49.7314	14.6443	-0.0381481	15.9331
42.2575	-44.644	41.9431	16.9729	0.169378	5.01311
37.7651	-22.7561	10.5579	-20.275	41.8027	15.0603
-33.871	-46.3988	-16.5975	46.5972	-38.4945	7.9382
-33.4681	-37.524	10.6708	0.727866	48.4741	6.46493
36.0225	-22.5547	1.64037	-48.4191	-19.5761	-3.10022
-30.8222	-6.77053	-48.3337	30.0317	47.5249	0.171771
46.4202	18.218	-20.4489	-31.164	20.7358	17.0031
36.9747	28.8476	12.2822	-7.61895	-11.8427	-3.09016
-39.2758	8.97397	-20.6015	33.5078	-7.622	13.2228
-49.823	29.5312	15.2028	-8.94955	2.7543	16.6198
-13.6189	19.8599	-5.37889	9.95056	-0.450148	-2.58757
10.6464	27.6727	5.68102	-5.69323	-19.2618	-3.36428
-46.292	20.3787	-33.5078	31.1487	-45.88	15.8019
6.61794	18.215	26.1101	-25.4784	-37.4538	-4.00854
-0.00457778	29.1345	29.1314	-18.685	-24.9931	17.87
-27.1661	3.74004	4.61287	-29.0277	-34.3135	-4.10354
47.9766	8.41243	35.4152	-11.1896	-2.57118	3.9104
-0.923185	-40.1761	-14.0675	16.2923	47.9522	15.9821
-11.568	-0.383007	1.12461	42.5352	-22.8629	3.25037
-43.0662	36.404	-17.5985	18.2913	-42.3521	16.0844
42.407	-2.04016	-3.10526	-31.9178	6.15711	10.8013
20.1834	-6.10218	-26.2383	35.9706	-20.5435	14.9826
2.16834	-6.01672	30.2545	-38.348	-29.2047	5.57031
11.4124	1.21311	-0.465407	43.3317	19.8508	-0.444649
44.0611	27.6543	5.60778	43.2951	-7.67998	3.75993
-21.1386	8.75118	29.397	49.9542	-49.4903	17.8567
-16.9973	-29.516	40.817	18.5476	8.00348	-0.568097
-44.7752	-33.8588	27.5506	-44.8607	4.08795	6.9161
10.6708	34.8903	-32.4274	-8.2812	-12.0014	14.1652
37.1151	-6.37684	9.36155	-34.1395	-43.3409	-4.08726
39.0561	-29.574	-38.1222	17.0827	-46.0387	-2.79073
12.3737	-49.5392	-15.1479	19.8477	-2.03101	17.7908
-28.5424	5.88855	-47.4944	-30.8679	-18.7979	-0.269793
14.9556	-13.628	-43.5972	36.5566	46.0204	10.7953
-44.0794	-2.76955	-47.4242	21.7185	39.7763	17.0014
-33.8588	24.4652	-49.9512	-16.8752	-30.0104	-3.28373
-45.6145	6.41652	-35.8882	11.3269	-26.22	14.3472
29.1528	19.7501	-26.9066	1.84484	6.62404	13.2534
-2.9252	27.7184	30.7276	-15.8956	45.0926	10.4095
23.7327	-21.8528	-31.5424	13.1794	-46.9085	-2.80929
-2.0127	-41.1832	-28.4387	-47.7569	-10.4572	-1.23998
-18.6331	19.4754	40.1364	-3.97809	-43.6552	15.8426
-3.35246	46.2554	32.9218	-24.6086	-36.2575	0.0770079
31.8262	36.9198	17.3971	-32.6472	-42.6847	14.6897
-24.1111	-19.0817	-44.7966	-0.672933	10.6952	11.9466
-38.6441	-42.8312	-29.9493	49.3439	-49.0448	16.3136
-2.27515	42.3826	-15.8528	-10.1978	-44.4945	-3.5564
33.7977	-47.4487	45.9044	35.5098	-47.8088	2.32033
12.1662	-47.4914	-30.3369	-43.2707	-29.2657	12.651
-19.2038	11.3117	36.8343	-38.4335	-24.0135	6.32938
39.2788	-37.4783	5.14084	35.11	37.1364	-2.21836
9.11435	47.4242	-45.5321	-36.7275	9.48363	7.81836
15.6178	24.9779	-22.5608	36.993	-18.1143	-4.11093
3.44707	39.3185	-27.813	-24.2912	37.9971	14.3471
44.8393	-43.5545	35.522	-24.3217	15.7735	-3.07696
-14.3788	40.2127	30.4712	8.30561	46.8841	9.37185
11.1347	39.7122	-43.8505	-48.1719	25.2647	-4.07835
-12.8162	13.8813	-30.9839	30.0928	20.8853	-0.844284
16.0695	9.04416	0.923185	43.6674	17.8701	16.8955
-34.7316	31.164	4.85397	32.693	-36.6604	-4.00952
-3.75225	-29.0429	32.5404	22.6432	-18.1661	9.62284
3.60881	26.6991	-17.2414	16.8661	22.8721	16.4459
-15.6606	-1.86926	2.14393	-16.0146	16.7287	-2.63578
-46.0356	-24.9443	45.764	-15.4073	6.59963	12.5754
1.01474	-41.3266	46.3378	1.37486	32.3359	10.1157
-49.2035	12.6942	-28.8202	25.0725	39.7549	17.8374
23.4428	-31.2006	-45.4802	48.7182	11.8274	4.78737
36.1599	19.9759	-45.3154	-27.7123	-36.404	17.5432
-20.6687	47.0885	-2.8428	42.3582	4.25275	17.5208
24.8466	-2.11035	-36.7061	-3.56609	10.0909	2.76759
-23.4642	-34.9513	-44.3785	6.53859	-37.0083	4.46669
-15.2577	40.051	-19.2251	-16.2862	14.3269	8.8744
9.82543	-5.50401	-22.4845	15.746	-5.98315	-3.99132
-34.1731	24.0287	-2.00659	-28.0602	-12.0838	17.7039
0.517289	9.21506	9.37376	-17.1712	32.6167	12.8061
46.9756	40.2402	18.9627	-45.3581	39.8038	5.92658
34.4447	-29.9677	45.114	3.18155	42.4802	4.99253
43.7956	-46.9298	23.0369	-42.6084	-41.3816	-2.04755
-19.1397	-30.0806	-15.2333	-3.94147	38.9798	17.1002
-3.03201	-38.6685	7.47246	38.6074	24.7795	16.7048
12.859	2.93435	37.4874	-33.6848	-8.1164	2.25996
0.437941	4.71053	-4.9913	-13.9973	-36.3765	15.9033
20.1132	9.09909	37.2524	6.08386	-26.162	6.9466
-4.57015	-36.7336	-9.6118	-18.2699	45.7762	12.5912
20.8182	-0.0167852	-17.8213	28.811	2.36061	12.3134
12.0441	30.0195	-29.107	6.20594	49.4598	-2.42978
-46.8596	48.7609	-29.0338	39.9991	-12.5874	17.8274
47.232	14.8671	-39.1293	-44.4517	-14.8793	9.11818
-29.4275	-3.2548	5.55589	-37.5851	-43.8475	-1.91422
-10.6372	-25.6401	31.8628	-27.2057	6.89261	17.7872
-7.73797	48.1017	-30.1019	11.1347	-6.14795	14.014
-2.53456	-31.8018	-49.3194	-49.0417	-38.4304	5.87518
-18.508	-41.7844	-6.65761	17.8152	27.6482	14.0977
-20.0064	32.6502	29.9097	-30.5322	15.7186	-0.874722
-44.6226	31.5943	-23.8945	-3.13578	0.355541	9.20557
-43.3836	45.5718	-18.392	-13.5548	18.1661	8.57912
-21.0044	-5.49486	6.07471	-9.22117	47.3357	11.0797
-11.0218	-49.826	-2.0188	40.997	-39.1751	1.92152
-19.7592	-41.3297	43.173	-9.20286	13.0421	17.8012
-4.55489	17.3879	44.4304	33.6726	-42.0682	6.21517
49.9481	7.19169	2.55593	-35.6716	37.8811	17.8692
-16.8538	-27.9901	14.1926	-36.9594	35.1985	9.04347
-22.0054	-24.3461	42.935	-4.95468	22.7042	-3.98173
0.199896	-1.04831	21.0379	13.5823	-31.9269	17.8517
32.5953	31.9483	-25.5699	17.4917	-49.649	-4.00476
-5.11338	-5.80615	-39.2239	27.8191	-4.56404	13.0184
29.0735	40.5087	-46.3134	-31.8751	23.5771	17.837
28.869	44.2961	15.3859	-33.8435	23.2444	-3.85556
-30.7642	-6.8865	45.0285	41.2687	-21.2088	12.8601
-9.03806	19.8111	-31.6156	-26.3024	-14.5375	-3.79229
-25.3807	-38.9096	7.96075	-5.84582	-31.7804	-4.00094
-41.0428	-34.7346	8.7878	46.8902	8.55892	-3.55503
-0.318918	35.7784	35.5831	-47.5402	-18.7918	17.5689
21.984	-26.9494	-13.6402	36.8831	-6.00757	13.3418
6.54469	37.5088	27.9565	-11.0187	11.6871	-3.02637
-32.4366	-46.1241	5.32395	-46.82	-47.0305	2.899
23.6534	-48.9746	-48.0346	46.0051	-14.8183	11.139
18.1722	-25.573	-30.3858	-46.7345	-38.5678	1.71933
9.33409	49.1699	26.8487	8.83358	48.0438	8.94305
34.2494	36.1476	-17.1499	33.7214	13.5914	4.10423
10.2954	-39.993	-4.94247	-23.6503	6.10828	4.36268
47.0428	30.2454	22.7378	-11.3727	1.82653	-3.67009
-43.2737	-22.7744	4.01166	-22.8721	-7.57927	10.3533
7.40532	35.4793	15.3523	-16.0024	1.63732	3.93429
-17.1651	-27.6269	47.8576	8.6108	-43.6827	3.07792
-1.38707	39.4345	-8.05536	25.2617	-44.5585	16.7997
16.4449	2.96793	12.3096	-4.89975	11.6993	-3.12986
24.752	-26.2535	-17.8365	-18.9047	-9.40123	12.3414
-43.4019	-15.2089	42.4894	30.0439	-26.8975	7.04246
13.7959	-29.0857	45.5168	-16.8142	37.6766	-1.90939
-34.0083	-27.1783	25.5821	-48.2025	-43.0845	14.0549
28.5028	-11.7847	29.754	-39.1507	-2.74209	9.12071
-41.5586	35.0948	-39.7824	-37.4813	43.8292	-4.08625
21.5537	14.5955	33.3247	4.03607	-0.163274	15.396
-27.2362	-29.4122	-15.5202	-0.831629	0.618	8.56413
-34.0663	-7.622	1.67089	-9.50194	-23.8212	8.0074
5.77563	-22.2587	-32.3939	-33.4101	-43.7651	3.14892
0.505081	-40.9024	-33.8984	-24.218	-32.4946	13.4322
41.5189	-12.4836	48.703	7.76849	32.1558	12.1803
15.9108	-41.1191	2.29041	40.0082	18.3035	13.8239
-26.7327	-3.81634	41.8912	-22.2312	-47.9217	17.6544
30.5261	-0.593585	5.04929	26.4092	-27.9626	15.1304
-17.6534	30.8649	33.8343	-31.2189	14.1591	-1.40829
31.9971	-47.3479	9.9292	5.11032	-5.71459	2.0542
25.396	17.7664	-11.2171	-34.3257	12.1784	-4.02217
-49.9512	27.4926	2.41554	-35.3755	40.8444	4.6043
2.31178	-38.4518	-39.1354	-42.053	-46.7559	9.16031
42.8282	-7.67083	5.05844	-14.7328	33.1477	-2.4448
42.8983	46.7895	5.76647	-43.3348	-48.9227	-2.17755
-15.3584	9.09299	-16.2954	-4.18256	-37.878	2.90446
-26.2139	1.54881	-3.45317	27.0318	-11.8824	6.4599
0.312815	-31.8659	29.1528	-30.4041	-23.0552	17.6017
21.334	-18.6178	-5.98621	10.5487	49.3744	16.3355
-37.5088	-0.270089	12.0808	-8.71151	-10.4083	-3.87964
-17.2689	1.62206	12.6667	38.4518	48.178	14.5542
16.3076	-5.6505	39.8068	33.9717	2.0188	4.10193
-30.166	29.7693	-27.9199	-7.97906	1.86316	3.48221
-17.5588	3.12662	25.631	38.9584	2.90994	-1.08979
9.95361	10.033	42.4131	8.69625	-14.2567	6.93188
-21.5934	24.456	-22.1824	2.35755	47.4639	-0.474313
-11.8549	-8.43074	-5.53453	27.4926	9.66979	13.8971
-49.8291	25.1335	-11.8702	-46.3866	-10.625	-1.46069
48.4924	32.8608	-38.0673	-23.8273	35.0826	1.51228
-14.5466	7.09098	11.7542	-24.4682	41.464	17.8425
-49.8444	19.7897	28.1793	-12.1662	-5.61388	9.05609
48.2025	26.2566	43.8688	-25.0908	-37.466	9.28717
10.2802	26.5404	-24.7917	-40.9391	1.24973	13.9748
-6.60268	10.979	-24.2729	-19.689	-33.8954	8.79998
-28.0358	29.0735	-9.53246	-12.2242	-37.5301	17.453
-44.7356	25.9911	17.2231	31.0999	-16.6463	16.4043
25.1793	13.2588	30.3797	18.8742	32.0124	13.0223
12.1296	-3.08695	-34.0693	42.4314	-48.7182	-4.12322
-7.34733	-34.1121	0.761437	42.4986	-2.08594	-2.09856
-19.2312	-38.0001	47.6043	-3.20292	-0.480667	5.15745
-14.4826	-40.1761	45.6145	-4.7441	-24.16	-1.1188
43.939	-35.0703	11.6016	36.1476	38.3297	-3.51518
45.8861	6.24561	-49.9603	-27.9015	11.3758	2.65254
29.8761	-42.6817	0.331126	22.7714	-31.4386	5.64321
39.2727	10.6433	-27.2698	27.752	-20.7968	15.8413
4.1551	-45.1872	-13.9912	13.7532	4.00555	-3.65372
-49.5544	-3.43181	40.6735	-5.48875	23.9036	15.9457
-35.1009	-1.31687	44.1465	-34.0815	-19.6371	-1.80903
-14.9953	15.3951	-23.4275	30.0684	26.22	16.0281
14.687	28.0419	-26.867	-31.9147	-14.5344	-3.942
-2.14087	3.37382	-0.0869778	-2.44606	13.3106	4.06925
-21.3858	-20.8762	35.9462	-2.39723	44.7295	10.1376
-28.338	42.1171	-41.6196	32.5251	-26.1711	3.79136
11.0096	9.29746	-44.3907	31.1853	-3.1785	-3.30134
-34.8354	-12.6453	20.1468	30.6787	1.41148	13.6469
45.0804	7.93634	3.35551	18.3889	-40.3928	10.1732
-43.5698	16.1946	1.20701	-41.7142	-14.3971	17.7084
-46.7437	15.688	39.5932	-37.8353	-22.0664	15.0992
31.0846	-32.5007	29.0246	7.07877	10.1764	5.33719
-36.3369	41.171	-34.2128	-42.6115	25.6127	12.605
23.6625	-23.986	-34.4722	49.0081	17.2842	-4.12798
-17.9525	-48.233	-17.8396	27.5445	-33.9473	13.4946
23.5557	-9.11435	42.5901	-43.2035	-35.0307	17.7333
-38.1619	35.7265	-15.392	-15.7186	22.4326	17.8631
18.1051	-14.1896	13.1916	5.51927	-42.758	16.7943
9.66063	-1.47252	36.8862	26.9921	30.9442	-3.92867
-23.104	-26.2444	4.55794	21.3981	-27.0135	3.69523
-27.6269	-19.7531	-16.9912	12.1448	12.8224	-3.93432
-4.4908	-3.63323	-12.1998	-40.82	-25.0725	9.28654
-12.8193	-25.573	-16.805	-32.2138	-35.9066	15.5793
26.635	29.5007	-35.168	30.8893	-45.0133	16.6556
-49.3957	5.85803	26.2505	19.2648	-10.2893	14.7249
43.7193	-5.80615	29.6564	39.526	-19.5608	3.34383
38.2687	-3.34941	-44.8607	40.997	-37.3165	-4.12411
20.159	49.1974	0.437941	-46.5087	-41.4884	11.9057
47.3296	29.9371	2.88247	-32.0215	32.1497	-2.7942
-22.5883	29.8273	-46.588	-46.2096	48.3734	17.4712
0.105289	20.6595	35.2077	2.52846	-1.13071	17.8696
-28.6676	-49.707	31.9086	-41.1191	30.633	16.6992
3.0137	36.0012	-2.45521	48.7487	-14.391	-4.12705
-40.3897	-34.17	-33.4407	44.0458	9.04721	8.17469
-37.7407	-13.7928	28.7896	12.2242	15.0533	17.8529
37.1578	-40.8902	38.3633	-14.4612	-21.5812	15.593
-21.0776	42.8678	-3.97809	27.5109	32.3969	14.5051
-46.9604	35.1558	-43.1883	37.4081	-39.7671	17.0774
43.9817	47.9217	-15.041	34.0571	35.7814	-4.03294
44.6379	42.7152	24.3034	-47.1831	-4.77767	3.95855
-9.25169	-33.8099	13.1306	24.5231	-32.3481	9.23518
-45.4649	-49.5239	26.6137	-44.879	2.5132	-3.62438
0.593585	18.5629	-20.864	-49.414	36.8313	7.51504
45.9807	-44.1343	41.3083	8.3758	-19.097	7.2543
-39.5535	25.4997	-15.9169	2.73598	46.7071	-4.05378
15.5507	-44.8546	2.80007	-3.99335	-48.5992	9.0477
-0.349437	3.13883	23.3177	-5.15915	-37.8262	17.3507
30.2179	18.63	17.7358	-48.4375	34.1243	-3.4099
-48.1506	-0.132756	9.97192	-6.10523	19.3014	-3.91897
1.9303	-43.6552	-0.376904	-40.0571	29.3664	5.06866
-42.5779	-48.0743	19.4449	-47.3724	29.4122	16.9133
-30.5841	-9.7644	-0.450148	23.4428	44.8424	17.8661
5.66881	-14.6321	-2.04627	40.4355	16.3839	-1.0997
-3.9079	31.106	-36.8191	27.0562	-9.19065	1.76412
-23.6595	10.5914	21.5842	38.5617	14.2872	-1.82215
27.5811	-45.0896	-44.583	3.99945	-34.872	15.0872
39.5688	-42.6298	-13.1886	-18.6666	5.04013	17.5441
-5.32395	45.8068	-24.5689	-41.8516	-16.7531	0.106737
-25.9117	-4.50606	22.5059	-1.21616	-45.0224	5.65738
10.3534	-14.7908	49.176	7.24357	-13.5731	17.3283
28.8934	-9.12656	-1.52745	-39.9533	-22.7653	12.5824
4.84481	-20.2261	45.9136	32.0856	-2.30873	13.5999
44.8637	-27.694	30.3156	43.6155	-33.3125	17.7427
-16.2984	-1.48167	32.8181	14.742	1.36876	15.3505
33.6756	41.9645	6.13269	-17.3879	-12.0502	2.5449
-7.64031	-6.39821	-30.7306	-14.3239	11.4338	9.91585
43.5484	-33.9076	-49.2706	-36.8343	7.23441	17.3989
39.6481	-27.6543	-36.9015	38.2962	-21.688	2.67067
-12.4378	43.524	-40.3806	4.08795	8.38191	16.8632
-15.4927	32.815	-23.2688	-28.2311	-23.6473	17.8588
33.3094	-19.0542	40.6674	29.1345	-15.7521	-3.96709
37.1822	34.0571	-5.07675	-47.6806	26.6808	0.968447
14.2964	18.3432	-41.409	-28.5577	9.77966	2.64062
-18.9474	7.53655	-40.3378	1.08493	-44.171	7.81974
-12.6667	-42.6756	48.7182	35.8119	44.586	-3.19633
-3.46538	-9.41649	-45.4192	-13.4175	-18.7551	15.173
-12.6759	-37.289	14.2293	1.00558	43.6003	-0.104753
-23.6686	38.7356	-6.69729	-16.4968	-36.5627	3.22623
-14.7359	45.2086	8.1988	-16.4998	36.5902	17.8433
-25.1396	13.8783	46.0234	19.9118	-16.4968	-3.81026
-1.76244	3.6668	-10.0024	18.6178	33.5383	3.50535
45.5718	11.6962	38.8302	34.3745	6.50502	-3.89889
-4.98825	21.1966	-1.67089	-42.5565	-14.153	11.8422
1.50914	47.5768	-6.75527	-34.4874	-11.7878	17.4334
49.6033	-17.0186	-37.817	40.5972	45.1445	-3.2137
-1.36876	27.3614	-48.1414	-38.5189	-12.3096	17.348
-19.4845	27.694	39.2239	5.36363	-24.9748	17.3298
0.984222	-49.3561	-28.048	-11.4826	-26.7205	15.8864
37.8231	-28.9453	-9.25779	23.6564	48.5595	17.5777
-45.7732	-7.8692	-24.4499	-1.67394	-32.3054	17.5673
26.1345	-37.7346	36.2789	-33.2331	-31.5455	16.245
-18.2791	43.5148	33.5841	46.3652	-18.9199	11.0041
41.6898	-36.2087	41.1313	-38.113	40.0784	-0.469279
37.8018	36.7794	46.3439	-0.721763	42.2239	-2.20521
18.2394	-4.67086	39.6207	-42.8495	-27.9626	13.3515
18.8284	-27.5872	-25.1335	-7.31986	-30.6574	0.720806
-17.7999	-34.3806	47.766	-41.0581	38.0886	-4.03631
-43.878	5.07981	-9.41954	-37.6797	36.3308	9.0637
-25.3227	44.2869	34.2006	-39.8068	-30.8344	14.589
8.86715	-42.5352	-44.0184	35.2412	-0.260933	6.70415
-30.6909	11.7817	-40.3317	-46.4721	19.0939	15.361
-48.175	2.79702	40.0388	-5.08286	-30.7184	17.5979
-37.2921	-17.7694	26.1773	31.0938	23.2078	7.90782
24.8497	40.2158	20.513	-11.3208	42.2941	10.6648
1.19785	32.9737	-40.994	26.3604	9.3585	17.7625
-9.1113	47.6531	44.5311	-11.3208	-6.95669	-0.214886
-3.97809	9.34019	41.232	-35.8547	-12.7461	-3.37043
49.5666	-3.81329	20.2383	12.5294	23.7327	-1.87172
31.7194	15.5324	-6.93533	-33.3247	-2.14087	-0.357772
-13.6982	10.8875	9.72167	18.4622	-42.4863	2.56854
-48.4924	-34.8933	0.40437	27.7306	11.6779	1.51228
15.3188	28.1243	-2.01575	-24.7551	-2.0951	-3.92037
-28.3654	-39.7702	10.3565	26.4428	-13.8386	16.5229
10.9607	-8.94955	38.2504	31.4753	5.67797	8.85921
-3.62102	9.48668	-10.9058	19.7867	-9.78271	-0.529672
28.2739	5.47044	31.5668	34.8445	-33.5932	-3.41542
39.2605	-7.16117	41.4457	40.3958	40.82	16.7073
2.95267	10.6494	2.29957	42.0835	-48.2757	-1.09602
-33.7703	-48.8525	-15.1296	46.9298	35.11	15.854
5.46434	-34.1578	-8.00043	-23.2505	27.517	6.61354
26.1498	29.5557	15.1143	40.0082	-36.0591	16.2651
16.3533	-23.7388	25.7347	-2.12867	45.3276	-3.19856
-15.2425	-49.1028	-40.3348	-19.686	21.9871	17.6778
2.65358	43.9573	19.1183	-0.505081	-18.4378	-4.12981
-6.55385	-49.527	-49.4903	39.5413	47.5524	16.7502
20.6442	-7.24052	3.94757	32.6441	-24.8436	16.5704
-34.3379	-21.5781	22.0328	-8.59554	-4.87838	-2.03316
-38.8913	43.7864	-32.3481	-11.0858	-29.0979	-3.5443
-35.4701	-15.8498	15.9261	22.2953	27.3583	8.97385
1.90588	-27.7398	39.5047	-28.0511	14.8183	17.6214
-12.5782	-49.5056	15.0563	20.7175	-26.3756	15.2703
-48.5229	19.4693	27.0013	-28.5791	-17.4368	-3.31792
29.5587	-43.5484	-5.26597	5.15305	1.57323	0.629856
-31.1121	28.4265	21.7551	6.77664	-35.757	-2.95897
-18.4774	28.7469	35.5586	-17.2689	49.2676	15.4488
42.8282	-19.3533	-32.3084	-12.981	-8.30561	-2.4448
27.5536	6.78274	49.2615	9.61486	30.3735	17.1293
17.0736	-3.27616	28.4967	1.0361	-10.2405	16.9259
24.8314	5.10422	-9.80102	-39.9686	16.5242	10.9647
-24.9779	-12.1632	17.7938	-27.34	-25.9911	12.7387
21.688	24.8009	23.0583	17.3513	-18.3248	-2.67562
-46.115	-28.6706	-22.1458	48.4588	15.8834	1.44018
-23.3665	-46.9024	-45.8464	-10.1459	25.4601	-3.49994
-37.4447	-46.5239	22.28	-3.40739	-34.756	10.4114
33.2942	10.7959	-27.6574	38.4915	38.8211	15.3808
38.168	-0.7828	8.4582	44.528	-27.9717	3.20746
-48.9044	-26.925	47.9186	-3.87738	-1.88757	-1.69088
7.93634	14.2415	-11.4429	34.2921	-4.13984	10.262
-49.6521	12.8101	-32.8913	-29.2901	35.7662	-2.41225
37.0144	22.1061	16.0817	-10.9119	47.2015	14.3973
-34.3623	9.50194	-2.09204	-29.8822	-1.04831	17.407
-47.2381	-9.72167	-28.75	26.632	-20.9738	9.8692
-24.0379	43.6369	-47.3754	-22.7195	35.4946	-0.711884
-46.8627	6.90786	24.8405	-14.7755	-44.1893	13.3917
-44.055	-31.5546	-3.49895	-47.0672	0.0717185	-1.8473
44.6532	-2.98929	-0.645466	10.8966	-19.921	3.63175
32.5404	30.8252	11.8915	-37.8323	17.1682	-1.44833
25.8568	-44.7417	21.0959	-49.9268	-32.1924	9.3514
-1.79601	13.4083	27.0898	22.7683	31.7621	1.35076
48.0743	25.0603	-1.10019	-34.7133	45.5321	13.7317
-12.7644	2.84585	19.7195	-29.6564	-12.2822	16.6841
-41.1679	32.7723	28.1762	3.15714	6.10218	4.60113
29.165	-32.4396	-30.2057	40.2676	-40.9879	17.7947
-22.7226	-46.0143	14.2628	-42.4955	19.7775	15.0072
14.3239	-35.522	28.9972	-8.58943	-16.5242	5.44964
-22.2861	8.65047	-49.9695	47.9003	-35.4183	14.9237
4.71969	0.596637	-46.4995	-45.0316	-25.3471	17.7421
-20.5832	15.4347	-18.7826	38.0825	27.6452	-3.70314
-39.9167	-35.3969	-20.1376	-5.33311	-22.5608	17.4396
-29.2352	46.2828	-38.0184	11.9068	49.7192	-2.56355
-12.45	28.2311	-30.2332	26.0369	49.704	-2.25949
45.9746	-28.6798	-45.1109	-30.9473	-49.1516	9.34595
25.9026	9.48973	-27.7001	-26.2444	-42.1323	17.2316
15.6301	35.4274	-23.3634	-38.2992	-1.07578	10.0237
4.50911	2.56508	14.3056	-39.6664	31.5729	-4.12402
-19.3442	22.6859	45.6877	28.6065	-23.4428	4.28055
35.0948	24.7276	-7.12455	29.0002	-6.2212	0.380833
45.3795	6.63015	-36.8465	-42.5535	-21.1753	17.0986
-35.6349	21.3614	-28.4021	21.0471	30.752	14.0495
1.8479	14.8213	-33.6055	-17.6656	46.1211	6.11681
-0.798059	18.9047	36.1751	-34.4478	-47.0519	-2.60254
-43.1089	18.4927	47.9217	-36.6329	16.5181	16.4437
-23.4825	34.4111	8.33613	9.92004	-13.4022	15.157
7.75018	-45.6542	43.5209	-38.2809	-17.864	1.2534
49.3011	-47.8149	11.6047	35.5068	-11.8641	9.32592
14.8061	-41.586	-25.161	-20.5405	-33.047	14.8232
-38.699	-24.9107	-8.75729	-23.7541	-47.1709	-4.11198
-17.6443	3.77667	-3.99945	40.4569	21.9718	8.23662
47.9553	-37.1273	-23.8243	2.06458	-42.9502	-1.02458
-45.9502	47.4487	-46.7223	10.0909	-30.3888	12.45
-7.4633	-4.76852	-5.05234	-44.2473	-6.59047	0.0638927
-29.6319	-30.7123	34.4478	49.2645	35.8242	15.0411
47.5097	-44.8729	-16.1245	-46.0967	-8.24763	15.0874
34.1548	-10.1459	-28.1518	35.1711	-2.49184	6.93115
-37.0815	31.4447	15.5263	-7.50298	29.3603	17.8568
-0.822474	47.2777	-15.9993	19.7867	-42.4986	-0.130298
10.2557	0.920133	-7.73186	47.8729	-16.9088	6.70739
48.4466	-41.9553	6.1449	-0.541704	-48.236	-2.59413
12.8864	-18.9901	-44.6776	46.8596	27.2271	-1.73443
-23.9525	45.2879	-16.036	-1.75634	6.02893	9.28747
-43.8597	-40.6125	16.9546	8.10419	-4.20392	-3.09341
41.2473	-46.5209	-1.47252	-14.3239	4.77462	-2.41778
13.6006	15.4683	-5.29344	42.8465	-30.2759	14.746
38.6196	43.0509	-32.7082	19.4113	26.1589	14.3662
-46.3347	-33.3094	-25.4936	-40.2554	-20.1163	-3.79742
36.2117	34.1578	38.1283	-12.9719	45.1323	-3.9928
44.6318	10.0146	16.3228	-42.2605	-0.727866	5.45234
-13.1642	9.1052	-26.8853	-18.4347	26.0155	17.3038
19.5425	-0.498978	4.49995	25.341	-6.0625	12.1758
28.9026	49.353	19.1549	44.7691	27.456	8.21192
-42.9868	16.863	-2.4369	7.28019	-25.0298	17.8686
-25.5089	38.7875	-4.62508	13.0848	39.8709	17.8686
42.7824	-34.7591	11.2598	-37.9482	5.97095	13.741
46.7895	-27.8008	5.65661	-33.5902	-19.7867	6.21649
-37.7255	-39.3338	36.7916	29.4397	33.7184	17.8552
-11.5833	29.0704	20.7419	-28.7957	-5.70849	-0.234502
-1.18259	22.2251	16.0024	-32.168	-12.5752	15.8938
29.7021	-29.2535	-19.158	-9.73693	-25.3258	-1.23011
38.0612	-15.865	28.9758	20.0034	-3.9903	17.6628
-6.47755	-44.0275	-41.1191	-36.3124	5.69933	6.57956
-30.7001	-17.214	-40.109	34.6431	-34.0419	15.2982
33.9625	8.1164	9.1174	11.8427	8.13166	1.00394
-9.0228	21.9657	-43.6033	23.0094	7.13675	7.2928
-28.2342	-29.8517	18.2638	33.932	-12.4866	15.333
33.166	2.54982	48.7548	-23.0979	-47.3327	-4.11991
13.2466	12.3829	-11.0858	37.8384	4.4908	0.650607
-32.6807	31.2311	9.99023	29.1925	-45.6816	7.21136
33.2179	-23.7877	30.578	0.184637	-5.01877	11.5804
44.6257	8.96786	-20.0186	13.2313	9.32798	7.76579
-20.6565	6.81631	24.4926	-16.7409	-14.6107	17.3621
-47.7599	-43.6583	6.97195	-14.4337	-49.5331	0.697214
27.282	11.5406	-23.0705	-10.4968	-14.1499	10.3328
-36.3033	-27.7825	42.3002	29.6381	-28.6889	17.6024
-4.07575	41.0978	-5.20798	-22.6554	14.919	16.0693
48.0255	-43.3195	20.4093	-30.7306	25.1549	2.18567
32.2779	-9.94446	18.8925	-42.9502	24.9565	5.73263
-45.0926	-28.3715	29.0216	2.29652	-8.21711	-3.82059
8.41853	14.1224	47.5036	-6.10523	-28.8629	-3.74234
-27.8802	-24.9199	-13.6921	28.7835	13.4541	16.943
-48.5717	26.7296	-12.4042	31.3746	10.8997	12.684
19.7684	-39.2636	-44.6226	8.00958	22.8172	-0.310216
-36.816	29.0643	-3.5905	-28.3502	47.4395	2.51854
-34.5119	-24.7642	3.86822	45.6664	-16.7592	7.19771
-6.53249	8.32698	33.9228	-23.7358	-47.0824	8.26578
-21.337	-15.923	20.6168	0.474563	-0.941496	14.9233
19.039	-28.7622	-49.7528	40.3317	36.9472	6.79995
-48.0651	26.1925	-5.4796	19.9118	-8.39412	11.9388
-34.1151	26.0887	-7.01773	9.89257	-23.9341	1.37234
-32.1924	48.8952	5.39109	-19.4693	39.5383	9.49079
4.29548	49.4995	-48.9288	17.9556	3.01981	10.2863
39.0713	-37.9879	35.406	32.0826	10.9851	17.5497
-40.9696	35.9554	-34.0449	-28.2708	-17.1468	4.30738
-33.1751	4.83566	45.1933	38.4457	33.2728	4.66969
22.4509	-8.31172	-49.649	-4.90585	-10.9424	-3.89968
1.45726	-5.19578	32.8516	-14.7023	15.6484	-3.33263
49.1699	-38.0612	-27.5536	-21.9901	49.4507	-1.23095
22.6493	34.7835	-29.6655	-3.60576	24.2973	7.24095
-40.3928	34.8567	0.874355	-28.3685	-29.3695	17.4638
36.6359	9.13572	-48.4497	-19.7409	-30.8313	3.33109
-1.43895	8.30866	-23.5191	-43.762	-15.4195	-3.03598
-14.6779	9.93225	-46.8047	29.3115	-38.2748	4.54488
-3.19376	0.7828	-7.40226	-38.2717	3.1724	-4.08587
34.6217	16.0665	-34.994	26.397	3.48369	-2.70861
-19.2068	-3.85296	39.2422	-0.520341	29.2474	13.6845
21.3492	12.2944	-46.7193	-7.89666	30.4712	16.6046
-19.6707	-2.46742	10.5731	32.5465	-31.7408	5.63771
-48.5076	-5.13779	42.8983	42.2544	30.1752	-2.89009
9.39207	-9.99634	1.70751	30.9351	25.3929	1.66263
20.1773	-22.3533	0.804163	31.5119	28.2586	-3.83188
-46.82	37.5607	43.0662	-7.61895	-28.3105	-3.89017
27.7306	0.523392	40.9879	48.291	-25.3746	17.3329
-2.1012	30.1721	-49.7162	19.5578	31.634	1.86451
-40.4782	-37.8384	9.31272	10.6189	4.56099	5.68226
0.785852	13.0757	17.9861	-6.12049	-3.5844	-3.39663
41.8668	-34.7468	9.18455	5.17441	-26.3512	15.6535
29.5038	36.2575	-31.4173	37.2402	14.1926	5.11075
45.0621	-14.217	-41.8912	24.1997	27.0592	-1.60879
14.0919	19.2465	-4.21918	-32.1375	-36.5078	15.8472
40.1547	-27.9839	-16.5914	0.7004	27.1813	15.7191
-35.6075	-2.32093	28.4295	-1.78381	-8.84884	-3.52796
-9.82238	-44.5402	34.9727	33.0073	-8.72677	-3.74842
23.1803	-34.1212	-3.11747	-46.5239	4.16425	0.249411
32.8211	28.28	-23.1346	38.4823	44.7508	-3.0782
-37.1029	16.6921	23.2994	-28.6554	-41.8607	-3.68996
-48.6145	21.4377	-20.1468	-4.86923	38.992	15.2586
4.49995	-31.7957	-8.14692	40.2463	-3.79498	13.5269
-2.46437	18.0715	36.343	31.5119	-22.7317	8.81578
-47.3998	19.5944	-2.78481	5.83972	-26.3878	17.7585
-14.977	-30.3797	20.2261	22.5608	1.09714	4.15799
14.8701	-42.6084	32.3695	-12.3463	-32.3664	-2.46253
-19.2495	-39.5108	-20.8029	-46.2676	-25.1854	1.8898
17.5008	1.68615	-27.6849	-38.873	31.7957	14.2885
40.878	3.2548	38.5983	41.0581	30.4437	17.6743
-44.6562	1.39927	-48.8891	37.9208	20.9616	4.13914
37.4966	-47.2137	-23.3757	-47.235	-38.9981	5.83132
37.3928	21.691	28.1518	-18.5812	1.47862	17.6028
-41.6807	16.9485	-37.0815	-18.5354	40.3897	-3.51402
18.1234	-23.1834	8.7817	-12.4683	-18.9688	11.0636
0.303659	26.1345	-1.17954	-23.1468	-35.4122	17.6454
-44.4609	11.1805	35.8821	5.62609	-41.2595	17.8688
-19.3472	16.213	20.4489	-19.3808	14.6321	8.20211
19.5486	-17.6778	16.2526	33.2026	19.6646	8.97097
17.8274	-7.77459	-12.2944	19.2129	-1.06967	-1.66396
2.83059	14.6718	0.471511	-46.7284	-8.24763	15.8905
-46.8078	-14.3544	45.7183	19.9179	3.93841	11.5489
-27.6055	34.3257	10.0848	-42.1293	-39.8495	4.33487
-46.1577	8.81222	-27.1844	32.9005	29.9127	-1.34483
-43.5514	26.0216	14.0309	-23.0125	5.75121	17.703
20.806	-41.1374	-16.7531	-20.2658	-24.5598	16.3238
0.529496	35.4884	9.47142	-27.6238	14.7633	12.1194
-12.7918	42.3154	-4.03912	19.2923	22.985	-3.44963
-38.6898	36.7336	-26.6045	22.2404	6.37074	11.0892
-9.53551	-6.68508	-24.4285	37.7804	30.0592	2.0014
49.0783	-43.2676	32.7509	-21.6025	-41.5952	16.4397
3.41655	-44.3846	-39.6878	43.3348	9.92615	15.3578
-7.74712	-38.2168	-34.8842	-15.0838	-10.5976	17.6462
-25.5272	3.11747	-22.7165	-10.506	-46.2493	12.5348
-6.77664	23.339	1.6129	-31.6889	-8.49178	15.8883
18.4011	-0.788903	-30.4682	-21.337	-34.0541	-3.44711
-14.7908	-41.345	-29.0826	7.38395	15.1051	0.806441
-20.0125	-47.0122	-14.3422	18.7094	18.1539	10.9487
-1.22227	45.7427	11.1499	27.6238	-4.67391	15.7225
25.1793	33.7611	-27.4529	35.7692	37.7834	13.0223
15.45	5.10422	-3.17545	3.63628	-4.75936	2.72214
-39.5749	-33.5017	28.4967	-3.45927	-3.73394	17.4511
37.6064	-14.2659	-6.19068	-44.4945	32.7235	16.6355
3.95672	-37.7712	-20.3574	-23.7724	13.3839	4.82822
-48.9959	-48.6175	-20.9647	-45.8068	-29.0765	16.3827
-5.53758	-48.3673	-0.154118	36.8099	8.80612	-1.93213
11.0858	-1.39317	-44.5433	-30.8191	-2.40638	4.01999
-13.6341	-0.263985	-34.5607	-33.7367	-26.162	-0.470869
-40.585	12.4958	-30.3247	-38.6685	9.40428	17.7271
8.13471	-3.07779	-15.8315	-14.0309	-33.1599	-2.7322
-15.3127	41.8973	11.6169	7.68303	-33.9381	-3.97936
14.4124	-40.8017	24.4377	-27.3675	18.1265	10.4111
-4.06354	16.0909	-44.4456	5.29649	-2.07984	9.62528
5.77868	41.1679	-40.3623	-24.2302	26.3512	17.3999
-13.1764	-8.63216	2.0249	0.657674	-47.4639	-0.187194
-15.2486	-19.0603	-5.30869	-45.9349	1.36876	14.274
-48.7121	-28.3135	13.0604	-7.88751	-37.2311	-3.8938
25.3563	-30.0592	21.1417	16.7196	20.3085	4.53848
-24.9474	-45.1537	11.6535	17.864	23.7907	10.8352
19.0023	-15.6331	15.3066	-48.7091	-22.8111	-4.09231
-12.8651	-23.2292	-47.6775	33.6451	-8.32698	12.3567
-16.1702	41.9767	13.6372	-39.5047	-16.0512	5.29575
22.8294	24.5262	-23.7236	-35.0948	-25.8354	12.7245
-49.414	-30.1752	33.3338	28.8812	-15.2394	-2.4953
37.3562	25.457	-46.2615	-49.5392	-12.4042	-3.39716
28.2067	-1.46641	16.509	9.45311	38.8058	-2.08383
29.8578	-41.6257	0.752281	40.9482	15.0349	14.9458
-31.1426	48.8006	25.7073	-28.0969	-28.7439	-4.12831
3.27311	35.3084	-49.9847	38.2351	32.1497	0.421263
-42.1476	-41.0611	-30.5139	1.26499	-48.8281	8.42753
9.21201	31.2769	-31.8934	23.8914	-18.337	-3.73105
11.0553	30.5353	-48.1658	-9.3524	-9.7766	10.0415
20.9525	-42.0591	-43.1394	-11.8122	-13.3381	-0.519888
33.7458	-44.6501	-19.1763	46.9604	30.6116	17.3309
-45.6481	46.4965	-32.4091	-1.21006	10.5548	-3.1709
42.7152	43.2524	2.50099	36.4559	-33.3918	3.56217
28.692	-10.9455	5.39415	2.30567	9.09909	-1.95602
40.2493	9.9292	8.32392	-49.6551	-15.9139	17.086
39.1232	48.178	19.7684	-4.99435	-9.56603	5.54378
17.2323	18.038	-39.3399	-18.2058	-31.0205	6.73676
12.8407	43.4843	-20.513	-6.12354	14.9037	7.29354
15.0502	7.49382	-46.1913	-12.9566	-8.5406	3.71061
-46.0997	25.3838	26.8395	47.7874	40.0143	2.46646
-44.9004	13.5731	39.7855	-32.2443	-20.4001	-0.0914023
-39.9472	10.9241	11.0706	14.0309	-40.0693	17.2319
12.9109	-33.166	-38.2565	-28.8293	17.8121	-2.60973
31.0144	48.3917	26.2535	49.9023	15.5934	14.7312
33.5383	9.78576	15.3584	-27.9901	2.98929	7.5386
-5.88244	-42.053	36.6024	-5.15	-26.4397	8.65341
18.7918	-36.23	-37.4569	-12.096	28.3837	16.6672
-37.5057	27.8405	-24.2119	8.92819	1.73193	4.34655
27.0623	48.5992	15.1967	0.440992	3.58745	13.3341
25.4814	-8.05841	-32.2291	49.7406	20.1285	-0.725622
-23.9402	9.08383	-48.7518	19.9393	21.6178	-1.12236
-36.5932	37.3501	48.1933	-24.1752	-12.0106	-3.10969
-10.3107	49.8444	-15.865	-44.4975	13.1306	3.13672
-8.41243	-47.4487	-20.3818	21.6178	16.8142	17.3281
45.3215	34.4722	42.1812	46.0417	46.0326	6.25169
-16.2435	-9.75829	-36.4925	-39.5871	-15.0319	2.54939
19.3472	-19.4754	-11.2232	-15.511	-1.6007	8.20211
16.1855	46.35	-30.8893	19.6097	-13.8966	17.1128
-40.4355	-10.3595	-9.80712	39.7885	16.4907	13.7261
22.1732	10.9882	37.2494	-0.56917	-17.275	6.45853
-4.85702	5.51927	-22.0725	-39.2239	29.9188	13.1334
-34.3348	-9.79797	-12.5874	34.8262	-29.0735	11.6138
-8.77255	3.62712	19.1458	46.6338	-4.4969	13.1497
44.4792	-7.99432	-27.5231	-7.2985	4.67696	17.8563
28.1152	-2.1775	-35.7295	1.24058	42.2849	17.4029
30.6299	-20.8335	-1.14597	-24.1325	-9.37071	17.6082
-3.22733	13.5395	48.2421	-32.5831	-44.7813	2.20341
-39.7336	-23.5679	-26.0002	-26.8731	-39.8373	-1.92996
16.0665	36.5322	43.0021	-27.1142	26.7022	9.4367
10.7593	44.3113	-30.1721	14.7084	-34.1121	9.44782
-45.5504	13.7745	-43.1669	26.4397	-14.3269	-3.56833
-39.3887	-42.4863	12.7216	26.0949	48.764	11.0933
43.1486	-29.3939	12.9658	-8.09198	46.3683	1.66908
31.1457	16.2801	40.6766	-16.4968	-9.30052	4.90982
-39.1568	28.8903	-21.6727	-47.766	-35.0307	5.97594
-29.9768	35.2016	18.337	23.8884	19.4601	-0.592481
14.7786	-23.3787	15.9993	-31.7927	15.3615	14.3251
-31.8354	-39.8801	-16.3076	13.0573	-20.4489	15.7148
1.82653	-36.7733	-36.1751	49.1791	-42.9868	17.8388
15.8071	20.6015	28.4661	-9.18149	37.8689	8.24021
-31.457	-11.4582	-39.9838	-1.40233	31.5973	-2.62497
13.0879	-2.98929	0.431837	-46.5392	-32.0734	1.74265
-36.4376	30.4041	6.10218	-11.9984	-47.6348	13.2179
-32.0917	28.9178	-27.6543	-35.4091	-35.4457	17.5725
-48.2971	27.7184	41.5464	-38.2962	4.52742	-3.89955
-48.5412	-21.4469	-38.6685	-32.3542	-5.73595	-3.52114
-0.822474	15.8376	-35.4213	-6.57216	17.9373	-0.130298
-47.589	-48.5199	17.2567	-30.3888	-2.37281	-2.85362
5.91906	11.2171	33.282	17.8213	-31.8018	-0.8598
-13.5243	29.2047	40.9238	38.348	41.4457	-3.10963
16.689	-24.6117	-18.1173	-43.0448	-28.9422	7.49562
-8.21711	47.5097	-44.2961	-32.1589	-17.2872	-3.17766
49.8352	-33.4437	-47.6867	-33.3094	20.2719	4.11428
-15.6148	22.5211	-48.41	-20.7846	-33.9686	17.1016
3.89569	23.2627	32.638	-46.9909	43.6155	17.6536
-25.0053	46.2127	-38.3816	2.78787	43.4324	17.0894
0.120548	31.0541	-25.3594	-33.4895	-22.3594	17.8691
-29.8761	6.798	29.1681	-9.36155	-6.71865	5.64321
-44.2351	12.2913	-4.88754	-13.5212	-48.1841	4.55689
10.6769	-0.0991852	-6.42872	2.30567	35.519	-3.86246
21.6666	-36.166	11.6016	-32.8974	-10.6952	16.7915
-48.7579	45.7579	-26.6564	-49.0967	6.1388	10.245
20.0156	-40.2707	-13.6677	49.8901	37.3012	17.6692
-33.636	-21.3492	-26.7998	-44.1893	-22.3106	-3.55162
47.4242	48.6908	13.8325	-39.4589	-2.93435	-4.03833
-1.70446	-10.1001	-3.84686	-16.628	6.26392	3.33573
26.458	21.691	-48.6908	18.2119	-4.9028	2.77741
47.0489	47.2381	16.979	31.5302	-37.6003	16.1899
-41.3297	15.8498	18.4103	2.25379	-15.2974	1.92238
-40.2127	44.1465	-18.4835	-9.79186	-24.7063	2.16741
15.7888	-30.6909	46.9848	-40.4538	-45.8281	17.8622
16.0695	14.8976	49.3957	49.3988	-0.392163	16.8955
-33.7764	-39.1385	4.76852	5.74511	6.26392	14.3205
39.8312	47.3815	9.11435	-6.63015	14.4002	17.2815
33.3796	-30.1752	11.5253	-10.2893	26.1254	17.1314
11.5497	-1.42674	-24.2821	-24.7246	-3.34025	13.7664
-16.7592	-11.3636	-24.9718	-35.8913	34.0785	-3.90215
16.6066	29.5526	45.5901	-26.5648	-9.71557	16.6139
3.77056	25.6615	-40.3928	48.9013	-12.3493	2.47495
-38.5708	-9.74303	42.4833	-47.94	27.4499	17.5224
30.2667	-39.1873	24.3797	1.40538	17.1102	5.18603
29.7937	-38.0703	-43.7101	46.9176	-34.228	16.7562
-48.5809	-25.3899	-5.70849	28.5821	12.4683	-2.67041
-49.704	-30.9259	-36.2636	33.3491	-6.04419	-2.47141
-36.8648	-25.396	17.1102	7.04825	-9.69115	-3.82067
15.0288	-33.8557	40.6339	-27.3431	43.0906	17.754
-16.6066	4.32295	-23.8823	26.6594	18.2241	16.6139
41.055	48.6938	41.2961	35.229	33.2881	-3.7158
-35.6746	-48.8342	33.932	-43.6888	25.5364	17.7051
13.6097	-2.34535	44.2076	27.9809	-2.06458	5.30091
-0.428785	-15.8589	40.0754	-40.878	44.1221	16.131
4.63424	0.73397	-42.9777	-28.0816	-26.6503	-4.01518
-11.5558	-38.3084	6.23646	-29.87	-35.2657	1.5736
35.4915	-30.7642	-49.2004	45.1659	32.5465	-1.1876
46.0417	-32.5404	1.0239	6.23951	24.7887	11.7557
-39.169	44.7691	-34.6706	-9.22117	-9.70641	15.5884
2.41859	-30.6757	2.85806	17.2445	25.9575	4.82968
3.71868	30.1508	7.40837	48.9135	25.7897	11.975
-22.7409	-32.281	38.2351	21.4652	-23.9128	-3.67934
-16.6066	45.5565	-36.0042	-27.6391	-29.1894	16.6139
11.0431	14.9953	-14.98	11.8641	22.8507	0.503679
-41.5433	-33.4101	-14.6352	-14.5833	8.47652	-3.75612
42.6389	-38.8577	-0.358592	-18.8498	-41.5372	-2.21097
-27.517	8.11335	-28.5882	11.1499	32.4854	9.8755
8.50703	25.3563	-4.91806	9.99329	-11.745	-2.8864
48.6999	39.0652	30.7611	-16.3533	41.9889	-4.12842
-36.8313	19.3716	16.4663	3.21512	33.4407	15.2161
47.6745	11.2812	-11.5894	42.5687	5.22324	2.30943
46.527	-29.1009	-5.33311	-42.5382	42.526	2.03801
-10.213	22.2739	7.2161	39.4986	28.338	10.5014
13.7135	25.103	-31.2067	12.8773	-21.0715	-2.72626
-35.4518	-29.6319	-27.1905	31.9086	26.9951	3.88828
-40.3043	-47.6073	17.8579	-7.10623	-2.79397	-3.16026
14.9068	-36.8007	-15.8101	-36.5963	29.8181	-1.50045
-23.4275	-26.1498	-7.22831	-16.4144	-21.0807	9.58194
8.08893	-30.4346	4.72884	-9.20591	-43.0906	17.7801
38.6898	43.7559	-44.9522	-41.3755	34.6858	11.0892
-1.37181	22.9606	-26.1071	-17.9342	26.3451	17.6823
-18.0105	14.9953	-29.986	31.2769	-46.7528	-2.9486
-34.0907	-45.352	-29.1009	36.8252	-41.1557	0.207309
-8.05536	-30.4834	33.0836	22.8202	-45.5535	-3.92451
-19.3594	18.0776	-30.0287	34.8964	-11.4002	17.824
1.16428	35.168	-10.1123	-9.94446	42.996	11.3062
34.5454	26.7113	46.0173	-38.0276	-41.345	-2.38777
-13.5456	44.9736	7.30155	-34.2158	26.5435	17.1202
-32.1772	26.7876	-8.91293	-44.1862	-4.86312	0.214829
7.46025	37.1853	25.2464	47.4761	17.2018	8.22106
-38.1863	27.4804	-0.706503	25.4479	28.2037	11.9204
8.26289	-42.8556	31.1396	33.7092	42.9319	12.586
42.7549	-23.986	-17.5283	-18.9718	-28.4356	-2.85199
-28.6248	17.5924	12.2669	-32.5129	16.4602	17.5118
-21.4957	-43.1578	4.33821	36.5444	-0.795007	13.3213
33.343	14.7023	18.8833	12.8864	7.27409	7.83316
-43.2188	-25.3502	-21.3401	-26.5893	-20.101	-3.81074
4.95773	-4.01776	-24.9565	-20.7602	-0.895718	8.98444
22.3838	13.2649	-19.5181	43.1944	-39.8495	17.1741
49.4201	44.9339	-32.7876	27.5811	-46.1364	14.2529
35.8089	8.71151	-19.57	4.10627	36.2636	13.6441
21.218	-0.819422	-14.4978	-40.2127	5.49486	14.1343
7.75323	-2.36976	43.6552	-8.211	39.2972	3.61837
19.4235	-34.0571	-48.8372	14.6504	36.2423	9.80773
-23.1193	-35.9371	49.1699	-18.0288	-14.9953	-3.18238
24.2454	-46.5606	-0.706503	-11.1072	6.14795	12.7451
43.6277	-28.7652	-5.02182	-26.0796	26.9555	-3.84773
27.1416	12.1509	-39.877	-21.9535	-23.8182	0.660346
-36.2789	-7.68303	-28.2861	-28.4722	7.42973	17.5625
-4.4084	-12.215	-41.6959	4.03302	49.2523	-2.67563
-46.3408	8.47652	25.1885	25.6615	40.1578	3.66421
-4.24665	41.2168	-10.4999	-23.6656	13.6799	14.6592
-20.6442	-14.5314	-1.13681	-10.0146	-6.83157	16.5704
-7.41752	1.59459	0.392163	33.6879	-26.7815	-1.70363
0.965911	34.9025	-37.0449	-5.00046	-17.1834	17.5744
19.8172	0.581378	-46.3378	46.3286	48.4863	-1.97136
43.8963	-24.9809	10.5945	24.0043	-47.5921	17.6487
24.1447	-0.425733	-33.0561	37.1212	-0.0717185	-0.233678
-29.0582	-8.76339	45.3429	43.0967	4.53963	-4.08619
1.35655	-18.3309	35.818	16.0024	13.918	14.5262
-44.3175	21.0654	11.2201	-43.2005	-2.93435	0.433361
19.8202	47.2442	48.9654	28.695	-25.7714	-3.84009
15.2364	14.0095	38.3908	-5.09812	11.1652	16.6134
30.7001	39.9167	40.405	9.7705	-26.5069	15.2982
-36.1446	7.11539	7.50908	46.2493	-30.9931	15.1482
-42.4375	-49.9634	-37.7987	14.9007	-34.637	-2.2181
9.94446	-26.5923	-13.9271	4.86312	30.2271	-1.03095
2.64748	8.74813	-36.3277	-0.712607	-18.9352	0.243372
-49.5178	6.14185	-27.047	44.5524	43.4965	14.7306
-34.048	9.20286	-7.93634	22.2068	-4.05438	-3.55969
31.222	-41.0184	15.6911	-46.7345	-15.6087	12.7878
8.6169	-14.3666	48.0407	2.86721	-4.98825	8.45166
-49.5941	33.5932	-48.6847	0.178533	-14.0797	2.42791
-33.5688	-42.4833	-1.16733	43.8322	14.0858	13.3433
1.38401	-46.1638	-22.2068	38.8791	-23.9525	17.3195
-4.59456	18.3218	35.8577	-13.3351	-12.7766	-1.7448
-13.1001	-47.0977	2.5193	32.6167	-9.99329	15.6853
-28.7744	28.0877	23.8823	-16.3808	-25.6859	7.59897
8.65047	-12.1052	48.8617	-16.5059	36.1415	14.1623
31.164	-30.5994	-11.7786	-29.2444	37.3714	16.6473
-48.7396	49.2096	44.0825	20.629	-24.4102	-2.70385
2.54372	-40.7895	-12.4989	25.0969	42.9167	17.0811
-46.3652	10.9302	-25.2525	14.04	40.3958	9.66068
-30.7794	-12.6759	-15.5477	-6.79495	-46.8078	4.86429
4.4969	36.8038	-8.85189	-5.41246	-25.9514	-0.12786
48.6938	-11.4399	18.9322	3.8316	-6.70034	-3.91843
25.7286	-24.0959	-16.8813	37.814	46.057	13.22
-49.5941	-38.0398	-32.1375	35.2626	7.3809	2.42791
29.1803	16.0634	48.3245	-26.4458	-20.3787	10.9793
22.7348	39.6939	9.25474	11.272	7.03604	0.52453
-37.5149	-26.6625	42.9197	-23.4581	-47.763	11.3666
34.4508	-7.10318	-46.5758	-39.1537	31.6675	5.20912
9.64537	45.3642	-43.6552	37.7041	-5.40025	-3.32871
39.3002	-45.8953	27.7703	8.1225	46.1943	7.23582
-4.86007	7.21915	-0.9476	-25.1488	37.0602	15.964
1.10324	48.5168	-37.0052	-26.6167	-41.2107	-3.69015
-31.3837	43.6857	46.7925	-23.278	46.6582	17.6228
-24.7978	-28.0786	-7.53655	-24.5567	12.566	12.1716
33.3979	-46.8169	-39.5993	48.7335	-25.3594	-2.41311
11.6565	44.0336	3.69121	43.1669	-47.0672	-4.12941
38.4213	-10.4938	7.91803	4.81429	6.31886	17.7684
29.4641	14.3025	35.2016	-18.45	-40.5423	9.07109
-7.42668	-10.4602	-30.752	-10.2649	-14.8854	0.469722
-28.6248	16.625	-44.9309	8.33613	19.2434	17.5118
-5.13779	31.6034	14.7298	-17.0766	-17.217	17.1324
48.3581	-29.223	-47.7203	-7.1337	-28.3593	0.0649562
16.2832	41.7478	30.3125	-9.59349	20.7816	16.174
-16.4144	25.7134	-19.2984	2.63833	33.0988	17.8611
31.9788	-22.6157	26.4824	38.8272	26.1803	17.8693
31.1548	44.5708	-19.039	6.84378	-20.9403	-1.5882
-2.26905	31.0236	27.4468	6.65456	41.4914	-3.42837
35.9462	-43.4019	29.8059	13.0421	-20.2841	-1.42915
5.67492	-25.5791	4.63424	25.6737	14.3971	3.54535
-17.8793	-40.9513	-7.41142	35.0887	20.0034	3.13084
-47.232	-32.3328	6.16932	22.6585	-17.5436	9.11818
9.60265	-44.4609	44.5219	20.394	44.7569	15.7722
24.4713	-49.2859	-45.5138	9.66369	-47.3907	5.22508
24.4652	-21.5476	42.9441	14.7877	19.274	15.284
47.8484	-20.2689	-49.8413	33.9351	-32.4763	-3.87998
-48.1903	-25.6157	38.5067	26.1711	46.4904	1.79623
15.4286	29.4183	43.5331	27.4194	-36.3796	15.3744
41.7814	45.9746	-29.5465	-23.397	-2.94656	15.4256
35.9554	17.6687	29.7815	14.1957	-28.8903	7.90126
2.65053	-47.1007	-37.5973	18.508	-49.7772	-2.98774
43.408	-16.4144	-0.276193	3.72173	-2.85501	17.1947
-37.3012	-7.62505	-17.1194	47.1191	-25.9667	10.2896
3.70342	25.5882	-49.1638	-18.3737	-18.1143	-3.54231
16.4693	16.9515	21.8925	-19.3716	-44.4182	6.30748
11.7512	46.5911	42.7366	-29.7693	36.1812	7.67145
-45.703	18.2302	23.0918	13.9912	-11.5375	17.1694
-17.3208	19.7317	-18.3615	30.1874	-28.6615	-3.44509
-31.3074	20.5832	-36.1324	-5.25987	-2.77261	11.3368
22.5639	43.8108	-48.6541	-24.1935	28.5516	17.87
39.9411	2.90994	-45.4283	31.9147	-9.25169	1.75681
28.1487	-35.1863	-13.506	41.5891	20.3543	1.41891
-11.3971	10.1947	-3.56914	44.6013	49.7253	-4.08579
24.6666	-38.7417	20.1102	29.0277	21.7978	5.43036
7.14591	43.4751	-42.703	-2.45521	31.2159	15.1438
18.2974	-11.1805	43.8139	43.5636	6.91397	17.3914
8.6932	38.9248	-41.7173	-30.1843	-22.8935	17.4698
27.3766	16.7379	8.37886	-36.3948	29.4794	14.5122
21.1356	-23.4519	-25.4387	-28.5211	6.6393	3.41021
-22.8996	26.9127	-23.1468	30.0409	8.07367	12.552
-28.7011	9.31272	3.16324	-24.9565	17.7999	-2.9371
8.23542	49.1424	34.8506	-32.7509	7.07877	4.19345
9.64232	-13.6494	1.42369	-24.5659	-18.7857	-2.72547
-26.0674	35.0703	-24.6666	8.86105	19.2953	10.9932
-16.9637	-27.5445	14.9434	47.1892	45.5229	9.12226
-7.18863	-8.41548	20.7389	-35.3694	-34.4111	-3.82112
34.6706	-48.0407	-44.6409	42.7488	47.5585	7.1455
3.0839	-35.9157	35.9798	-7.33207	44.3205	6.78171
-42.2605	-38.2962	19.0268	-16.277	-3.20902	-3.8341
34.6919	43.9177	34.7255	-4.9089	0.917081	-3.69936
16.7592	36.9961	19.8111	-49.6765	43.3531	-3.90215
-3.74615	34.5088	0.0961333	-1.442	-41.3602	-4.1224
38.5037	-10.9485	5.64135	-14.7023	5.65355	11.9977
-26.2169	10.2741	42.7549	-24.3248	-32.7784	17.8169
27.4468	-25.2403	1.13681	10.155	-10.683	10.2671
-28.7805	3.22123	16.4296	-27.81	-0.230415	2.73743
39.4192	-17.6382	30.6909	15.7064	36.2545	7.87727
1.08798	17.3208	15.8681	-9.81933	-27.6391	-4.05916
15.4775	-47.9339	-10.2435	48.529	-35.9279	-0.233367
-30.2728	-37.7651	7.23441	1.88757	-12.6637	17.6551
-2.28736	-8.4582	9.75219	-17.6473	-46.0936	8.31247
8.02179	-21.2546	-0.834681	-5.2385	23.4977	17.7892
-17.5314	44.7783	-34.0724	-48.9502	-18.4683	10.838
-12.2303	-39.6756	-34.109	38.4365	26.2627	16.4485
-23.1773	41.76	-29.1223	40.3928	25.2525	2.99308
48.4375	21.7124	-4.97909	-19.2007	1.03305	6.99509
-26.4122	8.25068	40.9635	1.64037	-13.5182	14.7961
-48.6053	-11.8519	-35.9798	-13.8356	-4.0025	-3.09482
11.0858	-38.1161	-18.1936	-26.4245	-11.8763	4.01999
-8.5284	40.8048	-36.3369	-14.4002	-11.0065	8.52283
-1.08798	-24.1935	-25.6615	-6.43178	33.929	-4.05916
41.1252	17.4764	-3.67595	-19.0756	-20.9281	-3.03708
32.6594	-33.7642	17.2079	-44.9736	-18.1845	17.4724
-6.65761	-4.83871	-5.68712	-8.42158	39.993	-3.40626
-48.9563	-31.7164	-42.5138	40.6949	-32.1131	-2.09153
18.1326	35.1314	41.2564	20.629	31.991	10.3597
-28.7164	17.7816	-18.4164	40.9909	-21.7338	12.7878
-33.8099	14.4185	49.8901	4.53963	2.86111	-3.96176
34.7011	-32.0978	4.74715	-32.9707	-34.8201	-4.12713
-44.6715	-37.7132	-34.405	-36.0591	-48.3398	9.69184
-32.461	-49.1028	-46.5056	0.718711	4.89669	17.3094
-27.8466	29.0185	38.525	-48.3062	-8.858	15.9865
-26.2322	-40.5332	42.2086	2.76955	-40.0876	9.53207
26.4214	-0.242622	-48.8433	-37.2402	40.4477	16.9373
-9.82238	-18.1631	-33.3399	35.6594	-0.364696	-3.74842
20.7297	-9.41343	14.9434	-9.97803	20.4794	2.32987
11.5955	-7.88446	35.0063	-35.165	14.2415	17.7663
-43.8841	-10.1459	-28.3746	44.1221	22.9606	9.61106
-1.79907	-14.9953	-6.38905	-9.05637	-11.1805	3.49619
-2.40333	-2.0127	-35.1558	-34.405	-6.8804	17.7179
-30.0043	-35.3298	43.7498	-49.826	-48.9532	16.2559
-15.392	35.5068	-2.24158	7.11844	17.7816	16.2751
38.287	-36.8099	47.5219	12.4775	28.5699	14.7996
3.01981	-5.36668	-24.575	14.5375	-42.41	2.69687
-17.2414	-12.2242	-49.3591	19.8447	14.1652	-0.0213914
49.3988	-32.7937	-40.9787	-49.4812	17.1255	12.1852
18.1906	-10.1428	-32.2077	-47.4273	0.242622	8.73558
27.9168	-47.2716	45.1506	46.176	21.688	-3.84539
-30.9046	25.8751	45.9716	2.05542	-28.2586	-2.0849
37.6736	-1.54881	39.7885	-3.34635	-22.2953	-3.53392
46.7437	-48.3489	5.11032	-22.5761	0.648518	15.0992
45.7823	10.0574	35.9249	-0.93234	46.939	10.5687
-37.1517	-27.752	15.569	-7.72576	28.4387	10.8254
12.2822	-39.7366	38.2321	27.2027	-24.1997	17.8223
-18.9199	-30.8069	-28.5302	-20.6137	17.5924	7.15484
48.5229	-25.0877	20.7541	10.4938	2.60781	-3.31792
-37.0998	-39.8495	19.8904	-21.4591	-38.0215	17.3941
-35.5098	-44.5311	-33.9412	-3.44707	29.7449	4.53279
-28.2678	24.3522	-29.0704	47.3327	31.3959	-1.94654
4.39619	-35.1558	30.0501	-9.94751	7.41447	7.97903
20.5802	-36.7916	5.28733	-29.9127	49.8108	16.4519
-3.39518	23.2902	17.1682	38.3053	42.8983	17.6078
46.173	-27.9321	-23.394	-1.91809	33.0348	14.9368
-33.8801	-5.19883	49.6857	37.9818	37.0571	17.6113
29.5343	-11.7878	38.1588	-42.5962	1.35655	16.6233
-12.389	-45.056	-16.6219	30.5597	-29.7449	15.9973
21.4682	-35.1192	-30.3919	22.1488	-0.520341	-1.80501
7.30766	-19.689	-26.0582	-1.16733	25.6951	17.3705
33.8191	13.4053	2.57424	-18.1112	-38.3847	-1.5768
44.9431	-49.1607	45.3642	35.6288	-38.1619	5.09319
-13.3137	-31.7377	5.51012	46.8017	16.921	-3.92695
15.3615	-28.6645	-33.5475	-8.8702	39.4986	11.7491
19.7409	-24.5933	-48.0102	43.1791	1.65258	-0.212888
-4.49385	-40.0266	16.9118	-20.2078	-14.0706	-3.00402
45.6145	-5.07675	23.9738	-30.2973	-7.57622	14.3472
18.9108	-17.5863	32.2932	3.61187	-49.6185	17.037
7.13981	-42.0927	-44.293	22.3075	-38.3877	10.9498
19.1061	-7.77764	-29.397	-11.2934	-14.6535	-3.31021
-39.5199	36.1599	-32.8211	-33.8679	44.7417	-0.62101
-22.0237	34.7102	-45.6908	-1.28636	-11.919	12.7164
5.70544	-14.7664	30.6482	48.8098	-38.0734	4.13275
-22.6554	44.0672	23.0949	44.1038	-30.1691	-3.16341
-12.7308	18.4072	22.6463	22.982	14.8	7.36761
14.9342	-24.398	-3.14798	13.8966	-1.3535	4.85107
-48.0682	-26.0918	-0.843837	-10.1123	48.294	12.3627
41.1893	28.4448	8.06452	-22.6035	-2.29957	1.36824
43.2524	-36.8709	-43.881	2.63527	-13.4236	12.2776
14.4215	-8.55281	30.0073	1.46641	-12.4683	-0.727102
-7.59758	45.3764	-36.642	-10.21	-13.9271	0.0523031
-29.7418	49.3377	15.0136	-34.1395	49.8901	-0.639334
-2.60475	-21.8711	-49.9023	-10.1276	-41.0672	1.22941
-29.6594	-20.8792	-22.5486	-2.53456	-24.633	-3.54997
28.9544	-47.0489	36.7855	37.4905	-30.2728	15.3214
47.0519	11.6688	21.9657	46.939	49.4934	-2.4661
24.2271	-41.5555	13.6738	24.8619	-40.9421	17.6721
8.01874	-8.02179	41.0825	-39.6847	44.5433	3.27287
-8.59859	26.1925	23.7999	-9.18455	-37.0815	-3.72156
19.1061	7.22831	0.294504	16.3289	29.931	-3.31021
11.7908	24.9229	-20.748	-24.5445	38.1252	9.28685
-40.2799	25.8568	5.51317	-30.1904	4.76547	6.19801
-46.5819	-14.2781	-12.4409	35.168	34.8903	2.25489
-47.6379	-32.8394	19.6982	25.5455	4.89975	-3.29384
-35.6288	-21.3553	-48.1475	-48.1475	39.8129	15.2781
21.5903	-39.2758	-24.4011	27.0653	-44.348	4.9483
-42.7976	31.753	-2.97098	4.90585	8.7878	3.05597
48.7396	21.7063	31.5088	44.4487	43.1852	-2.70385
-9.47752	-0.730918	26.5435	16.7562	-17.687	-2.52922
-29.8303	23.6564	-49.9298	46.0936	-25.4448	-3.11051
-37.4264	-40.698	-6.25172	45.5718	-12.5202	9.15118
31.1029	-42.2391	-41.5342	4.48469	1.46336	12.8715
17.1041	-34.5546	39.6664	-5.82446	44.4151	12.3035
-33.3949	-11.33	-15.5599	-22.4052	7.66167	0.961615
-13.9241	3.34941	-31.0541	45.056	-27.4163	-1.92353
48.764	14.9586	-30.9595	-11.803	18.3035	15.6572
19.8996	25.454	-30.5017	29.9982	-3.67595	-2.97855
26.6869	-20.8426	46.2889	-44.3999	-7.41447	8.31279
45.7854	-33.0592	-8.37275	11.8244	42.2514	4.88186
6.57521	10.8112	-35.5586	-19.3503	22.335	15.5394
11.4826	-3.88348	-48.0651	7.41752	-34.1517	14.9181
-15.1814	-11.5589	16.0512	7.58843	-9.50499	9.43898
-22.6341	35.5007	-21.746	28.3685	3.37687	6.95466
-29.1864	35.6014	-43.5087	48.4039	-42.1232	7.27739
-23.0888	18.2058	26.8303	-29.6045	-19.4601	10.4734
30.0684	-15.8742	36.4589	18.7002	-44.0397	-4.10597
37.0937	30.3156	44.6806	-42.0713	-16.1519	17.4623
-45.0713	7.61895	-35.6136	-38.3633	-18.9596	-2.72698
-2.07984	46.3775	-19.3564	-41.7722	-23.5435	0.26442
42.41	11.8854	-36.288	-9.29746	22.6127	7.25353
-42.6542	4.47859	30.8985	32.7143	-19.5364	-1.98346
38.3145	29.3817	8.57723	25.0786	29.458	9.40032
-43.8078	1.83264	0.993377	4.40229	14.1255	-3.60068
7.28935	-35.7418	23.5466	-13.7226	32.7174	2.24922
-29.6747	34.2921	39.3033	1.64953	28.1274	10.9206
21.1844	35.4274	29.809	33.3308	18.7765	8.55571
-43.6216	-34.2158	8.74508	2.80618	-7.61284	-0.378186
36.6268	30.1477	25.3136	-0.7004	-11.1164	15.4293
-34.4752	9.32493	-22.9759	-34.1548	5.96789	11.9993
-31.2586	-27.6208	11.5009	16.2435	-30.9473	8.72671
-40.5393	41.876	-16.7257	-5.52538	0.706503	17.7458
-25.5974	-9.45006	37.1822	41.7142	-44.0825	-4.12774
-3.35856	-25.7897	43.0113	-20.1071	45.9868	-2.29809
47.7172	1.83569	33.581	-10.033	14.1316	9.42518
-32.9188	-34.3623	46.5087	-22.0634	0.560015	11.1463
14.9251	-23.7419	-24.395	-12.3646	-8.99838	1.93168
3.49284	25.3594	-49.5605	47.0641	-40.109	17.6225
8.39412	-33.282	35.8547	-20.7419	-2.8367	-2.54479
47.4914	-10.7776	21.3797	-3.64849	-23.4031	-4.11675
11.9282	-46.9237	12.1754	-34.6828	30.3369	15.5313
-35.3664	15.6331	25.1366	-13.3778	49.6918	-3.33391
15.3066	11.7786	19.1122	26.7357	5.38804	-2.49823
43.7071	19.3503	30.3339	4.49995	48.1079	8.75808
6.60878	-49.8077	-49.0265	37.5698	10.3473	13.8094
46.2371	-29.8029	-29.4458	1.32908	17.7206	9.88391
-20.3452	-1.23753	-37.9879	-45.352	47.29	-2.32008
-45.4588	36.7855	49.4873	-31.1945	-18.508	17.87
-47.2625	-2.63833	-20.4428	-38.7051	-48.4313	17.5285
-37.109	-33.3918	40.0296	23.2322	41.7081	-3.87444
-3.36161	6.97501	-18.038	-5.16526	25.2709	4.27671
29.0979	-24.6605	-15.92	3.47758	-5.67186	4.27369
-33.0317	-13.5273	46.7071	-33.2453	-16.6066	1.72098
15.9658	-17.7236	6.83767	-34.0663	30.4834	17.6559
40.7682	-40.1944	18.0136	-47.5646	6.94449	16.2041
-34.6583	-11.3971	-19.1549	-4.0849	-8.33308	15.0494
-17.5466	23.1864	-29.9371	47.1862	37.698	-1.8326
25.0877	-37.5454	-27.2301	-38.5678	26.0216	-4.12538
22.3228	-32.1375	-36.0042	19.0634	48.2147	8.55607
-46.5423	-17.5558	42.9075	24.4896	25.1579	-1.64073
33.929	-15.7857	26.7541	-0.636311	-10.3992	10.3414
18.4591	11.8519	5.77868	9.62401	-32.6624	-3.63916
-41.9218	29.3085	29.9585	0.965911	-28.8202	5.43761
-45.4955	41.5128	-37.1487	21.8345	15.688	-3.84731
-47.6653	45.9136	30.1691	5.82751	-26.6045	13.9195
-2.44911	-36.9961	47.3693	18.6605	-18.0166	15.9197
-40.6034	-21.9199	-39.9747	-22.1091	-49.8718	10.8707
-44.9309	27.7795	39.5901	-13.2191	30.0958	11.5844
-2.82144	-0.257881	45.9929	-0.730918	-48.2086	13.0277
41.8729	24.5293	-19.6707	-35.7631	20.6503	12.4949
-9.16929	20.5679	-15.1112	-41.7722	8.58943	16.3543
-11.4795	-20.7297	-5.38194	-1.95776	-47.3907	5.53804
4.66475	20.3299	-49.3988	-0.190741	-33.3857	10.3023
-30.6482	-37.6156	-2.54067	45.9532	0.618	-0.881414
2.36366	-48.6053	36.935	46.0479	-19.3258	10.5689
-36.5169	-12.8498	-46.6552	32.7723	41.6746	-1.09387
-20.1834	1.63732	-15.0014	-34.2463	49.0631	14.9826
18.0746	17.272	-38.1344	-31.1457	-26.4367	-2.21663
-11.5894	-11.0614	6.20289	-14.2994	39.8282	10.8989
-9.82238	-20.7938	7.05741	43.1364	12.6881	-3.74842
10.6464	26.9616	7.35343	48.4252	17.684	-3.36428
-35.1314	11.2781	-0.480667	28.341	-16.5395	-4.04874
-23.3085	21.1783	-34.6675	-0.41963	48.0193	-2.96242
45.2208	-12.0563	21.1783	-5.96179	37.4142	5.73988
32.5068	-11.6749	-2.6841	-8.27204	42.1506	10.4591
46.4843	46.9207	14.6352	26.4428	30.0928	1.65248
0.120548	2.53761	41.5189	-15.3401	28.634	17.8691
-34.4691	31.3532	5.45824	15.0685	0.560015	9.51019
20.7938	20.9159	15.1997	-32.8944	0.98117	2.37355
-1.11545	-48.3184	-31.4478	-2.25074	3.88958	-2.14866
-45.172	-7.67083	-36.3002	-16.5426	16.0878	-2.30915
11.98	-15.4988	11.6871	-30.1477	4.26191	-4.09658
40.0845	-31.8323	-30.8008	-15.5873	11.3422	16.4059
-19.6219	-28.7988	12.7094	-27.0226	7.67693	9.85064
-2.56203	-24.575	-36.9289	-4.97604	-14.6657	0.331044
-6.64235	-29.9158	-25.4295	-4.07575	-39.0225	8.34459
27.8222	43.1883	-6.29139	-30.5841	-40.9513	10.0687
-5.86413	-35.8119	16.3167	-41.6227	30.9442	17.4602
-15.273	-44.2381	-44.9858	41.6288	14.3696	-4.12651
-8.65047	46.0265	-38.5922	18.1936	-34.4386	14.1623
40.7315	2.0188	-8.08588	48.5504	6.86209	17.7875
-24.2576	2.25684	-20.5588	-40.9024	-7.7105	17.2173
8.79696	-36.6573	-19.3777	-43.3256	-17.1255	0.35548
-22.9026	18.2821	46.173	-10.799	-13.0055	-0.230913
42.0316	-5.48875	45.7701	31.4661	9.25474	17.8233
-38.5739	27.7367	-27.9962	24.5964	15.6606	4.4478
30.8618	-34.6675	35.9066	9.6057	-39.8618	16.6384
-40.0052	-43.0326	-26.3665	-40.7498	-29.4977	12.4541
-42.4039	8.31782	46.4721	32.11	11.7481	14.0669
2.57729	-27.3583	-10.5792	44.2564	-44.0092	3.41457
-33.1721	21.8863	-33.1751	33.2789	-14.6809	2.70353
-40.6766	43.939	29.1559	29.5465	-9.34019	9.70092
-20.7968	-28.3227	48.59	18.8772	-37.0815	7.63819
42.1781	-8.1164	-34.5454	-28.6737	39.9014	-4.09697
27.7276	-22.692	-41.7234	-30.4498	-6.74612	13.3077
39.3796	29.9097	-20.2475	-8.54671	46.0601	12.559
42.9502	30.6574	0.910978	34.4935	17.2658	-2.6247
18.749	13.86	32.9249	3.32194	37.0266	17.5061
-31.8445	27.221	-4.86923	-1.37181	-11.1255	17.0952
-1.31993	29.3237	2.1012	5.04013	36.2423	0.188412
-39.0011	-33.6421	-42.7763	-23.7541	-43.0326	5.03531
13.5151	-38.4304	-27.1325	-3.05033	27.6727	0.62779
45.8769	-47.6928	23.4733	-32.1589	23.4031	13.1137
-46.0631	30.9687	-36.9442	19.982	11.4612	8.47875
34.8048	-32.1284	20.0644	-22.7775	10.7776	14.7595
6.29444	47.3571	42.8556	45.7762	-17.629	17.6181
45.6359	-40.7102	-9.82849	-14.5405	-24.5964	0.170866
9.34019	-47.3846	-31.6431	-8.03095	35.9218	-1.28275
27.8375	26.4428	20.6015	-20.9098	-1.94555	-2.24687
-44.1465	-5.61388	24.9809	-1.31687	18.9657	16.284
-29.5862	19.7653	-11.1103	-4.84176	-10.1215	-2.95974
-48.1811	17.6748	45.0987	-2.22022	-44.8668	17.1601
26.0765	-33.3918	-12.1906	37.167	-23.8517	1.73372
-29.7296	-11.9465	-15.7765	47.3022	-47.1435	15.4265
-46.8688	47.5097	-9.34324	-3.21207	-21.5537	-3.02382
-37.0449	-17.9464	-26.3756	2.07068	7.98822	1.69037
-35.7173	-20.1468	10.0024	48.2971	19.2221	16.0916
-17.0309	10.3412	-22.2037	-39.5291	6.07776	11.6347
-7.96686	4.88144	-12.8559	29.0551	33.8404	13.951
-11.9404	-10.6311	34.4905	-20.922	-25.8324	15.6148
46.2188	-23.5862	41.8607	42.2269	6.63015	14.7853
0.0656148	-39.6451	6.07776	-6.04724	-9.28831	17.87
-37.2127	-21.0349	24.7642	-20.2689	-38.2778	15.3098
-46.8749	-17.4429	-13.979	42.3124	-2.43995	4.74668
36.9533	20.8945	-39.8831	27.0775	49.0265	1.42766
34.579	14.1133	45.7823	-46.6124	32.4366	12.8761
10.5182	18.0654	-42.3063	39.0469	-16.924	17.8554
-29.7082	-49.9084	38.2473	-14.6046	-23.748	17.7261
-44.6471	-32.7082	21.0013	29.5404	30.2454	3.19593
-6.76443	26.6747	-44.0336	38.7906	49.649	12.4522
-25.2159	-30.8588	-1.98218	-38.1588	10.1611	-2.88756
22.335	34.8842	38.6715	-12.8468	-40.2341	9.26904
44.8973	-40.9421	22.5333	20.4276	-6.81631	-2.14821
31.4081	29.8364	-2.44911	48.5168	-46.0631	17.4725
-49.2401	6.90481	-9.00754	-45.8251	49.2859	4.6728
-33.0409	-16.0207	35.6227	-15.923	44.1435	12.3668
-49.0753	9.81323	24.8741	-33.8038	47.6959	-3.72107
41.8363	28.4234	-43.112	-28.988	-12.5507	-0.532376
39.6084	-4.91195	-6.30055	49.9298	33.4132	-1.64121
-48.5992	-32.7448	34.7713	-36.6878	5.47655	0.87818
-17.5161	30.3705	31.7652	-2.92215	28.7225	17.8182
-7.21305	48.352	14.1041	42.3338	-37.228	12.3129
-8.72066	-29.3939	-14.8915	-6.89871	37.817	13.6082
-21.9901	43.1394	14.4154	-20.7205	-37.3989	17.5867
-13.1642	17.6595	-13.7532	32.4305	-17.2689	17.3038
-18.7613	39.5627	46.7528	-2.38502	21.0379	9.08156
-7.18863	-8.84274	-14.2811	-8.61385	-18.1509	-3.82112
11.449	-0.474563	15.1875	47.0336	9.46837	15.0886
14.8091	-28.7988	-16.2404	-46.0631	10.5976	11.0079
16.7257	-13.0207	9.48973	-5.37584	-26.2566	17.3713
5.2385	36.9594	14.8976	-43.3317	-30.0378	-2.66343
-31.8995	48.0529	-30.1843	15.5202	7.8692	-2.94509
5.08286	-47.2747	-44.2442	-32.6838	45.0621	15.5104
1.47252	32.5892	-19.686	37.5088	44.058	1.81524
2.29041	7.18253	-35.9767	-1.96387	-24.8863	11.933
-21.6544	-0.218207	-11.4795	-26.1528	-18.8345	12.9153
-34.4417	-45.3887	26.928	43.0662	-9.13877	8.62921
22.4723	-38.2229	14.0461	-21.1509	-26.8975	6.14578
13.9515	1.7716	13.6128	-17.0064	17.7023	11.3511
-37.701	0.471511	-34.2708	-6.33106	-0.401318	14.9414
-20.098	-7.30155	-0.798059	-23.0033	5.7268	-3.74229
21.044	-42.935	-6.34632	28.1762	6.95364	5.15859
28.0389	29.1986	-27.5323	32.4366	43.1028	1.83807
9.66063	-46.4751	23.6839	-39.1598	-2.17444	-3.92867
17.4276	-10.8295	-34.3623	-38.9004	-49.7253	6.88865
-44.3876	-27.6757	20.0735	45.0438	29.8822	17.8531
-47.0946	30.8496	-32.9371	-34.9605	-49.0204	7.57456
4.28938	8.79086	-41.4029	-0.532548	15.3188	11.0167
-25.5882	-38.8943	7.28935	5.36668	-14.9922	9.96066
23.2566	30.6421	31.106	44.8088	-40.4508	0.941239
-5.58031	-37.3714	-40.7743	-43.2829	-20.51	17.4422
-15.8803	45.2788	4.98215	41.4243	0.236518	7.58055
24.9962	-19.7165	-23.751	1.23447	42.4802	3.10462
-44.3541	-1.04221	-9.9414	-4.78683	-30.285	13.5066
-49.7162	24.4194	20.2597	30.694	-2.53151	4.96931
-22.924	25.9545	-16.2648	44.5555	-32.6167	16.5101
9.75219	19.9393	17.9067	-32.7326	-47.2015	7.09287
-44.937	42.5504	34.7285	31.9422	-43.878	4.93692
-25.0755	-21.9962	39.6634	43.9177	7.76238	17.863
3.55998	-47.2564	49.6918	12.5874	-49.0722	16.3789
40.1151	-45.9746	35.6227	-32.342	-49.4018	-4.10124
-13.9485	12.5599	27.3644	-28.7896	11.1682	8.01508
17.9647	44.1099	-3.47453	-14.6596	14.8274	-3.45082
-13.8142	-0.160222	4.1551	19.9728	42.4345	-3.45236
46.7162	24.6879	-49.115	44.2259	41.5189	16.9621
-11.626	-30.3674	-3.75835	47.6012	22.982	8.63344
-10.5426	19.1549	-28.2586	-48.2116	-40.3012	0.17447
-42.6359	-46.5514	-11.858	-5.31785	-45.117	-3.43137
49.8108	43.4629	-37.8719	-47.4914	-43.5759	-4.12412
26.8792	-3.17545	9.4409	-44.8515	-35.4366	1.16083
-44.9553	2.38197	29.1742	16.9515	-24.5231	-2.71476
5.36668	36.1476	21.8925	-37.814	3.3311	13.8208
-20.101	41.9523	-44.7264	42.6145	-28.5333	4.3849
43.8932	4.87228	-28.5028	19.9454	-11.449	1.52838
14.0706	-26.0796	43.8993	-40.8383	-33.5688	-4.00014
49.4568	43.8719	6.28834	3.6668	42.7244	14.0928
26.6655	37.4844	-30.8222	-24.6605	22.0206	6.83776
29.812	-16.9942	-16.4754	-17.7358	-6.68203	9.12898
-36.1385	14.4978	5.62304	-36.3521	-36.1293	-2.34277
-15.2028	-26.2108	-48.1628	31.6065	-46.3713	8.02976
44.351	29.4946	-30.9076	14.3788	-11.2415	14.4621
-22.5639	-1.62816	-42.5779	16.4022	-24.0532	17.87
3.2548	7.34733	-24.5537	-35.2596	-38.0886	1.95519
-12.3035	-28.9209	-49.2096	35.8974	16.4174	14.4342
-8.28425	-7.86615	31.2281	-14.9556	-16.1214	9.53037
35.7631	-2.79397	24.8436	-33.6726	37.7651	8.08432
-21.4957	12.9688	24.0532	43.8047	-13.7623	13.3213
21.7948	-27.2088	-41.934	3.5844	-35.4732	14.8104
34.6889	-21.16	-8.39412	40.2493	15.6819	8.7278
28.7774	10.9058	31.4753	25.3014	-41.9584	17.5764
24.6971	-42.6115	29.4671	48.4405	-1.02695	16.1166
35.8913	-23.101	-3.40739	-34.64	-42.5047	5.40284
-10.1672	4.42976	-37.7132	24.3431	-40.4386	-1.78258
-45.0591	20.1163	-42.6817	37.5301	1.47557	17.8697
5.81835	24.5048	-37.4722	48.5931	-7.1337	0.49489
-6.00452	14.6748	-47.3357	-28.0541	-35.6929	15.309
36.7611	20.3421	-31.9117	-24.5842	13.6036	17.5952
32.9615	-20.0827	-46.4171	-49.9634	-24.926	13.4057
6.54469	-6.86819	38.1741	-4.78378	-22.1915	-3.02637
28.2037	-45.4802	-23.0003	-46.53	-2.2599	9.09819
-22.3807	48.703	6.95975	-43.292	-33.166	8.87229
9.4409	-40.6949	36.7733	-7.13675	0.102237	5.14501
-21.0593	9.46837	-39.3429	-2.91299	12.8742	16.8314
-44.9187	15.3432	-42.9502	-34.9971	-9.70031	14.4291
-28.225	-9.24253	-12.9109	-42.2483	-41.6501	16.6206
-5.86718	-1.96387	30.636	15.688	14.687	-2.26851
-2.83364	35.464	40.8475	-18.5965	-12.9933	11.4611
46.1364	17.6595	-23.7419	-28.6767	-47.6073	-3.10854
23.809	-24.5933	43.9299	-44.1557	-44.6837	-2.14746
38.2992	33.9778	-3.38298	-40.9696	-27.3095	16.3574
23.3024	-36.166	13.7226	-46.173	1.45421	17.7976
-7.01468	-49.5209	25.8171	-25.927	3.3372	11.8636
-47.0489	-36.6634	-9.81017	-21.4805	28.1121	16.1899
21.8802	4.09711	43.3866	-11.8366	-45.468	-3.58029
37.4355	40.3012	34.1884	23.5313	-42.9319	-4.12959
-42.0469	-17.8121	-15.3706	34.4508	15.862	15.3932
22.1274	-27.5201	1.99744	-42.3887	-49.3927	4.90777
-34.9086	-27.7795	-43.9207	-32.1863	-44.4792	1.63154
35.1436	-16.3594	-20.6748	8.91598	-0.343333	-3.62889
-49.4354	-6.55995	33.0409	-5.51927	-35.3023	-3.35293
-45.3581	40.3897	-5.71459	15.5507	3.81939	13.5806
30.0409	-13.3473	35.9432	5.84887	-32.6472	14.1076
45.4711	44.2839	35.229	-10.3534	26.4122	15.4276
20.6778	-39.7122	15.978	-49.8993	19.9118	-3.63549
16.7257	-10.8661	-11.4093	-25.4997	10.9485	17.3713
28.0114	20.806	-9.11435	43.9909	18.4286	13.6457
-27.4621	-8.06452	-3.48064	20.5679	6.64846	15.9454
8.83969	-34.3684	21.1356	-20.9159	-24.4316	11.5761
-6.00146	8.37275	26.339	28.9789	-17.9556	5.57258
-1.95471	-0.0106815	-32.2962	23.748	-11.4612	-2.2586
13.9241	-27.0165	-43.2951	-26.8395	19.8935	-1.92353
44.4975	-32.9218	-12.1693	-23.0003	-45.6145	15.0527
40.0357	22.2068	30.7764	-27.4224	-3.66375	-3.07089
-27.5689	-32.58	-33.5261	5.69018	-36.3704	16.7428
-41.0978	28.2311	17.4612	20.2048	-35.519	2.40921
32.6685	-0.581378	12.1509	4.29243	-21.0074	7.83911
25.0908	-44.5433	-29.3542	19.4205	0.383007	14.0808
-5.25987	-7.35343	27.8283	-29.8914	46.2188	-3.56746
19.7317	11.6016	-5.01877	29.165	39.8221	17.3263
19.7439	39.761	-36.0195	-2.38197	-49.6033	-3.90255
-36.8282	-35.0215	28.7744	10.9424	-49.8138	11.7184
6.00452	-24.5445	33.697	-22.6829	-12.9353	15.309
-0.98117	0.465407	-48.4558	-19.9576	-44.644	16.2705
-21.0288	13.5029	-18.3737	48.5778	24.3309	-2.57658
45.5535	-48.3764	28.6157	48.6877	-24.6452	2.86947
-35.284	48.4313	12.1601	15.5873	-46.1669	-4.06124
46.3927	38.1741	30.3919	-26.7479	-30.5231	6.3716
6.34632	-30.7459	-40.4538	2.9313	26.0338	14.8693
-41.1679	18.5202	21.981	43.6705	-6.52944	4.60113
16.2221	31.2586	-12.9841	14.9342	2.20801	6.64202
7.53044	-0.547807	22.042	43.1516	11.3849	-1.27562
-32.577	0.813318	-5.09201	-16.5181	-5.8092	-2.14099
15.7338	-8.77255	-8.99533	22.9881	-47.2167	15.1449
-22.8599	39.9258	-37.2951	-45.1445	-34.7713	13.8007
18.7124	19.2709	40.1791	42.8648	-10.8753	-1.8294
-14.2262	44.351	8.54976	-10.3137	-5.44908	17.6669
-23.3268	-34.5119	-32.519	-15.7247	31.344	9.92652
-49.5056	3.9079	-14.7816	44.1313	26.4	-3.01396
49.9847	-24.1783	35.2474	16.036	36.8618	-0.663091
13.6525	28.9087	5.97095	-22.8446	-6.08081	14.2781
-9.67284	-1.92419	22.7287	38.6319	-29.3054	-2.31958
37.0754	-5.48265	-30.4163	0.788903	-7.78985	17.7417
-49.9023	-31.7927	23.8517	21.1051	4.53047	15.4113
-24.4987	8.34223	-5.99536	-29.8242	35.107	-3.0754
31.2128	6.48366	31.0663	32.6655	-27.7093	17.5254
-41.2503	17.4764	34.6126	10.445	29.6869	1.25347
-3.66985	-20.5039	-37.8903	23.7358	43.0265	14.5336
24.9626	-47.1526	18.7582	10.3504	3.51726	17.8653
-37.4844	-6.99332	-39.9258	-9.76745	34.7041	17.6102
-40.6888	-27.0989	35.4671	-8.9465	-15.3645	-3.81891
2.29957	-34.2586	41.0886	23.0705	-12.0228	17.8581
5.94958	28.1671	40.4874	-5.50401	25.9239	1.20558
2.20801	-41.1405	-9.26695	-35.4183	-40.2158	-1.46922
-1.51524	35.7875	34.7255	42.233	46.1394	17.8678
-13.0634	-38.3786	32.3939	27.3705	-4.67086	5.97555
-41.4975	40.6095	11.0004	4.93942	-7.88446	15.3603
20.6137	23.9769	20.5222	41.4121	5.90686	7.21283
4.70443	-39.8984	2.54067	7.28935	-27.0104	10.6683
-42.3124	43.2798	-37.8689	44.6898	31.7774	9.66269
-40.0601	-23.9525	-30.7794	-14.6931	40.0235	6.4762
47.5585	18.0685	-47.2747	-16.4296	16.3961	17.8074
2.3545	-40.3104	-13.4785	26.0643	47.6745	17.7873
11.1225	39.0347	41.287	4.2375	-26.7968	3.70229
42.0164	10.9516	20.5527	-35.052	-5.0737	17.8387
17.2018	-41.3724	24.9565	-42.0103	1.27415	17.7567
-21.0105	-31.0083	41.9706	6.72781	-26.5313	-4.08815
4.02081	28.573	30.6696	-25.9758	14.2842	10.254
-25.3349	23.6351	15.6453	-14.8824	3.4135	16.1292
28.692	-18.5354	-19.9576	35.4244	0.459304	-1.95602
8.25983	36.8343	-36.9076	-5.37889	-19.6036	-3.4562
-1.8601	21.2119	-31.4295	-9.60265	42.3154	-2.25723
-43.0052	-16.1824	-5.78784	30.0531	-47.3235	13.5166
-49.2309	39.3796	32.4763	3.71563	6.53249	1.3127
-5.88549	-43.701	5.82446	-33.6634	-44.4578	-2.46096
31.695	-46.0753	39.2361	-34.8628	-21.569	15.9135
6.11438	48.645	9.50499	16.0298	15.7979	17.5781
48.4497	34.6614	33.4376	-14.8701	-24.8009	13.7019
-48.0895	-16.0909	42.8648	27.0806	-36.5719	-0.282226
20.7327	-0.285348	10.2557	-14.275	39.346	13.0856
-15.5751	43.2371	-0.938444	41.5983	13.5975	-0.575898
-40.1364	0.984222	-12.3737	-1.55797	1.56713	8.53858
-7.92718	-48.8708	41.5616	39.4772	-27.9473	9.49093
43.5301	26.9127	17.0827	-25.6188	22.7165	8.96872
-43.9512	-46.0051	17.4154	-47.9888	33.7764	12.0359
1.48473	0.334178	24.9474	-43.6613	-9.62096	7.98388
21.9108	21.4377	5.29649	-38.0032	-49.7803	17.1552
11.1103	0.15717	22.6981	21.5201	-30.752	16.1946
12.9566	12.6881	-3.72173	21.1203	-2.16224	13.3674
29.7266	-49.3774	-19.805	38.8455	-1.6953	10.1092
31.222	-4.02081	-31.0511	25.0145	-48.2269	12.7878
-22.9789	-36.4528	30.6024	-40.7498	4.73189	17.7138
-38.5525	-0.529496	47.9522	3.67595	16.5487	17.4352
37.1578	49.5666	-16.0909	33.3033	-23.5618	15.593
-22.6707	21.0196	-10.9027	22.7195	-47.6104	-1.03687
-10.506	-3.34635	-20.7297	-9.45006	15.0197	0.323487
9.62706	43.0204	-22.5272	-38.638	24.4438	2.91937
11.4154	10.4877	17.452	-18.3798	-8.89157	6.06063
35.1222	0.248726	19.5547	48.9807	-45.4985	-4.03045
39.114	-15.978	-3.81939	39.7061	-42.8129	-0.44261
46.4568	45.8251	19.2221	15.5232	34.1182	-3.0635
34.9055	-24.337	35.4793	25.341	-48.8678	-4.11544
27.7978	-34.8872	12.9139	-44.7508	26.0521	-1.43126
5.11948	-11.2354	39.4955	39.6695	-40.051	-1.86281
-46.9451	12.8162	-36.4772	29.7876	0.804163	16.9209
-46.5239	22.8385	8.92514	-10.8051	19.6585	-4.06224
3.85907	6.26698	38.6624	-41.2961	-11.3727	14.3511
-46.5392	-29.1131	5.61998	21.9901	16.4174	-3.04958
36.8435	11.446	-11.0523	-24.2821	37.991	3.62566
-7.84478	30.4987	-8.37275	-6.22425	38.6746	-4.02572
-23.9402	19.2892	-41.4609	-21.3401	20.6473	-1.12236
-10.2496	40.9604	30.6665	24.8558	22.4143	17.5664
29.1559	41.3083	-34.1151	-15.4195	-25.4051	15.5137
46.0692	17.6016	-36.3277	37.9177	44.3602	17.097
-12.1326	-32.2108	49.7497	29.4702	-8.78475	17.1963
20.1987	-10.2374	-35.992	-15.0258	-36.6085	-2.30954
36.9625	41.4975	47.0367	38.3663	-5.61083	12.6083
24.7032	23.3177	-45.3185	41.4151	1.37486	7.83003
23.0827	17.0095	16.625	47.9705	-9.73998	17.6399
23.7053	-15.4408	42.0164	28.8232	3.11747	7.85355
-10.6769	13.7471	10.4389	3.19376	48.2604	-3.86246
-22.4052	42.4375	0.0412	-11.2354	34.2189	17.4945
24.2729	41.0459	-18.572	-16.3717	-29.4183	17.5365
-11.8061	-27.456	40.1242	28.9789	-22.7622	-3.64504
-30.8161	-10.4541	-29.3359	-41.7447	-20.0522	-0.5206
-20.394	-17.9159	33.3247	-35.5342	-16.2191	0.535333
35.6014	-43.1303	-5.13779	29.5312	-32.5434	12.9078
14.3513	-17.7999	31.3379	41.0764	44.8637	8.89183
-28.8476	19.3075	23.806	23.339	-44.0825	14.9136
3.86822	-44.6806	-32.0734	20.5618	-32.7662	-1.91533
35.7021	-11.7908	-43.0876	22.2648	11.3819	5.94805
39.8373	-36.9076	29.3115	-12.9109	1.26194	-1.22423
-24.1264	11.7237	41.8638	38.1497	39.9106	11.3092
-39.4223	-22.689	-28.8873	-32.9707	-30.6726	14.0787
-23.7846	12.4042	-11.2903	-11.0675	-0.383007	1.89195
-12.8468	-45.2147	44.1313	0.495926	4.82955	4.78618
-18.3645	1.46947	-17.8182	-3.49895	2.86416	12.4482
29.7235	-20.3757	-16.451	25.6615	43.3042	-4.10327
-8.37886	-6.54469	45.9532	-30.6818	42.1659	14.9655
-11.7237	25.4631	28.8903	-0.996429	21.4499	11.8173
-16.1733	-26.6655	27.5719	-11.4765	8.83969	17.6992
-34.1304	8.3697	-12.505	38.0215	49.4629	17.8699
-4.02692	-45.6999	14.5802	-8.6108	47.7477	13.832
-10.8448	-29.0704	45.2483	0.428785	39.3277	-0.528918
42.8648	20.9159	22.6676	-46.0234	-32.5068	-4.12995
3.17545	21.691	-23.281	-31.8476	9.58739	13.0339
32.1741	-8.5406	-20.7053	28.2434	-34.521	6.16315
-12.7827	14.5772	26.0277	47.3571	-42.5077	-1.53081
31.2281	-31.9727	22.2465	-0.138859	-6.17237	-1.33937
38.6776	-47.6623	31.3318	-9.36766	5.29038	14.5747
-10.567	-14.7877	5.54979	14.6229	47.821	6.42074
5.01877	-1.07273	-36.9716	-43.759	1.05747	-3.82049
0.227363	30.9198	17.0797	-14.6321	-34.2402	17.8303
22.0664	-49.0997	-49.4079	4.5793	-1.57018	12.7651
-45.5168	8.40632	25.6493	-48.8739	-49.5666	11.6362
-46.8505	9.447	-1.85705	-43.4751	-33.6879	-0.803818
-42.8953	49.4293	-47.0855	27.3919	20.1895	9.60103
30.0073	-24.6879	46.8963	-35.7021	1.72887	-1.94892
12.2517	-13.0024	-30.4376	-25.7469	34.6034	14.2943
-14.4734	21.1844	45.941	35.4244	48.8983	7.17793
-6.87124	-34.7713	8.30561	29.6075	-21.8619	3.11971
-46.823	42.2819	-46.054	-32.8761	-22.277	-0.703921
-38.4915	15.5141	31.1182	20.3574	-12.2211	-0.751254
0.15717	8.87631	25.7927	-46.0051	-41.9523	17.8657
-46.7193	-24.7368	46.7742	-11.626	39.6634	17.1304
-25.9087	6.25172	-47.5982	-10.8631	-5.87024	10.6036
-38.7417	-19.5151	10.1306	-38.2931	27.9748	-0.130342
-11.3941	11.1866	31.7225	-49.8505	-29.8578	13.5478
-11.8244	38.4762	9.10825	-21.5323	39.0652	-0.746223
-36.0958	-18.453	-34.0571	9.32798	13.8142	10.5747
-26.6503	-4.95163	21.1722	42.7366	7.49077	2.4634
-12.859	-10.3504	18.0532	-5.83972	24.6025	2.25996
-21.1722	-35.9767	-38.757	-28.1457	1.12156	14.5712
-23.7358	-26.7144	31.0297	12.9017	47.4303	-4.09089
17.04	-2.24158	9.53856	-5.41551	-18.2302	0.357577
32.8394	-27.044	29.0216	12.3646	15.3005	3.53565
-25.1091	-40.9635	-36.5261	-7.41447	-11.1072	17.5204
-33.6268	32.7082	-6.61184	14.275	46.8871	10.5081
1.09104	18.8406	-34.9147	-43.8688	-41.1618	-4.12327
-22.3838	27.2546	-49.5697	44.6532	-19.3655	17.1741
37.0205	-35.9096	-23.4336	-39.0622	-16.2282	6.35289
13.3595	2.56508	34.4111	-9.55687	-32.2199	-0.234132
49.0112	-33.0988	-25.4601	-20.4398	-4.9028	-2.41202
-36.523	42.9991	11.5406	-48.645	45.3246	5.00874
23.9158	-45.5382	-29.577	29.9738	-11.6382	-0.405175
-25.9087	-31.8659	-19.4906	-34.6889	-21.1417	10.6036
-16.8813	39.3002	2.89773	48.6328	-47.0275	7.45731
11.9556	-20.9311	15.2364	35.1894	17.0949	-2.63342
14.7847	35.3847	-49.1211	-32.4519	-7.13981	5.8554
46.5911	-20.4306	-1.33213	35.6532	46.7162	16.2545
-17.0095	9.27305	44.5769	-12.2211	-13.8325	11.2619
30.9717	-45.2605	24.6727	-6.16016	-8.60469	-3.50199
7.7044	9.32798	-29.6564	-12.9688	-4.47249	8.3394
-28.9117	-38.8699	31.2037	-20.7572	-26.2291	-0.0939914
-16.039	-7.07266	34.872	-9.84375	-31.9971	8.87188
-7.82647	30.0806	-15.5263	-31.1274	-32.7784	-0.0910836
-15.3462	43.5026	37.7926	-20.3024	17.8762	7.48851
46.9604	-27.044	-27.0714	35.9218	17.7511	17.0774
31.2922	49.2706	-37.5393	42.7427	28.6248	-2.83567
-18.041	-34.4874	4.63729	6.52944	27.2057	10.6788
-16.2679	15.6545	-6.16626	-47.9308	5.22629	17.4701
-6.45009	41.0276	43.8261	2.04016	-29.3298	9.21904
-44.3937	16.3381	-26.5679	-23.3695	16.5639	-3.9505
-20.8182	1.06662	-14.7542	-3.94757	-14.922	12.3134
-30.7672	-33.6512	-33.5505	21.2424	-46.762	11.145
33.1263	20.8731	-39.6634	29.0948	25.5669	17.5919
-14.7145	36.6024	7.60063	20.69	-49.6277	17.7782
-37.1883	45.9899	10.1367	1.22227	-46.3225	-3.99598
40.2097	35.7814	-27.0013	-28.6767	-48.9715	4.43583
23.9677	10.741	-41.5677	-32.9707	9.01669	17.7257
-38.6654	-25.2373	-42.3673	-13.3992	-24.0928	15.5431
2.55287	19.3228	-12.3646	-49.3774	36.5474	13.634
-31.872	13.2984	-15.8559	24.1661	-18.4683	11.9115
21.8162	-20.2231	-28.4417	42.9228	7.61895	17.1774
-29.5099	-18.9596	-8.31782	-36.4895	-5.09507	-1.12168
35.6288	32.1253	-33.52	2.37587	-3.71258	15.2781
4.26191	-22.2373	15.3188	27.459	-30.3034	16.5702
-2.23243	26.8731	16.57	15.6178	-33.4529	10.4265
-37.9513	3.08695	30.105	-49.6246	-19.5242	10.9849
-17.2048	-48.1536	5.09201	48.8708	2.85195	13.8394
47.4212	-43.1822	-38.641	13.332	19.1824	9.38226
-9.29441	35.7997	-9.18149	-2.99234	-11.7115	15.7022
-35.8516	-0.303659	16.8935	4.11237	45.1323	-4.12785
6.76138	39.6359	22.2404	-22.8172	14.7755	2.40279
12.6576	-16.7318	39.938	30.5963	28.1274	-4.12965
22.4693	42.2727	33.5078	-19.5212	9.70031	-2.7664
-34.9086	-40.6552	-23.5008	31.6919	-23.0247	1.63154
-33.8954	1.05136	7.33207	-49.2187	-3.41655	-3.9759
-8.39717	-23.3848	-40.6308	3.7492	24.6696	1.62543
-46.1943	-21.4682	-45.6053	-32.7326	-14.4704	11.7373
-24.7032	-23.2139	-3.40129	4.32295	9.70336	7.83003
-32.1741	40.936	18.3706	28.1487	25.4509	6.16315
44.995	27.9534	-23.4825	21.8345	12.801	-3.61638
9.30662	11.1164	-16.9607	31.2616	-43.5209	-3.7212
35.5892	-9.25474	27.4651	21.8192	41.9675	-3.57208
-28.3532	-37.0357	45.7244	-16.0939	-9.78881	17.6929
18.0563	16.274	-39.6939	10.3442	-30.7764	17.6153
49.3683	37.3836	41.6562	12.8895	29.9982	15.9587
-12.6484	35.8913	38.5769	5.28123	-28.1549	-3.32531
49.2218	4.59456	-30.1325	48.175	35.9401	16.5784
19.4021	34.3654	26.5648	-10.7562	-18.2394	-2.6001
17.3818	-43.5087	-5.26902	-17.2109	-48.1445	14.8781
-29.7357	12.1815	23.0766	46.234	-38.0764	5.83801
-48.6877	47.94	-8.82443	29.6472	-42.9136	-2.84324
-46.0265	-47.6043	-40.2524	-29.7723	-29.9554	10.5725
40.2493	-19.6066	-21.453	-34.2341	-3.29752	17.086
-36.8221	24.7246	-9.30357	-9.67284	0.688192	6.92375
-13.8569	-2.71157	-40.0906	38.1344	-7.5457	2.0232
-49.2401	-2.6719	-12.7613	-3.59355	-20.9677	4.6728
10.3015	0.480667	-36.3216	-34.225	-44.3449	17.2902
33.7855	-2.74514	39.8038	-16.2648	-24.1691	10.3758
-38.0184	-36.166	-15.4622	-27.8924	24.9748	-1.82673
-24.163	-23.7449	21.7826	-22.5517	-14.0065	-4.0723
26.8334	-24.4346	-46.3591	-17.5283	49.1363	-0.00525399
12.6911	12.3981	49.1394	-39.6146	25.0908	15.1332
-2.89468	48.2574	46.4873	-13.0573	39.5627	16.1589
-28.6065	21.8375	37.7102	23.4153	11.6047	4.82525
25.3105	-43.2798	-27.2057	-39.9869	42.9563	14.1134
-42.4375	-18.215	-20.0522	-1.89673	-19.7501	-2.2181
-49.707	-38.2473	-0.526444	9.42259	42.056	-1.27998
11.3605	-12.0869	-3.40434	30.2759	-24.2119	13.5917
-27.5994	14.6962	46.6308	-41.3053	-4.07575	8.00503
22.8996	-0.807215	29.0765	21.868	-30.0409	12.552
-25.0603	-23.7541	-18.4622	14.156	-7.55791	15.4634
14.2659	-26.5587	-12.0502	20.394	-11.1347	11.9353
-45.0529	-14.51	27.5597	-9.92004	16.9637	8.59368
1.10935	-20.1773	23.6259	-17.7755	-3.09305	-3.05504
49.9176	44.2198	17.8732	27.5719	-44.5463	1.89122
3.93536	2.88247	0.553911	-9.05637	18.7246	14.3299
41.0306	-0.297555	-30.6604	6.20899	-40.0388	-4.06486
-49.4903	38.818	-2.09815	-12.9475	-44.9034	-4.09067
-9.66674	-21.0196	42.6176	-24.9748	21.6666	-3.28476
-41.3114	41.1466	-9.89563	-26.4855	24.5628	-1.95682
41.1802	11.3025	3.27921	-16.451	34.4203	5.11442
-24.1508	12.1754	43.1791	14.745	2.75124	16.6627
-8.6993	35.8791	17.7236	36.7306	2.24769	-3.58343
39.6054	-28.7469	-41.229	-42.0621	-2.13172	16.424
47.9766	-8.55586	19.2679	-7.69219	-39.9442	3.9104
-23.0003	-26.8273	-29.0765	-13.0146	-43.4874	17.3256
7.82342	-14.9007	-22.9942	28.0877	-49.5544	17.8663
38.5403	12.7918	12.2852	-16.4815	1.25278	-3.11236
-17.9708	2.95267	4.87533	-8.31172	43.4812	7.13476
31.4539	47.412	-19.8325	29.2047	22.5639	12.7501
23.9555	16.7226	-26.4855	-29.9341	12.981	12.187
36.4925	9.34019	10.1947	-49.2462	45.7579	2.95466
22.573	21.0623	45.5657	41.7814	5.06149	15.8389
26.1925	-20.3726	-30.4437	-3.13883	30.2667	15.3798
14.33	-31.3868	-41.6349	-34.7621	-35.5892	17.2356
12.9414	-37.051	-25.0877	-43.2859	-2.74209	17.7995
-49.2676	16.1245	39.1354	-27.3431	34.1121	3.34601
4.65865	-44.6165	-15.2028	-4.326	-15.9963	0.824257
-48.7884	17.7816	-30.8771	45.1048	27.6818	-2.53741
-3.22123	43.8261	-24.8253	7.15506	-47.3937	-3.80513
-16.3778	-36.1995	27.5872	1.33824	0.523392	17.8584
44.3297	30.7733	42.0438	-26.0857	-1.22532	13.9665
-39.8373	25.8629	-44.116	4.326	33.874	-1.22423
-0.517289	-46.6826	49.5422	8.51619	-23.8823	12.8061
27.3797	-1.54271	-0.526444	37.2188	0.978118	17.7393
30.6146	-26.7571	17.8915	14.9068	35.2168	-0.182138
-22.515	-20.6839	23.1986	-12.4805	24.3858	-0.444739
21.1325	-31.6126	-14.4459	-7.05435	37.0266	-2.21287
27.279	-24.6696	-34.1151	-33.4071	-32.1711	-0.0595213
42.6572	-33.3064	46.6369	7.82647	-0.33723	-3.14698
12.5355	14.9709	15.9047	44.2015	48.59	-0.53574
-30.0928	45.6053	20.1956	-20.5618	38.5464	8.38438
43.0387	-42.8831	-36.7977	-43.0662	18.8406	0.541773
16.686	-16.0512	15.3249	24.9718	24.8833	11.8813
-31.9544	-28.457	27.0653	17.4978	-39.8679	14.5895
-14.3178	12.859	-22.7622	24.2393	-20.8151	-2.3486
27.4438	-9.40733	-14.2689	-28.5089	-24.1722	5.87277
2.5071	-20.2658	-2.6719	-16.4113	-2.9252	14.2445
21.5873	-42.2147	-43.9299	-17.684	-34.9818	11.0377
8.33918	26.9127	7.17948	-36.3735	36.8709	2.69609
36.4132	-11.1072	1.31382	34.8842	30.4315	1.77855
-21.1936	7.2924	14.9922	20.394	44.818	17.5987
21.279	-22.1824	-4.89975	-1.46947	24.5109	17.8688
-18.5446	24.8527	45.2788	2.21412	16.567	-3.97292
48.6541	-14.8915	-46.8688	40.286	-15.0075	17.1662
42.8648	11.7603	-27.9748	-43.0815	-44.4884	-4.12995
-1.10935	4.34736	-28.0267	-5.19272	-33.8893	-3.05504
31.9514	47.6531	-46.5697	49.8657	-47.998	15.0059
22.9789	-27.2454	0.712607	38.8455	46.8596	17.7138
40.2921	3.4135	46.2493	-16.2038	35.0398	14.2438
-46.5484	40.347	27.636	48.7732	5.63829	17.5395
16.3411	-36.0958	-38.5586	-39.6115	2.12561	12.0083
-28.5211	-1.18259	3.3433	1.95776	4.04218	-1.88584
-49.5483	-36.0714	-16.7226	42.1354	-23.8426	-0.171847
8.47957	-40.1669	-43.7223	-20.9525	33.5566	-2.63806
-25.7958	-28.0969	-26.6747	-24.9046	32.8883	1.8561
-23.3848	24.9382	-0.996429	-2.98929	-39.5016	17.8264
-6.83462	-11.1988	-18.1234	30.0439	-48.648	-0.569948
-4.01471	-31.6126	-13.6616	14.8518	-31.2922	-3.77823
-20.4642	8.1286	-45.703	24.3858	25.0237	-3.99652
30.4041	22.4052	-18.1082	-32.7876	-40.9085	17.8663
-27.6879	18.9596	11.4643	12.5477	-4.29243	3.76039
-29.6503	-25.988	30.3858	-41.2503	32.5434	0.619406
30.5292	40.3378	-35.9798	-9.56603	-1.56102	16.9085
23.7632	16.5334	31.7621	-43.8108	-29.6289	17.8617
21.9993	-35.1711	-47.47	-37.1242	-4.5732	1.81883
5.21104	8.96786	-17.8854	8.2049	46.9848	12.0805
-31.4966	-26.6655	-48.2055	-15.8132	-6.19068	4.78738
-35.7814	46.1272	-1.91809	-32.1039	-24.7032	0.755789
-29.1284	-24.1264	0.498978	13.3686	47.6897	-2.71424
-23.516	-6.79495	-11.4582	-48.4649	9.04416	15.3942
-33.4681	45.5779	-20.7297	39.6847	2.0249	6.46493
-49.9603	-46.4507	-7.72576	2.51625	20.0461	12.9232
-9.7705	-41.2412	23.693	44.055	7.35954	5.50594
-15.3584	-19.9484	-24.517	3.9079	45.3337	2.90446
-21.5751	44.6898	-13.6677	-21.0807	-17.864	11.245
-21.0746	-28.8568	-8.98312	-41.0337	-29.0094	-3.5514
41.5403	-2.70241	16.039	-12.9292	-13.7013	-0.18376
19.3686	-25.2831	-45.4833	-0.990326	-0.431837	14.1719
-11.2964	20.101	-34.2311	-49.6551	-41.6135	7.05763
19.4143	19.5059	3.84075	44.6379	48.0255	4.22416
-11.0034	-22.7409	35.1192	-24.9992	20.7816	17.8498
19.7378	-33.7123	-10.5152	1.99133	-43.7773	6.4295
-45.8495	20.8396	-37.6492	-5.8977	36.9625	4.32843
23.104	-16.6555	8.10724	-17.0553	-35.6899	3.69523
-7.23746	-30.8008	-33.813	11.3086	-27.2637	8.09402
33.0012	-36.1782	-49.2889	-40.6583	-46.5758	12.1494
-22.3807	36.6482	-38.0337	37.1517	33.1172	8.87229
5.8153	-19.5151	4.4969	-40.5759	-49.3744	3.79119
48.4619	-27.5811	2.80618	-9.05637	-19.5975	16.2181
25.164	-22.8202	35.052	-48.7152	-11.7481	8.88559
4.6556	-29.4336	-13.6036	-28.5852	49.2523	15.1615
-24.1813	-10.329	-3.89569	-3.13883	-7.63115	-3.59776
-11.3788	-26.8273	-15.3066	49.2889	24.0135	2.39683
46.4171	33.1874	-20.1743	-37.6492	-32.4946	7.81744
-16.3594	21.0776	-40.5972	18.0532	-5.3972	16.7924
37.286	-47.2503	44.3205	0.187689	-42.5962	17.023
11.6382	20.2719	-16.567	-32.458	22.1274	16.7115
4.57625	-32.2047	48.9166	35.7387	7.15812	4.9635
-20.0125	1.92419	-40.2951	30.9778	-12.8285	10.9487
47.0092	16.9546	4.59151	-38.2809	42.8648	11.811
-46.0967	-28.8141	-23.3482	12.6698	24.2943	3.69071
49.6887	-15.1631	18.9718	27.0745	33.5261	-4.11987
-14.8824	-22.2129	26.5343	42.7702	28.4783	16.3262
-47.3754	32.7876	-4.83261	-32.638	18.9962	7.62889
-29.2718	11.7969	1.31382	40.051	15.5934	8.54475
22.8568	21.9901	43.994	23.2383	-10.6616	-0.309677
10.7318	43.8749	33.2881	6.09607	-8.19269	5.89612
-9.63012	-26.7632	2.01575	-5.562	-1.76855	1.46503
41.6776	2.86416	26.7205	36.9503	-1.27415	13.598
-27.5384	14.6168	26.3329	41.8394	-2.1897	16.1911
9.10215	27.5933	-4.94247	33.7703	14.5741	6.19654
-29.4641	-10.1032	-27.044	41.7173	7.54875	9.07109
-34.0632	-43.5575	37.8658	34.9361	-30.7215	-3.76082
-9.09299	-1.92114	-27.7245	-23.0399	-12.1448	14.678
9.94751	40.4263	25.4906	-9.45616	35.3664	1.24897
28.7591	-28.3959	4.20698	-17.6901	-7.70135	0.330585
-36.6298	-4.75936	-30.2026	-30.6452	49.765	17.7202
-25.0389	39.1293	-39.6939	6.86209	33.5505	-1.23659
14.5344	-41.8882	8.74813	39.819	-33.6146	16.5416
-28.7561	21.279	-27.5781	-19.9484	29.5953	16.9945
46.8169	-1.8479	-16.4602	14.0339	-1.92724	-3.36957
-37.1029	37.0602	0.215155	29.1772	10.9729	-3.68996
37.6339	-42.7152	2.09204	-1.67699	41.8607	5.61285
-7.93329	16.5151	15.3768	-40.0418	-20.5985	-3.83727
-18.6453	-14.9709	24.2607	-30.7581	-44.0092	6.0897
-48.5046	-14.8122	11.1316	39.3124	25.5699	9.51215
37.9574	-13.329	34.7835	1.96692	33.0164	-3.75664
-9.34019	-30.398	14.388	-26.574	-48.5595	-1.28275
-3.92315	43.8566	-47.7081	31.1853	-46.6552	-4.04981
46.0479	33.3186	-3.37077	17.5954	13.1397	-4.12484
27.6818	0.993377	18.8742	35.9188	-29.6686	-3.48128
-32.3756	-47.3907	-18.3584	48.7884	16.0451	17.5747
-35.9767	-46.6033	-12.3676	20.9738	33.462	-0.64324
46.4965	41.7936	45.0407	40.8902	-32.4122	-2.41437
1.71972	35.6838	37.5637	32.0856	-36.3857	13.4662
27.0043	3.08695	5.52538	-32.1741	37.0693	14.2334
15.9291	4.51216	-41.4731	1.37486	15.5324	14.8669
22.8629	-32.1894	33.0714	-15.8193	-1.45726	0.27527
-22.6798	-49.4446	26.693	-12.9139	-39.4528	14.5455
-36.9106	-23.9189	-42.9441	-41.0764	-44.9767	-4.11484
3.35551	-26.7876	-5.18967	-40.6888	-40.4843	-3.98855
-16.9942	-25.4448	-39.1171	27.9077	-28.0023	-2.46691
-15.3279	20.5405	15.0472	3.87127	34.3623	15.347
-40.0388	-41.9248	10.6281	47.3937	-1.49083	-3.75166
-23.101	48.6053	-43.4385	-17.6321	49.2157	1.79523
-14.0645	3.80108	-3.26395	36.4925	37.0907	3.09213
-0.920133	1.6007	39.0652	10.097	41.2076	15.6214
-18.1753	8.4521	-17.9067	-46.3103	-47.9125	10.738
-4.9852	-31.1701	38.7631	7.31986	-40.8811	-3.28833
3.72173	2.66579	-40.701	23.8701	-7.88446	2.24924
-44.6196	-50	-2.41554	-43.6338	37.8994	10.7904
-17.6901	44.1191	37.3745	-19.8904	-41.2503	15.9696
29.1742	-31.8384	42.5596	-31.1304	20.6961	14.5734
-14.8091	45.0285	15.8467	-28.5058	-7.05435	11.0079
35.2321	23.0033	-37.7529	47.5127	0.627155	12.7428
10.8142	32.9371	-25.3075	-23.4519	-14.9403	5.0057
-19.0909	-11.6596	-46.2798	26.7388	-46.3195	0.508606
24.4896	38.348	24.3278	14.5497	-43.0509	-1.69136
-32.1802	39.1049	9.23032	9.97192	35.284	-3.46863
44.0703	11.5497	33.5841	26.0277	27.1233	1.38357
-23.5862	-42.7152	18.9993	-0.862148	-21.9291	-4.11776
-12.3463	-43.5759	-2.45216	-38.0886	-34.46	-3.88029
34.7499	26.0369	-12.1845	48.4527	19.9759	8.06233
21.0196	-6.73696	33.7611	40.5484	-14.507	-3.46006
-45.7152	-11.6535	-39.0988	-19.1153	-27.6177	15.6526
0.331126	-11.2018	17.5497	-34.4386	18.4835	17.4932
19.5822	34.5241	-8.41548	-5.03708	-29.5495	-2.71199
9.13572	-18.4317	-2.99844	7.93939	-12.8224	-0.998235
12.0838	3.14493	21.63	-25.8568	-6.17542	0.797878
49.7223	47.3327	-21.7124	5.02487	43.0876	10.8198
-7.22831	46.0143	47.7233	3.35856	-31.0541	-2.80852
-19.6921	-45.0102	-44.821	-19.7165	-17.2018	12.4139
27.2912	31.222	-23.3085	10.0452	26.0216	5.57789
3.95062	20.6687	-15.2425	2.45521	11.4124	17.3391
-27.4285	-47.5219	-9.87732	-7.49077	47.1679	-1.47191
24.4316	38.8119	-2.45827	44.6043	-2.90078	12.9312
18.2913	-10.4907	8.90683	-10.7929	-30.1141	15.8092
1.91504	17.1773	-13.2832	34.0297	-31.4081	16.4605
-47.47	36.4162	31.9086	-8.74813	-36.0195	7.768
-21.1875	29.3542	-39.6512	-33.6482	-39.111	-4.12784
-38.9401	-5.11948	-16.6402	19.3594	43.3134	5.15939
16.7684	-13.0207	-24.9351	-46.7376	25.4326	-2.57828
36.227	29.1375	3.0076	-11.8122	-31.5302	-2.85174
1.5305	-13.5701	12.0716	46.4415	2.57424	14.6309
27.102	12.7583	13.9668	-21.865	5.22629	-2.00946
46.1669	-36.2972	19.0756	-8.15912	18.3798	17.6203
-30.1691	-24.453	-31.6462	39.5169	-11.0401	15.2441
-33.1568	-40.4294	37.17	-17.6992	27.34	6.92361
-41.6959	-4.95773	-37.7346	-20.7877	-30.2606	17.8589
32.4091	16.6066	-27.4438	-46.3805	-10.0024	-0.491607
13.1977	-16.5273	-7.56706	37.994	38.638	11.2237
10.8173	-36.3247	-28.3349	-26.2658	-37.8018	-4.11033
44.3724	10.39	-40.936	-30.1325	25.9239	6.25717
-34.4386	-46.3469	27.0867	-32.5617	-6.90481	5.38077
39.9899	-14.33	-34.3257	-3.85907	-21.5873	-3.26904
5.25987	-30.3095	-6.41957	-35.9218	-5.01572	-3.56746
18.3645	20.0034	-10.448	38.1283	28.8781	12.4482
-27.2607	-33.7855	40.4386	14.3086	-28.4143	0.299315
7.57622	-7.31376	-41.5525	46.8596	27.6269	-1.97533
-11.8885	25.9728	21.3797	-42.6542	-14.6352	-3.96684
36.0805	2.05542	32.5312	-42.3948	-22.2587	-2.32341
46.6247	-44.0214	18.3432	-5.3209	21.2424	0.617555
-12.7186	-35.3603	18.1845	14.51	-36.7794	-2.75095
28.3807	-24.0867	23.5679	1.99744	-23.8945	1.80156
-45.1933	-22.1152	-5.64745	48.1597	46.2096	17.4966
16.3778	34.7224	-22.335	-48.6572	-16.5395	17.8584
-4.42366	-19.9179	-24.7154	-40.3287	-1.96387	-1.60459
-46.1852	-12.4989	-7.49077	-18.099	-17.3635	6.63825
-22.8477	43.054	28.2281	-19.5273	-18.7765	14.3215
14.0675	37.5484	-30.8039	13.6402	-24.8344	-1.61472
16.9118	30.0562	-26.5221	-49.3561	-21.1875	12.5233
19.3594	-39.5901	-14.3239	5.18052	-10.9546	17.824
-24.5018	-43.582	-20.5069	2.76955	35.4701	15.5257
39.7092	40.2432	-11.9098	-21.4347	7.94549	-2.73945
-41.2534	15.4622	-9.82238	-35.2016	-5.43992	5.95721
44.5616	26.2658	-12.6423	31.5027	28.6676	10.7838
-37.2097	-9.64537	47.5005	17.6382	49.2553	-4.01556
-21.926	21.3401	-49.8413	-5.562	-0.401318	-0.357558
29.4549	-24.1111	-37.4752	-27.0074	35.8852	9.5109
-1.92419	7.67083	-5.96179	28.5058	-22.6493	10.4056
25.1885	-4.79904	4.70138	-12.7583	47.4609	10.2241
-29.6075	-40.4538	-37.8994	-37.2982	31.1823	11.9246
-20.3207	28.0084	-15.2882	10.0757	-4.06354	-3.28183
-42.6664	-48.3184	-23.4947	-2.07373	37.5637	16.1202
-17.7023	-18.8772	-36.3735	-5.04318	-32.8669	4.03266
-5.95569	7.15506	-36.2178	23.5588	-47.3357	16.4181
-2.1836	41.641	-7.77459	-15.3279	-46.4232	17.7881
21.5476	3.30973	21.8711	-37.9208	41.4212	15.5442
-9.4348	-29.5373	32.3023	41.5586	-18.6148	-1.95785
-46.6063	30.0226	-29.2444	40.9543	-9.60265	3.76911
0.202948	31.6889	-1.37181	31.3471	29.4	17.8499
6.1388	34.6614	8.56807	-48.6633	-49.2065	10.2512
-44.586	23.7266	48.7823	4.12763	35.1802	6.12917
34.8811	-45.1842	-4.94552	-47.3205	-40.6095	14.6537
6.67592	-6.03504	0.498978	-41.7447	-44.7935	-0.534709
-3.21512	-4.58846	17.5069	-16.8264	-17.3666	7.35333
-32.1314	-7.66778	35.4213	35.7814	-41.3175	6.07826
29.4916	14.1011	-27.5567	1.06967	33.6756	-1.67927
42.0896	-36.8648	16.1672	-6.52944	47.6379	14.2732
-8.89157	0.163274	32.4732	-26.5191	37.5759	15.6634
31.1426	1.24668	-36.5291	34.3165	-26.223	-4.12831
-24.2637	29.8761	-25.7225	10.0177	-22.2709	0.599332
-45.5535	20.8213	-26.1406	-16.979	26.4519	2.86947
6.21509	18.3493	32.9066	-29.3146	-39.9869	6.89892
-7.05741	14.6046	-31.3105	-42.0377	-40.6583	-4.01328
26.281	26.2444	32.0002	23.9219	-7.7868	-2.77537
-9.74303	32.046	14.8885	43.8414	-31.7621	7.30271
-19.8294	-17.6992	32.2077	-46.6094	7.75628	17.4959
49.06	-12.4989	8.51009	16.3015	-9.01975	4.73253
-8.70846	11.803	-47.5158	-25.869	-22.9362	17.2137
17.7358	38.113	27.4987	24.7246	36.053	1.93968
45.5535	-20.8853	-35.342	-17.9159	-40.6583	2.86947
33.8252	-42.9991	1.46031	14.5253	20.745	4.39467
-38.287	22.3716	-47.647	-11.4032	-34.9086	14.7996
38.4823	-15.9413	-22.9911	-21.6056	-24.34	-3.44914
3.18155	41.9126	-25.8965	45.5962	37.2188	17.1589
-36.8313	-24.4346	39.4498	-20.8792	12.5721	15.2161
-34.4844	-35.2962	-10.6922	10.271	29.2383	-2.10086
-21.7246	8.81222	47.8637	-2.13782	19.0329	13.4261
-25.8049	6.15406	7.52434	-7.12455	-25.1823	4.34949
45.8129	39.9472	13.4877	43.1516	-1.02695	12.5902
-39.9045	-48.178	18.6911	39.9625	16.5456	12.2381
-2.41859	-23.8456	-36.7824	20.1346	-14.3422	4.82968
-41.4457	46.6247	-33.401	-9.1937	5.75732	16.5345
28.2281	18.7704	43.5484	19.2007	-25.3471	2.3611
13.9332	-29.4733	-46.6308	-30.813	12.0624	-3.94607
12.4042	-25.3655	-2.27821	-49.5544	22.3777	10.965
-21.8802	-39.3216	20.4306	-1.45421	3.18461	-3.58029
-10.9424	31.8171	-46.8627	38.1741	-7.33512	-0.15744
-19.3838	-28.1793	-44.9461	18.7399	-14.2872	-0.0307581
-33.8618	-35.4457	49.0234	10.1367	-27.7398	-4.07463
32.4244	13.4449	32.4915	-0.856044	47.4822	17.8373
48.5473	-15.7674	-20.7816	-17.9922	-21.279	15.7616
18.392	24.752	35.1894	48.4802	25.3349	13.8807
42.9991	0.148015	-16.2435	-38.7448	13.2649	15.3569
45.2696	10.5152	4.98825	-20.9922	-49.6185	10.5663
8.63216	8.72372	-41.8943	-11.5223	29.3207	13.6003
-41.6593	24.4041	-6.47145	-45.9014	8.92819	-1.78579
-36.3094	5.08896	23.5466	11.0797	-42.7915	6.09655
30.2637	13.8417	-6.29139	-4.17646	13.6952	16.6562
-10.6525	18.8742	-22.0206	-43.8139	9.24253	17.3174
-25.6798	-5.40941	-27.4407	16.4022	19.3472	-4.01559
-46.0692	29.4244	-13.3595	49.6155	49.7467	17.097
-46.5697	-33.5902	-3.48064	25.5852	-49.3164	15.8702
-22.8874	26.7632	38.6074	27.8771	14.1346	6.86606
-42.2422	-24.105	-44.1557	18.7307	-45.5473	3.06496
26.4428	-33.8954	-49.1089	23.2475	-38.0856	-3.73647
21.0318	41.3144	-31.4112	29.3634	48.3001	16.7074
-49.4171	27.9199	8.91903	-19.808	13.7257	13.9864
-49.4964	39.7122	-11.5558	-1.78686	35.9188	14.5273
-32.9646	-44.818	-46.3958	-2.3545	13.9546	3.57535
-29.3451	-19.1183	-32.4427	30.4193	-1.66784	17.5976
-0.343333	6.798	23.0766	-1.99438	41.3358	17.4024
38.7692	18.8528	47.5402	46.411	-30.224	17.2491
-34.5424	-46.1486	-6.05029	13.0482	21.9199	12.6314
-6.17542	41.4731	-18.3706	42.288	-24.3339	17.8592
3.26395	-34.0815	5.62609	-38.5586	45.3185	17.8385
-38.6563	-4.57625	41.3633	24.9901	-38.113	14.1834
-18.4561	0.428785	-46.4751	-14.9525	7.82037	17.4992
-31.8812	9.53551	43.881	38.464	-8.31172	4.18698
-18.4225	31.7133	-33.6207	23.7236	-31.9971	-3.45486
35.2107	36.5169	-35.4152	12.096	41.3602	0.202015
-12.624	-49.6216	0.727866	-45.9685	-36.169	17.7935
27.0104	4.61592	-14.2445	4.32905	1.05136	7.87611
-11.7237	40.286	-44.3388	7.9516	-32.1375	11.8173
-48.3734	18.392	-11.7176	44.9644	-4.85092	14.1927
-23.9555	12.5904	-5.49486	36.3552	11.2537	12.187
45.529	34.8811	33.0073	-38.0886	-10.1367	-4.11363
-41.5708	-43.8231	20.5191	0.984222	-49.6033	4.18458
45.8831	29.7693	12.5538	-25.5058	-33.1019	-4.12051
-22.393	-36.0897	-46.8169	-19.5914	44.7966	15.7242
-30.1416	20.8121	-2.91299	8.13776	23.4611	1.36195
-22.2739	27.2698	-47.4822	-27.5292	23.4947	17.5585
-6.21509	-5.17441	-39.9838	-2.65969	23.1559	6.89892
-27.0623	-29.8334	3.93841	-19.3014	2.86416	13.3341
-30.99	-47.3144	-34.7743	-42.8343	-18.1356	15.0298
-11.4246	28.9209	-32.1802	-2.75124	42.7915	13.8917
38.049	6.57826	38.2199	-18.8498	40.109	17.8679
46.0326	-8.25068	-21.4499	-46.9451	-45.5657	12.6255
36.6939	-2.52235	42.2147	27.4804	-38.937	-1.72628
-1.23447	0.511185	10.0482	9.13877	-37.2951	12.4854
-2.33314	11.1988	49.1119	48.6358	13.9424	-1.40879
-34.6065	1.86621	-28.9026	24.0898	43.1608	3.13237
21.5018	20.7877	47.1129	-35.7204	-31.7621	15.2985
8.27815	27.4895	16.6616	-35.6441	-41.2107	7.98436
-36.5474	33.9686	-26.2658	36.0103	47.9736	8.65604
35.2107	-4.33821	23.1651	38.0459	-20.6839	0.202015
13.5365	39.4498	17.9434	37.9299	-10.9363	13.5748
19.9087	-27.9626	39.4314	42.5993	36.935	15.9733
32.8028	-12.5629	10.2252	-8.50398	19.6371	-4.07904
6.79495	18.2394	-47.7813	34.1578	20.2475	17.8571
-34.3715	-29.5831	27.5292	8.91293	-44.7996	-0.918297
49.2706	5.51927	-40.3562	-36.0652	-4.8265	14.6729
-13.1489	-47.5494	-6.74917	29.5038	-19.4845	16.9199
-8.91293	-10.2252	-11.2049	-2.35755	29.8914	6.30597
-22.7683	-8.43074	-36.4223	0.0930815	-9.89257	-0.18335
-0.132756	45.7854	-11.3636	49.6704	-46.3775	17.8684
-36.8374	-27.3614	-26.9677	6.04114	-7.52434	3.50645
-37.3104	-44.174	38.0642	37.4416	-41.9675	11.1748
19.1305	-19.9515	-23.8395	-33.2179	-38.7082	-0.540053
18.8253	-47.5005	-5.67186	5.26902	18.2119	16.5548
27.0104	-46.997	-17.9373	31.1335	-46.9329	7.87611
-3.81024	40.9574	31.4692	-6.15711	29.9463	0.533013
27.1111	43.7651	45.6877	5.30259	17.159	11.7509
-1.1124	-16.393	44.3571	-46.5361	-6.17542	-2.63496
-5.562	3.25785	-32.3847	-16.3259	13.3198	17.8609
25.2647	33.8038	-15.9932	29.1375	-13.0634	10.9846
42.703	11.6962	-25.4814	-9.36766	36.5078	-3.10709
42.3582	-33.9656	6.41346	-4.29243	12.4989	17.7766
10.2191	16.4907	18.2546	44.5402	41.0276	17.8685
-34.6675	-18.2821	22.805	4.37178	-31.4264	16.1096
29.1009	-1.39317	-44.6532	-16.1885	-31.1029	9.68107
-47.4425	-16.2008	-3.52641	30.0409	-7.74102	3.47643
33.7886	23.8212	-37.6522	13.4175	32.6777	8.59154
-9.73388	23.1071	2.61696	-4.62203	-22.9179	7.12302
40.4233	9.77355	19.454	-0.33723	-6.06861	17.7494
-31.5241	36.6115	15.453	3.55388	-7.72576	-2.90711
36.3308	15.6484	-33.166	25.0908	27.1325	17.7719
3.82855	35.5922	-26.162	-48.8006	14.6168	-2.94982
-27.6055	1.41758	17.9434	-24.4896	-22.3838	4.33487
8.16218	-27.8893	-34.9879	27.5384	-20.098	4.43409
-37.8811	-29.87	14.2811	30.7459	24.2027	12.4833
-3.52031	28.0938	18.7246	47.9949	34.0052	10.2884
-27.3675	-37.6003	39.1812	31.4997	-46.0967	-3.54603
36.5841	44.8668	-16.9485	33.4437	-24.7307	6.33478
-42.7549	-20.4825	-13.6189	-40.054	-38.7814	-2.85199
28.1671	-44.9705	21.3492	41.5799	-6.39515	9.31103
38.5861	32.8333	15.4012	-36.877	9.59655	-3.29714
23.4825	5.25681	-10.4175	-2.18665	-10.9455	15.157
18.8467	14.9586	32.049	28.9056	-49.2676	16.292
27.6757	-19.335	-12.9872	-28.2373	-43.1425	-2.51259
-18.6728	25.2403	21.7856	-43.3653	0.633259	6.87251
6.93228	-28.6493	-16.4327	14.2476	19.0146	0.849212
-32.0429	20.4062	48.178	10.6525	32.4976	3.54996
49.2492	-28.2006	-23.3177	21.5262	27.2393	16.7269
-16.7104	-36.1293	20.9738	-32.0948	-21.9901	1.84322
28.1457	-13.0604	-18.6544	40.5972	20.9372	2.13665
-0.846889	-23.7449	-48.7579	32.754	42.7915	3.40094
-22.9514	46.9176	-27.9138	-15.7949	-40.8811	17.6314
28.0419	7.82342	-43.7468	-44.6013	-48.6541	-1.64625
-46.7742	18.8009	37.3226	-0.544755	19.6677	-3.73098
10.0421	23.336	-32.1528	18.1967	-45.6969	4.12518
18.0746	-40.1364	37.0998	41.8638	35.3145	-2.21663
30.3034	-26.4641	46.4995	7.86309	-31.6919	2.07363
47.4456	-3.63628	37.463	-39.8862	-24.2576	-2.57
-36.227	-12.1418	22.3197	35.0673	-10.4022	-2.85174
-25.8049	46.2767	-8.94955	7.82952	-48.2238	4.34949
44.2442	22.3807	-14.0278	-42.6084	37.9421	-2.99142
17.6809	46.8871	6.30055	-19.9271	-26.6381	9.64078
-12.3096	-1.99744	49.5239	-29.3847	-38.6227	2.15651
33.9381	10.7746	-40.4294	36.7244	0.199896	10.6301
-21.7551	28.869	2.16529	18.4408	-23.8914	17.0983
-11.3392	29.2474	18.0349	34.2494	45.2422	0.152437
-38.7661	32.6868	10.976	-4.60372	42.6023	8.9287
-25.4479	-16.8569	18.5934	-45.1018	-10.9455	8.63017
-5.76952	-4.82955	-25.2525	43.4538	1.10324	17.8592
28.6065	19.5029	-47.6531	10.0085	0.0228889	4.82525
-3.77972	-6.77664	42.4436	33.05	19.6249	14.1436
15.1479	21.5629	-2.85501	14.5741	-6.23035	-3.29842
19.686	27.5445	-31.2159	35.7295	-42.4131	1.3282
-10.0909	-48.6633	-14.4185	-3.84686	-32.1619	-0.737123
-37.3592	38.4396	11.0492	1.37181	31.4753	13.6397
11.3453	-8.96481	-45.4405	24.7032	-23.4001	0.0701704
-49.4903	40.3043	-14.6687	10.1062	-3.02896	-4.09067
-19.509	-35.4884	-42.1171	43.9604	29.6838	17.8352
-36.9106	-26.1101	10.1337	40.3256	48.3764	-4.11484
32.2199	-4.86312	-2.2599	-38.2809	-33.1324	-3.37331
-27.2027	2.94046	-17.4551	42.169	-7.6281	16.2976
31.4478	-35.5647	6.97501	28.4204	46.1669	2.2919
8.93735	35.818	-30.0989	-7.45415	-7.35038	-3.70386
10.0543	-10.7807	-45.9624	13.3168	42.1903	-3.69403
-18.3004	-3.93231	-29.5801	-3.49284	16.2618	-4.0483
-23.4214	46.0265	9.10215	-12.1906	-48.6663	8.37347
1.40843	-39.5657	12.0258	-47.9522	-44.8424	9.2783
3.5844	-46.8352	-34.5058	-41.6746	1.26194	17.8549
25.4875	-8.27815	32.2901	-25.2464	-41.0703	17.2039
9.51415	-15.096	17.8945	-30.3034	27.1508	17.8309
-29.3451	-20.7877	26.3176	46.7132	10.3259	17.5976
-34.6461	-48.1414	19.924	35.8821	-31.0663	-4.08249
-47.0885	23.7693	-23.8121	-26.0826	15.9139	-4.08934
33.9381	49.1577	41.6623	-38.4823	24.2454	10.6301
-24.0379	30.7581	-2.40333	-29.8364	-17.0339	-0.711884
-46.2188	-38.5311	-15.4134	6.94143	24.0867	14.7853
-7.95465	-36.0866	-30.7337	-4.25886	22.4601	10.8749
-27.3461	34.6797	49.7955	33.8527	44.6013	6.42023
20.2139	29.9127	-39.1171	28.7347	-30.0287	15.7601
-19.4143	-10.3412	-41.998	-38.6563	-9.00754	4.22416
38.6502	-30.9534	-41.7142	-2.36671	-36.7702	-1.38383
-48.9563	-22.6981	48.9074	-25.4875	-48.2269	-2.09153
-18.2699	-15.2944	13.0238	19.042	-29.986	6.42695
34.1823	-32.0917	5.56505	-26.5099	-15.1936	17.2578
-17.7236	15.4775	29.4183	25.8415	35.2809	-3.0638
20.5557	44.7966	19.3319	41.5922	24.2759	-2.99777
16.6494	1.79907	-41.1069	1.88452	24.3706	3.71033
-30.3125	43.994	-5.45518	-40.2463	-48.2513	4.14681
48.1841	-14.2903	10.3778	21.456	-7.47856	-2.05647
37.8689	-38.113	-47.4364	13.5701	17.7297	-1.31589
34.8903	-28.9941	20.3085	-11.9495	22.0145	1.00234
6.16321	-47.2137	-5.82751	40.8231	-5.33311	-1.56417
-16.8416	23.4001	-31.8812	39.9228	49.7253	11.5619
-34.6461	-28.6035	-19.6554	-35.3877	-48.5321	-4.08249
2.90689	-30.4346	-14.272	1.65563	-27.8985	5.86012
21.6666	-6.45009	-43.646	-38.0001	24.5476	16.7915
-36.5352	22.0634	5.12864	-25.3716	-25.7622	17.4274
8.43684	-15.3493	35.9401	43.2188	-14.8366	17.6482
-23.6686	-23.2597	28.9361	36.6512	-3.06558	3.22623
-13.1642	-8.27509	42.6878	-25.3105	28.6493	17.3038
-47.0458	-36.7489	7.46635	25.2312	43.524	8.24575
-44.5067	24.2546	38.2931	-17.7511	1.09409	4.09376
15.5934	39.4131	-25.2495	-27.8954	48.587	17.8128
27.5353	-26.516	13.3808	32.0948	-4.13678	15.7498
-10.4999	-30.2759	47.7416	1.31382	-3.37687	17.7105
35.9279	12.3951	39.6329	18.6178	-42.2666	6.90096
-12.3066	-20.7266	39.993	-38.0551	2.26905	5.11536
-42.761	31.0633	43.7315	2.30567	-10.0909	17.2043
27.8802	-10.7074	-3.97198	2.06763	-42.291	16.943
-37.9757	7.77154	27.2088	-49.411	30.2454	0.859017
7.24052	-17.7572	27.6971	-35.3298	29.5862	9.22433
-30.221	7.0452	-16.2435	-48.0743	11.0309	11.6283
17.2414	-25.0267	41.9706	-37.4813	-40.1639	-0.0213914
-29.7693	44.2686	19.7256	10.9638	3.502	2.20348
19.8569	-39.2727	2.83059	28.7927	4.79598	3.9664
33.047	-24.2637	26.6106	3.31278	36.758	11.9554
41.232	-22.9728	-18.8864	7.02078	46.9939	11.7635
27.456	-25.4784	49.1577	-15.8467	33.2881	17.8046
-18.9138	29.3786	27.5597	-0.492874	47.2167	3.8577
-25.692	49.7192	1.41758	18.5507	-17.5649	4.80256
-1.01779	12.566	-31.3715	0.572222	-17.3849	9.39017
18.0502	-28.4906	-31.4966	45.3703	41.2778	15.8323
33.9686	-15.0807	-15.8101	-37.6522	-47.1465	0.271795
-2.24158	-10.3015	-43.8536	13.3442	-27.9168	17.534
-44.9797	28.2922	-6.45619	38.641	42.6634	12.895
-22.9362	-8.75729	-23.8121	49.9908	-40.5698	7.75742
38.3206	30.7489	-36.0164	-10.6922	18.4744	13.3742
24.8985	45.8708	46.1547	-46.0875	-39.7763	-4.0971
36.2545	22.0634	-23.3909	-33.9442	21.3981	15.3876
-14.5558	49.7406	-2.3545	-48.7548	-10.5609	2.24066
-45.0438	36.8282	49.8535	3.1724	11.1042	16.3057
-1.58238	8.76949	-6.00452	40.0021	-4.67086	-3.37618
4.13678	38.8302	44.9156	-34.3379	27.9687	-3.79257
-7.26798	17.3635	14.7847	-25.6432	-7.18558	8.52183
37.8658	-24.3889	-28.8324	25.634	-13.7532	5.0297
40.1547	-2.11341	36.1904	27.1569	-34.5088	15.7191
-19.8019	6.65761	-13.6036	7.28324	1.96692	5.32137
-17.0492	-16.3045	-16.0756	25.222	-22.7226	-3.89669
37.5546	24.5354	-41.2351	24.7948	7.78985	14.0681
3.80413	-33.9412	22.4784	-8.60469	16.9362	0.580012
-47.0367	28.3746	37.3592	-2.29957	26.0216	12.2059
49.2798	-3.9903	32.8211	-38.1649	-4.92721	-1.36615
-31.3684	-24.2576	-21.7612	27.749	-27.1722	15.3965
12.9627	47.821	-16.7196	-10.6342	-13.9912	-1.57991
44.4823	-5.48265	6.09302	22.2221	-36.3948	13.4587
-6.87124	24.5262	-22.573	6.49892	18.804	3.11971
44.7996	43.6827	-30.2942	13.7898	-5.49791	2.74886
25.1488	29.8395	30.9168	17.1529	35.2931	-3.44595
-35.4671	33.2179	-14.1896	18.4561	0.175481	-3.97087
13.2771	-42.465	49.0112	26.986	10.4297	11.3495
34.2982	11.1408	-27.8588	-46.0631	45.938	3.41852
12.4409	-28.4845	10.2649	20.8365	34.405	3.39304
30.6665	-37.4111	-40.0876	-27.0287	15.7186	9.27392
0.648518	-20.4581	-27.7642	-35.229	49.0844	2.57429
39.0591	4.42671	-39.6023	12.3615	18.4622	0.447021
-0.679037	-46.0601	-35.5556	-38.0703	-23.809	-0.156488
-17.8396	-38.699	-47.2167	-18.5873	-33.0805	17.8444
4.39314	35.5251	-15.1387	38.4762	33.2606	-3.28986
-49.4507	38.2351	-26.9524	-24.6544	-2.78176	1.40615
48.3917	-14.7359	31.167	-9.16318	-31.1304	12.475
-33.8984	22.9453	29.2261	-37.289	6.98111	-0.577661
-15.1265	34.4813	39.6542	0.599689	23.0735	1.23762
-14.452	20.8975	-40.8261	23.4214	7.26188	1.63822
34.5454	40.6552	35.3603	31.4295	-5.21104	-2.38777
23.5923	9.78881	-4.37178	-31.9514	21.279	8.09578
19.2068	-4.68612	-20.8609	-24.2668	38.1771	13.6845
-45.1201	-39.4131	22.2312	12.2944	33.2911	-0.906036
-1.74108	-35.0612	-6.24866	29.8883	-23.6137	16.7279
-45.6664	-28.3929	6.05029	-24.8527	6.97501	10.1372
-25.0633	-11.7237	23.8823	-41.6929	-23.0583	-4.10916
-31.6614	-36.8618	-10.9027	-21.8345	-33.8496	-1.62013
18.5995	16.097	-3.06864	-29.0826	40.051	16.9803
-12.3646	45.1415	26.2871	8.5406	-25.3136	11.3288
17.5436	-24.9992	-35.1985	-1.92419	-27.3949	13.2119
28.8293	-37.9086	-17.5466	33.1172	-20.7785	-3.60437
-3.4196	-22.3624	-15.3768	14.507	18.3981	17.8313
37.9788	-0.132756	-40.9238	-23.5374	0.346385	13.4803
-32.6868	0.328074	0.25483	-48.6267	-48.1017	5.97265
18.8864	-28.4295	24.6086	-33.8557	-12.2089	12.5238
-10.4877	18.1234	-20.2689	-43.7559	-18.3004	-1.45409
-26.693	45.6908	-16.4266	-35.049	5.39415	7.65325
-28.6981	38.9767	8.46431	26.3665	11.8793	6.71015
32.7509	2.68105	-49.1241	15.4897	-5.42161	15.5399
-13.0665	25.8202	-3.20597	-35.5098	39.0225	17.0655
-25.8873	-31.872	12.1876	-20.2109	-6.58132	5.67299
5.90686	-49.7436	-4.08795	0.318918	-19.4723	13.1887
-42.9777	33.9442	-39.3216	27.8619	-25.4814	-1.74384
-31.2189	-3.28837	-9.52025	-2.65358	-0.309763	-3.03617
11.4795	6.73086	17.9403	-23.0491	21.3462	5.53804
-24.221	43.9146	12.3493	37.1273	-23.217	1.33039
-46.9024	-23.4764	-15.566	-29.7571	1.92114	11.6698
36.404	3.94757	-40.2432	-47.3205	35.7723	-3.10252
22.1793	42.2208	35.4671	-27.8649	33.3552	-1.23739
24.6208	10.1856	-26.9799	-16.9057	35.6014	7.33776
44.5006	24.7734	-5.57115	9.82238	-26.8761	17.7644
-42.9411	26.8517	-26.6503	-45.7274	36.1324	3.92724
8.99838	8.08893	-11.2629	-29.986	35.5831	-2.06919
23.5099	17.3086	-21.2577	-30.7855	13.6647	-3.7826
-37.8292	32.7448	37.7285	27.7215	27.8253	11.2567
12.5172	-32.3664	32.0826	27.2179	-7.27103	4.40653
44.3541	-7.76849	48.7152	3.85907	39.7946	13.5066
-47.5646	29.4824	-25.5303	-2.01575	41.4212	0.207444
-49.0204	7.32597	19.2892	-17.8579	22.1091	0.755217
-7.63421	33.932	33.8069	-34.2982	9.7644	17.7489
5.35447	44.2106	-26.0308	26.1162	-45.8831	0.288053
40.5728	48.4863	36.9472	42.935	36.99	-0.430627
-9.6118	-41.3999	13.4175	-13.4297	-43.5972	11.3799
22.7103	15.273	-43.5362	46.3134	-23.7205	14.077
18.4591	-46.1547	37.4722	40.6095	48.9837	-3.63916
-19.0023	32.049	32.0856	38.9767	47.647	-4.09231
32.577	-1.95471	31.6279	18.6056	11.4429	-2.14099
-29.2077	31.637	24.9413	-10.0513	-7.09403	-1.03465
41.7997	16.7135	-7.41142	16.9454	-23.6534	4.34005
-14.5589	-7.89056	32.7204	-8.31172	34.4386	16.2829
11.0462	25.2098	25.1152	25.1061	-4.68307	17.0167
16.277	-17.8182	-22.6615	25.5181	-6.70949	1.82027
-36.6604	-47.8423	-18.4744	-22.2129	-29.577	-4.12998
-5.31175	26.0735	37.3104	-16.3259	-34.3867	-3.65155
22.8477	-6.48671	49.8962	39.2453	-45.1567	14.3215
29.7021	-27.6666	-3.71258	-41.5159	-49.0967	-1.23011
42.996	-10.4999	39.23	-0.398267	7.92108	-2.52347
10.2985	-15.7949	-19.747	6.12354	34.4661	12.1946
37.5942	-4.26191	-27.2271	-24.8955	-45.7244	-4.12919
48.8281	47.2594	20.925	-2.52235	11.8213	2.19233
-23.2292	-11.9892	-4.06659	17.4978	-43.9848	15.0074
-36.8007	26.2963	-25.5669	-6.32191	-32.8211	2.3864
36.3247	-40.0937	46.2645	15.4286	-25.4601	9.29636
-6.57216	9.96887	5.1561	41.9614	44.0886	0.419145
11.1621	6.31275	31.4905	-25.1976	-13.8569	3.47453
-15.1326	-29.3237	-23.3909	-9.23643	36.3979	-4.09627
33.3979	-3.88958	30.575	-41.8332	36.0897	-2.41311
9.22117	-47.9125	37.8292	-15.7826	44.3327	8.40272
-14.1774	-13.1825	-15.4683	7.99127	-18.3035	17.6353
-3.37687	-11.214	16.2801	27.4712	46.0265	2.81479
-15.4836	-15.0533	-9.22422	37.4386	-1.46641	-2.46091
-18.5141	-24.5537	-9.54161	28.7042	-7.78069	0.0829367
32.7082	-29.1833	-30.3034	7.58232	17.861	15.4581
-17.2506	48.3215	-21.3309	33.1507	2.99234	17.4794
34.0022	48.2086	47.3205	-15.4805	40.1456	-4.12942
9.05332	32.6228	8.10724	-18.1143	-6.61794	13.3203
9.7705	9.89257	5.94958	45.6389	41.5769	5.50594
-36.9869	-41.8119	-17.5893	-34.1914	41.5098	17.0673
4.44807	-7.64336	7.97296	44.528	-29.6381	5.59907
-20.7297	-35.464	9.04721	15.7521	1.45421	2.32987
-2.63222	-10.8142	9.17234	10.4968	29.8608	17.8263
30.2332	18.3279	42.6054	-14.5161	15.5293	2.30046
-18.1051	-34.4264	-40.6705	14.3513	-21.5537	16.7943
34.5759	-36.7122	8.85495	-41.9645	-40.17	7.14511
35.4793	28.28	-47.8637	39.3582	-45.4253	-3.48231
-31.518	27.514	-40.1669	49.6338	24.9779	-4.1046
-0.358592	18.807	46.0417	17.5314	-28.6279	17.2644
-28.7347	38.2504	34.5271	12.3646	-46.2127	17.87
29.8608	-24.8344	44.995	-10.6738	31.7469	5.20559
17.6351	-47.6745	25.811	-41.2259	-8.61385	16.9777
-26.2169	11.623	15.8223	-18.3523	4.12458	17.8169
-38.8333	13.6525	44.2747	-38.6196	13.5548	14.0149
5.29649	-40.9238	39.3735	37.5942	-16.4144	17.6868
-0.233467	10.3748	-13.7959	30.4224	48.6023	17.8235
-6.33412	-46.6277	-41.5464	33.9167	-44.5219	-2.97505
36.7397	35.7295	18.5934	-43.9695	-40.9879	-3.20778
34.0144	17.6687	9.26084	-48.7152	-8.65963	7.7713
-26.87	-29.1253	-48.6297	29.4671	-35.8882	-4.10881
20.3391	20.336	16.8111	-19.4876	-47.5585	2.72003
30.2942	17.5466	38.2626	44.0733	26.6259	1.19548
17.4429	-35.7265	11.7695	17.748	-32.9157	7.77444
29.3023	25.7775	-4.47249	33.1233	-43.2951	13.9708
-3.87127	39.4894	-1.88757	-14.6229	-3.56914	7.59751
7.94855	-0.343333	14.861	40.994	-30.8283	13.799
49.4079	10.8356	-19.1305	-24.2851	22.5761	17.6732
-0.923185	34.4905	35.0215	-41.4121	26.0094	15.9821
18.4866	-20.5374	-36.5139	13.9973	-5.66576	15.9144
-11.0675	-45.291	-10.5243	-3.55693	-30.9656	17.3878
38.8943	12.0746	-42.6908	38.1527	-36.7	-1.33064
-17.1804	-4.62508	26.3573	31.5119	-40.4111	8.36177
-18.7979	39.4009	23.983	-42.0988	47.589	-0.553653
-9.15403	14.1224	-34.8201	-40.7407	-44.4945	1.1595
20.5161	46.6308	7.76238	47.29	-14.1285	1.50321
-29.165	47.1496	-25.4357	23.397	33.2118	17.7947
36.1538	-23.7663	21.1295	5.42467	2.39418	-2.61404
-8.44295	44.94	-11.0736	-5.69933	-33.108	-3.89583
30.7855	0.709555	36.3521	-47.4944	6.83157	2.58632
-30.5963	-46.765	-7.48772	36.1019	-30.1355	-3.06947
-21.3584	-38.8821	20.2353	-25.6371	14.1713	-4.10264
48.2849	-44.9705	48.4893	-45.88	47.9156	6.2126
-21.6483	-30.0958	41.7081	-48.2818	1.04831	4.80998
-1.89062	-27.6788	1.87231	-38.4945	-26.7449	8.67862
9.54466	5.55284	-5.53148	-27.7734	29.4092	-3.51303
-35.4305	-45.2818	0.0503555	-41.3236	23.1223	1.13117
-13.7074	44.7996	22.6371	-13.1642	-22.2007	-1.12258
-25.9178	-31.8934	16.2648	-5.47655	1.27415	-2.70109
-22.7103	47.8729	27.8985	-0.413526	38.0337	14.077
45.7121	-47.0122	-7.89056	-13.8386	36.8954	16.2672
34.6095	-4.01471	-14.4429	33.9656	-27.3125	16.6181
48.7732	-38.522	-2.69936	27.5353	-4.82345	16.9023
-47.1007	40.7071	15.6026	-37.7346	-0.630207	17.7653
33.2728	16.3747	1.2772	28.0938	0.669881	-2.54839
-18.9718	24.1447	-43.1822	-21.0501	-16.5181	-3.89802
12.8986	-21.8192	24.0501	4.42061	30.0256	-1.92684
41.11	30.0531	-11.0218	7.92413	-5.0737	-4.08435
-40.6217	-31.3135	45.6084	11.7847	38.0215	-3.58791
-11.7115	-9.25474	-46.9817	18.9199	28.0541	-1.59452
35.1863	-4.89669	-33.3399	-37.7499	2.06458	16.94
-19.2282	-33.4376	44.3663	-47.3357	10.9882	-1.10841
11.2995	-40.3134	-8.87631	43.3317	-31.7896	15.8709
35.931	-4.91806	12.4744	-19.6127	-47.5311	0.370572
-49.5056	38.3602	4.67086	38.8424	18.6148	-3.01396
37.6736	39.6847	3.11441	13.3473	4.27412	-3.53392
47.0489	-19.2007	17.098	-25.7866	18.865	16.1899
44.8546	13.1886	40.9207	-5.36973	-32.5404	-0.878444
-36.9655	36.2117	-19.3228	-25.7958	6.15406	8.11129
42.7824	-24.7154	-18.7643	11.1377	-46.2981	13.741
-47.4212	-43.9329	-44.2381	44.6928	8.34529	9.38226
-7.35649	-35.696	-25.3838	20.8762	41.2839	15.3447
-19.8111	-19.9728	29.9982	-15.8742	2.16224	14.5826
-20.7938	-12.6331	-3.27616	-37.9818	-48.5778	2.37355
-18.8131	-13.6219	-27.9229	7.02689	-11.5192	17.8675
47.8668	20.5191	13.9607	-42.0072	27.1783	2.83089
42.6664	-3.63323	-23.0796	33.8771	46.408	16.1202
-29.1253	24.5231	-7.28019	19.8111	36.2178	0.0650292
-34.2036	-24.8253	-0.886563	-18.2302	-11.6993	12.301
